# GAP 4.16.0; TransGrp 3.6.5
degree	index	id	order	stabilizer_order	regular	gap_name	structure_description
2	1	2T1	2	1	true	S2	C2
3	1	3T1	3	1	true	A3	C3
3	2	3T2	6	2	false	S3	S3
4	1	4T1	4	1	true	C(4) = 4	C4
4	2	4T2	4	1	true	E(4) = 2[x]2	C2 x C2
4	3	4T3	8	2	false	D(4)	D8
4	4	4T4	12	3	false	A4	A4
4	5	4T5	24	6	false	S4	S4
5	1	5T1	5	1	true	C(5) = 5	C5
5	2	5T2	10	2	false	D(5) = 5:2	D10
5	3	5T3	20	4	false	F(5) = 5:4	C5 : C4
5	4	5T4	60	12	false	A5	A5
5	5	5T5	120	24	false	S5	S5
6	1	6T1	6	1	true	C(6) = 6 = 3[x]2	C6
6	2	6T2	6	1	true	D_6(6) = [3]2	S3
6	3	6T3	12	2	false	D(6) = S(3)[x]2	D12
6	4	6T4	12	2	false	A_4(6) = [2^2]3	A4
6	5	6T5	18	3	false	F_18(6) = [3^2]2 = 3 wr 2	C3 x S3
6	6	6T6	24	4	false	2A_4(6) = [2^3]3 = 2 wr 3	C2 x A4
6	7	6T7	24	4	false	S_4(6d) = [2^2]S(3)	S4
6	8	6T8	24	4	false	S_4(6c) = 1/2[2^3]S(3)	S4
6	9	6T9	36	6	false	F_18(6):2 = [1/2.S(3)^2]2	S3 x S3
6	10	6T10	36	6	false	F_36(6) = 1/2[S(3)^2]2	(C3 x C3) : C4
6	11	6T11	48	8	false	2S_4(6) = [2^3]S(3) = 2 wr S(3)	C2 x S4
6	12	6T12	60	10	false	L(6) = PSL(2,5) = A_5(6)	A5
6	13	6T13	72	12	false	F_36(6):2 = [S(3)^2]2 = S(3) wr 2	(S3 x S3) : C2
6	14	6T14	120	20	false	L(6):2 = PGL(2,5) = S_5(6)	S5
6	15	6T15	360	60	false	A6	A6
6	16	6T16	720	120	false	S6	S6
7	1	7T1	7	1	true	C(7) = 7	C7
7	2	7T2	14	2	false	D(7) = 7:2	D14
7	3	7T3	21	3	false	F_21(7) = 7:3	C7 : C3
7	4	7T4	42	6	false	F_42(7) = 7:6	C7 : C6
7	5	7T5	168	24	false	L(7) = L(3,2)	PSL(3,2)
7	6	7T6	2520	360	false	A7	A7
7	7	7T7	5040	720	false	S7	S7
8	1	8T1	8	1	true	C(8)=8	C8
8	2	8T2	8	1	true	4[x]2	C4 x C2
8	3	8T3	8	1	true	E(8)=2[x]2[x]2	C2 x C2 x C2
8	4	8T4	8	1	true	D_8(8)=[4]2	D8
8	5	8T5	8	1	true	Q_8(8)	Q8
8	6	8T6	16	2	false	D(8)	D16
8	7	8T7	16	2	false	1/2[2^3]4	C8 : C2
8	8	8T8	16	2	false	2D_8(8)=[D(4)]2	QD16
8	9	8T9	16	2	false	E(8):2=D(4)[x]2	C2 x D8
8	10	8T10	16	2	false	[2^2]4	(C4 x C2) : C2
8	11	8T11	16	2	false	1/2[2^3]E(4)=Q_8:2	(C4 x C2) : C2
8	12	8T12	24	3	false	2A_4(8)=[2]A(4)=SL(2,3)	SL(2,3)
8	13	8T13	24	3	false	E(8):3=A(4)[x]2	C2 x A4
8	14	8T14	24	3	false	S(4)[1/2]2=1/2(S_4[x]2)	S4
8	15	8T15	32	4	false	[1/4.cD(4)^2]2	C8 : (C2 x C2)
8	16	8T16	32	4	false	1/2[2^4]4	(C8 : C2) : C2
8	17	8T17	32	4	false	[4^2]2	(C4 x C4) : C2
8	18	8T18	32	4	false	E(8):E_4=[2^2]D(4)	(C2 x C2 x C2 x C2) : C2
8	19	8T19	32	4	false	E(8):4=[1/4.eD(4)^2]2	(C2 x C2 x C2) : C4
8	20	8T20	32	4	false	[2^3]4	(C2 x C2 x C2) : C4
8	21	8T21	32	4	false	1/2[2^4]E(4)=[1/4.dD(4)^2]2	(C2 x C2 x C2) : C4
8	22	8T22	32	4	false	E(8):D_4=[2^3]2^2	(C2 x C2 x C2) : (C2 x C2)
8	23	8T23	48	6	false	2S_4(8)=GL(2,3)	GL(2,3)
8	24	8T24	48	6	false	E(8):D_6=S(4)[x]2	C2 x S4
8	25	8T25	56	7	false	E(8):7=F_56(8)	(C2 x C2 x C2) : C7
8	26	8T26	64	8	false	1/2[2^4]eD(4)	Q8 : D8
8	27	8T27	64	8	false	[2^4]4	((C4 x C2) : C2) : C4
8	28	8T28	64	8	false	1/2[2^4]dD(4)	((C4 x C2) : C2) : C4
8	29	8T29	64	8	false	E(8):D_8=[2^3]D(4)	(C2 x C2 x C2) : D8
8	30	8T30	64	8	false	1/2[2^4]cD(4)	(C4 x C4) : C4
8	31	8T31	64	8	false	[2^4]E(4)	(C4 x C2) : D8
8	32	8T32	96	12	false	[2^3]A(4)	((C2 x C2 x C2) : (C2 x C2)) : C3
8	33	8T33	96	12	false	E(8):A_4=[1/3.A(4)^2]2=E(4):6	((C2 x C2 x C2 x C2) : C2) : C3
8	34	8T34	96	12	false	1/2[E(4)^2:S_3]2=E(4)^2:D_6	(C2 x C2) : S4
8	35	8T35	128	16	false	[2^4]D(4)	(C2 x D8) : D8
8	36	8T36	168	21	false	E(8):F_21	(C2 x C2 x C2) : (C7 : C3)
8	37	8T37	168	21	false	L(8)=PSL(2,7)	PSL(3,2)
8	38	8T38	192	24	false	[2^4]A(4)	((C4 x C2) : D8) : C3
8	39	8T39	192	24	false	[2^3]S(4)	(C2 x C2 x C2) : S4
8	40	8T40	192	24	false	1/2[2^4]S(4)	Q8 : S4
8	41	8T41	192	24	false	E(8):S_4=[E(4)^2:S_3]2=E(4)^2:D_12	(C2 x C2 x C2 x C2) : D12
8	42	8T42	288	36	false	[A(4)^2]2	(C2 x C2 x C2 x C2) : (C3 x S3)
8	43	8T43	336	42	false	L(8):2=PGL(2,7)	PSL(3,2) : C2
8	44	8T44	384	48	false	[2^4]S(4)	((C2 x C2 x C2) : (C2 x C2)) : D12
8	45	8T45	576	72	false	[1/2.S(4)^2]2	(C2 x C2 x C2 x C2) : (S3 x S3)
8	46	8T46	576	72	false	1/2[S(4)^2]2	(C2 x C2 x C2 x C2) : ((C3 x C3) : C4)
8	47	8T47	1152	144	false	[S(4)^2]2	(C2 x C2 x C2 x C2) : ((S3 x S3) : C2)
8	48	8T48	1344	168	false	E(8):L_7=AL(8)	(C2 x C2 x C2) : PSL(3,2)
8	49	8T49	20160	2520	false	A8	A8
8	50	8T50	40320	5040	false	S8	S8
9	1	9T1	9	1	true	C(9)=9	C9
9	2	9T2	9	1	true	E(9)=3[x]3	C3 x C3
9	3	9T3	18	2	false	D(9)=9:2	D18
9	4	9T4	18	2	false	S(3)[x]3	C3 x S3
9	5	9T5	18	2	false	S(3)[1/2]S(3)=3^2:2	(C3 x C3) : C2
9	6	9T6	27	3	false	1/3[3^3]3	C9 : C3
9	7	9T7	27	3	false	E(9):3=[3^2]3	(C3 x C3) : C3
9	8	9T8	36	4	false	S(3)[x]S(3)=E(9):D_4	S3 x S3
9	9	9T9	36	4	false	E(9):4	(C3 x C3) : C4
9	10	9T10	54	6	false	[3^2]S(3)_6	C9 : C6
9	11	9T11	54	6	false	E(9):6=1/2[3^2:2]S(3)	(C3 x C3) : C6
9	12	9T12	54	6	false	[3^2]S(3)	((C3 x C3) : C3) : C2
9	13	9T13	54	6	false	E(9):D_6=[3^2:2]3=[1/2.S(3)^2]3	(C3 x C3) : C6
9	14	9T14	72	8	false	M(9)=E(9):Q_8	(C3 x C3) : Q8
9	15	9T15	72	8	false	E(9):8	(C3 x C3) : C8
9	16	9T16	72	8	false	E(9):D_8	(S3 x S3) : C2
9	17	9T17	81	9	false	[3^3]3=3wr3	(C3 x C3 x C3) : C3
9	18	9T18	108	12	false	E(9):D_12=[3^2:2]S(3)=[1/2.S(3)^2]S(3)	((C3 x C3) : C3) : (C2 x C2)
9	19	9T19	144	16	false	E(9):2D_8	(C3 x C3) : QD16
9	20	9T20	162	18	false	[3^3]S(3)=3wrS(3)	((C3 x C3 x C3) : C3) : C2
9	21	9T21	162	18	false	1/2.[3^3:2]S(3)	((C3 x C3 x C3) : C3) : C2
9	22	9T22	162	18	false	[3^3:2]3	((C3 x C3 x C3) : C3) : C2
9	23	9T23	216	24	false	E(9):2A_4	(C3 x C3) : SL(2,3)
9	24	9T24	324	36	false	[3^3:2]S(3)	((C3 x C3 x C3) : C3) : (C2 x C2)
9	25	9T25	324	36	false	[1/2.S(3)^3]3	(C3 x C3 x C3) : A4
9	26	9T26	432	48	false	E(9):2S_4	(C3 x C3) : GL(2,3)
9	27	9T27	504	56	false	L(9)=PSL(2,8)	PSL(2,8)
9	28	9T28	648	72	false	[S(3)^3]3=S(3)wr3	(C3 x C3 x C3) : (C2 x A4)
9	29	9T29	648	72	false	[1/2.S(3)^3]S(3)	(C3 x C3 x C3) : S4
9	30	9T30	648	72	false	1/2[S(3)^3]S(3)	(C3 x C3 x C3) : S4
9	31	9T31	1296	144	false	[S(3)^3]S(3)=S(3)wrS(3)	(C3 x C3 x C3) : (C2 x S4)
9	32	9T32	1512	168	false	L(9):3=P|L(2,8)	PSL(2,8) : C3
9	33	9T33	181440	20160	false	A9	A9
9	34	9T34	362880	40320	false	S9	S9
10	1	10T1	10	1	true	C(10)=5[x]2	C10
10	2	10T2	10	1	true	D(10)=5:2	D10
10	3	10T3	20	2	false	D_10(10)=[D(5)]2	D20
10	4	10T4	20	2	false	1/2[F(5)]2	C5 : C4
10	5	10T5	40	4	false	F(5)[x]2	C2 x (C5 : C4)
10	6	10T6	50	5	false	[5^2]2	C5 x D10
10	7	10T7	60	6	false	A_5(10)	A5
10	8	10T8	80	8	false	[2^4]5	(C2 x C2 x C2 x C2) : C5
10	9	10T9	100	10	false	[1/2.D(5)^2]2	D10 x D10
10	10	10T10	100	10	false	1/2[D(5)^2]2	(C5 x C5) : C4
10	11	10T11	120	12	false	A(5)[x]2	C2 x A5
10	12	10T12	120	12	false	1/2[S(5)]2=S_5(10a)	S5
10	13	10T13	120	12	false	S_5(10d)	S5
10	14	10T14	160	16	false	[2^5]5	C2 x ((C2 x C2 x C2 x C2) : C5)
10	15	10T15	160	16	false	[2^4]D(5)	(C2 x C2 x C2 x C2) : D10
10	16	10T16	160	16	false	1/2[2^5]D(5)	(C2 x C2 x C2 x C2) : D10
10	17	10T17	200	20	false	[5^2:4]2	(C5 x C5) : (C4 x C2)
10	18	10T18	200	20	false	[5^2:4]2_2	(C5 x C5) : C8
10	19	10T19	200	20	false	[5^2:4_2]2	(C5 x C5) : D8
10	20	10T20	200	20	false	[5^2:4_2]2_2	(C5 x C5) : Q8
10	21	10T21	200	20	false	[D(5)^2]2	(C5 x C5) : D8
10	22	10T22	240	24	false	S(5)[x]2	C2 x S5
10	23	10T23	320	32	false	[2^5]D(5)	C2 x ((C2 x C2 x C2 x C2) : D10)
10	24	10T24	320	32	false	[2^4]F(5)	(C2 x C2 x C2 x C2) : (C5 : C4)
10	25	10T25	320	32	false	1/2[2^5]F(5)	(C2 x C2 x C2 x C2) : (C5 : C4)
10	26	10T26	360	36	false	L(10)=PSL(2,9)	A6
10	27	10T27	400	40	false	[1/2.F(5)^2]2	(C5 x C5) : ((C4 x C2) : C2)
10	28	10T28	400	40	false	1/2[F(5)^2]2	(C5 x C5) : (C8 : C2)
10	29	10T29	640	64	false	[2^5]F(5)	C2 x ((C2 x C2 x C2 x C2) : (C5 : C4))
10	30	10T30	720	72	false	L(10):2=PGL(2,9)	A6 : C2
10	31	10T31	720	72	false	M(10)=L(10)'2	A6 . C2
10	32	10T32	720	72	false	S_6(10)=L(10):2	S6
10	33	10T33	800	80	false	[F(5)^2]2	(C5 x C5) : ((C4 x C4) : C2)
10	34	10T34	960	96	false	[2^4]A(5)	(C2 x C2 x C2 x C2) : A5
10	35	10T35	1440	144	false	L(10).2^2=P|L(2,9)	(A6 . C2) : C2
10	36	10T36	1920	192	false	[2^5]A(5)	C2 x ((C2 x C2 x C2 x C2) : A5)
10	37	10T37	1920	192	false	[2^4]S(5)	(C2 x C2 x C2 x C2) : S5
10	38	10T38	1920	192	false	1/2[2^5]S(5)	(C2 x C2 x C2 x C2) : S5
10	39	10T39	3840	384	false	[2^5]S(5)	C2 x ((C2 x C2 x C2 x C2) : S5)
10	40	10T40	7200	720	false	[A(5)^2]2	(A5 x A5) : C2
10	41	10T41	14400	1440	false	[1/2.S(5)^2]2=[A(5):2]2	(A5 x A5) : (C2 x C2)
10	42	10T42	14400	1440	false	1/2[S(5)^2]2	(A5 x A5) : C4
10	43	10T43	28800	2880	false	[S(5)^2]2	(A5 x A5) : D8
10	44	10T44	1814400	181440	false	A10	A10
10	45	10T45	3628800	362880	false	S10	S10
