timestamp,source_hash,experiment_family,parameter_configuration,random_seed,cpu_gpu,runtime_seconds,number_of_evaluations,best_objective,graph_edge_count,degree_sequence_summary,verifier_status,artifact_path
2026-07-23T16:22:56Z,1c085fdcd2fcf3c9f7aa0bbc792c06eeaa392a7df3461907135b84920e1cd839,random_min_conflicts,"n=43;steps=20000;restarts=4;tabu=7;random_walk=0.03",20260723,"Apple M1 Pro 10-core CPU; GPU unused",7.000013,778643,231,456,"19^2 20^8 21^14 22^17 23^2","Python exact C5=127 I5=104; C++ finds both forbidden types; INVALID",results/best_candidates/baseline_seed_20260723.g6
2026-07-23T16:24:18Z,1c085fdcd2fcf3c9f7aa0bbc792c06eeaa392a7df3461907135b84920e1cd839,exoo42_seeded_min_conflicts,"n=43;steps=50000;restarts=4;tabu=11;random_walk=0.02;seed_graph=data/exoo42_constructed.g6",20260724,"Apple M1 Pro 10-core CPU; GPU unused",17.641678,1963226,2,454,"20^14 21^10 22^19","Python exact C5=0 I5=2; C++ finds I5; adversarial audit PASS; INVALID",results/best_candidates/exoo_seed_20260724.canonical.json
2026-07-23T16:28:37Z,1c085fdcd2fcf3c9f7aa0bbc792c06eeaa392a7df3461907135b84920e1cd839,breakout_weighted_min_conflicts,"n=43;steps=50000;restarts=4;tabu=17;random_walk=0.01;breakout_interval=250;initial_perturbation=8;seed_graph=E2 candidate",20260725,"Apple M1 Pro 10-core CPU; GPU unused",31.718875,1982387,2,454,"20^14 21^10 22^19","Same SHA-256 as prior E=2 candidate; no improvement; INVALID",results/best_candidates/breakout_seed_20260725.g6
2026-07-23T16:31:00Z,1c085fdcd2fcf3c9f7aa0bbc792c06eeaa392a7df3461907135b84920e1cd839,reproduction_exoo42_seeded,"same configuration as exoo42_seeded_min_conflicts using current source",20260724,"Apple M1 Pro 10-core CPU; GPU unused",17.538607,1963226,2,454,"20^14 21^10 22^19","Byte-identical graph6 SHA-256 f5adf13e...; INVALID",results/best_candidates/exoo_seed_20260724_reproduction.g6
2026-07-23T16:34:00Z,ee1995e2aad0cd824a30eef06a70f2127929d07e911e628db9557c6359d0df0b,fixed_core_one_vertex_extension_sat,"42 variables; 2318 clauses; deterministic DPLL; time_limit=60s",none,"Apple M1 Pro 10-core CPU; one core used; GPU unused",0.131051,39,UNSAT,435,"base 19^4 20^12 21^18 22^8","CERTIFIED fixed-core UNSAT; two checked exhaustive tree proofs",certificates/exoo42_extension_sat.report.md
2026-07-23T16:44:00Z,2f0a1fba656b7550124f2a213a046c5ace42742d4d8e3c36967eefabe16e3674,exhaustive_hamming_radius_2,"all one- and two-edge changes around E=2 candidate",0,"Apple M1 Pro 10-core CPU; one core used; GPU unused",2.939512,408156,2,454,"20^14 21^10 22^19","No improving radius-2 graph; retained candidate full recount C5=0 I5=2; INVALID",results/best_candidates/exoo_seed_20260724_radius2_best.g6
2026-07-23T16:51:00Z,28b1e64ac5200ba67c687336a7c1c5bcb131c64ba36cb2135ef626265715297f,all_exoo42_k1_core_replacements,"42 labeled deletions; 83 variables each; 6652-6702 clauses; 60s per-instance cap",none,"Apple M1 Pro 10-core CPU; one core used; GPU unused",84.181127,104058,UNSAT_ALL_42,435,"fixed cores obtained by each vertex deletion","CERTIFIED: 42/42 UNSAT; independent checker valid=true; no symmetry assumptions",certificates/core_completion_all42/core_completion_check_summary.json
2026-07-23T17:11:05Z,4df7613c6544c34b72e4cb1c303451de1feac3400b31249a8c45c48187719ae5,exoo42_k2_core_benchmark,"delete original vertices 0,1; fixed 40-core; add 3 vertices; 123 variables; 13338 clauses; 60s cap",none,"Apple M1 Pro 10-core CPU; one core used; GPU unused",25.195826,19734,UNSAT_FIXED_CORE,435,"fixed core obtained by deleting vertices 0 and 1","CERTIFIED fixed-core UNSAT; proof valid=true; independent formula reconstruction exact",certificates/core_completion_k2_delete_00_01.report.md
2026-07-23T17:18:00Z,b1e4c1b5af23bf4b642dcc02562b001d80db5e6f93c5201d1f15d85689caa61a,residual_lns_19_edges,"base E=2 candidate; 15 edges induced by residual six plus 4 changed core edges; 19 variables; 356 clauses; 60s cap",none,"Apple M1 Pro 10-core CPU; one core used; GPU unused",0.000292,17,UNSAT_FIXED_BOUNDARY,454,"20^14 21^10 22^19","CERTIFIED fixed-boundary UNSAT; 17-record proof valid; independent CNF reconstruction exact",certificates/residual_lns_report.md
2026-07-23T17:19:00Z,b1e4c1b5af23bf4b642dcc02562b001d80db5e6f93c5201d1f15d85689caa61a,residual_lns_66_edges,"base E=2 candidate; all 66 edges induced by 12 implicated vertices; 66 variables; 4868 clauses; 60s cap",none,"Apple M1 Pro 10-core CPU; one core used; GPU unused",0.011881,47,UNSAT_FIXED_BOUNDARY,454,"20^14 21^10 22^19","CERTIFIED fixed-boundary UNSAT; 47-record proof valid; independent CNF reconstruction exact",certificates/residual_lns_report.md
2026-07-23T17:31:39Z,2f0a1fba656b7550124f2a213a046c5ace42742d4d8e3c36967eefabe16e3674,evidence_audit_random_min_conflicts,"n=43;steps=20000;restarts=4;tabu=7;random_walk=0.03",20260723,"Apple M1 Pro 10-core CPU; GPU unused",6.910341,778643,231,456,"19^2 20^8 21^14 22^17 23^2","Python exact C5=127 I5=104; C++ finds both forbidden types; byte-identical historical; INVALID",results/reproductions/search43_2f0a1fba656b7550124f2a213a046c5ace42742d4d8e3c36967eefabe16e3674/audit_20260723T172718Z/graphs/random_baseline_seed_20260723.g6
2026-07-23T17:31:39Z,2f0a1fba656b7550124f2a213a046c5ace42742d4d8e3c36967eefabe16e3674,evidence_audit_exoo42_seeded,"n=43;steps=50000;restarts=4;tabu=11;random_walk=0.02;seed_graph=data/exoo42_constructed.g6",20260724,"Apple M1 Pro 10-core CPU; GPU unused",18.044384,1963226,2,454,"20^14 21^10 22^19","Python exact C5=0 I5=2; C++ finds I5; byte-identical historical; INVALID",results/reproductions/search43_2f0a1fba656b7550124f2a213a046c5ace42742d4d8e3c36967eefabe16e3674/audit_20260723T172718Z/graphs/exoo_seeded_seed_20260724.g6
2026-07-23T17:31:39Z,2f0a1fba656b7550124f2a213a046c5ace42742d4d8e3c36967eefabe16e3674,evidence_audit_breakout_weighted,"n=43;steps=50000;restarts=4;tabu=17;random_walk=0.01;breakout_interval=250;initial_perturbation=8;seed_graph=E2 candidate",20260725,"Apple M1 Pro 10-core CPU; GPU unused",31.636565,1982387,2,454,"20^14 21^10 22^19","Python exact C5=0 I5=2; C++ finds I5; 796 penalty updates; byte-identical historical; INVALID",results/reproductions/search43_2f0a1fba656b7550124f2a213a046c5ace42742d4d8e3c36967eefabe16e3674/audit_20260723T172718Z/graphs/breakout_seed_20260725.g6
2026-07-23T17:31:39Z,2f0a1fba656b7550124f2a213a046c5ace42742d4d8e3c36967eefabe16e3674,evidence_audit_seeded_reproduction,"n=43;steps=50000;restarts=4;tabu=11;random_walk=0.02;seed_graph=data/exoo42_constructed.g6",20260724,"Apple M1 Pro 10-core CPU; GPU unused",17.372721,1963226,2,454,"20^14 21^10 22^19","Python exact C5=0 I5=2; C++ finds I5; byte-identical historical; INVALID",results/reproductions/search43_2f0a1fba656b7550124f2a213a046c5ace42742d4d8e3c36967eefabe16e3674/audit_20260723T172718Z/graphs/exoo_seeded_reproduction_seed_20260724.g6
2026-07-23T17:32:00Z,b1e4c1b5af23bf4b642dcc02562b001d80db5e6f93c5201d1f15d85689caa61a,residual_lns_80_cycle_cut_edges,"base E=2 candidate; 66 induced edges plus 14 observed-cycle boundary edges; 80 variables; 5408 clauses; 60s cap",none,"Apple M1 Pro 10-core CPU; one core used; GPU unused",0.030573,77,UNSAT_FIXED_BOUNDARY,454,"20^14 21^10 22^19","CERTIFIED fixed-boundary UNSAT; 77-record proof valid; independent CNF reconstruction exact",certificates/residual_lns_boundary_expansion_report.md
2026-07-23T17:32:01Z,b1e4c1b5af23bf4b642dcc02562b001d80db5e6f93c5201d1f15d85689caa61a,residual_lns_86_trace_edges,"base E=2 candidate; prior 80 edges plus 6 proof-trace-selected boundary edges; 86 variables; 5775 clauses; 60s cap",none,"Apple M1 Pro 10-core CPU; one core used; GPU unused",0.037582,83,UNSAT_FIXED_BOUNDARY,454,"20^14 21^10 22^19","CERTIFIED fixed-boundary UNSAT; 83-record proof valid; independent CNF reconstruction exact",certificates/residual_lns_boundary_expansion_report.md
2026-07-23T17:43:26Z,97e4ce41b6172702e8a0e7e1bdb3ad58aaed464b1687689cb7eacadebcea2b8c,direct_unrestricted_ramsey43_cnf_generation,"n=43; direct x_ij; paired 5-set clauses; degree bounds 18..24; sequential counters; no solve",none,"Apple M1 Pro 10-core CPU; one core used; GPU unused",8.269379,2052132,ENCODING_ONLY,N/A,N/A,"CERTIFIED encoding identity; independent clause reconstruction valid; no SAT/UNSAT",certificates/direct_ramsey43_generation.report.md
2026-07-23T17:50:26Z,8a2d43317130d1002684b11491f488738e1bbfa0c0aa08bb8e6b00aeb9d35d37,residual_lns_237_incident_edges,"base E=2 candidate; every edge incident to residual six free; 237 variables; 49461 clauses; strict 60s cap",none,"Apple M1 Pro 10-core CPU; one core used; GPU unused",60.003176,659,TIMEOUT,N/A,N/A,"REPRODUCIBLE COMPUTATIONAL OBSERVATION; neither SAT nor UNSAT; no proof or candidate",certificates/residual_lns_incident_six.report.md
2026-07-23T22:45:42Z,b8117443d48a2d51c528fe126166455ed4f62e0caf2efd6d9dc86dbc6a75c2db,residual_completion_base_conflict_union,"original E=2 candidate; conflict-union mode; 14 free variables; 223 explicit units; 49684 clauses",none,"Apple M1 Pro 10-core CPU; one core used; GPU unused",0.017886292,229,UNSAT_FIXED_ASSIGNMENT_NEIGHBORHOOD,454,"20^14 21^10 22^19","CERTIFIED: input unit propagation UNSAT; empty DRAT accepted; generated LRAT accepted; independent completion checker valid",certificates/residual_completion_base_conflict_union.result.json
2026-07-23T22:47:48Z,b8117443d48a2d51c528fe126166455ed4f62e0caf2efd6d9dc86dbc6a75c2db,residual_completion_constructive_conflict_union,"constructive E=2 candidate; conflict-union mode; 9 free variables; 228 explicit units; 49689 clauses",none,"Apple M1 Pro 10-core CPU; one core used; GPU unused",0.029134167,227,UNSAT_FIXED_ASSIGNMENT_NEIGHBORHOOD,455,"20^13 21^10 22^20","CERTIFIED: input unit propagation UNSAT; empty DRAT accepted; generated LRAT accepted; independent completion checker valid",certificates/residual_completion_incident_seed_20260726_conflict_union.result.json
2026-07-23T22:59:07Z,556f5550f74b5d835b79646d888979177b710bda7ef5a9b83f4b30fb7fead3fe,incident_lns_237_constructive,"base E=2 candidate; exactly 237 incident edges free; steps=75000;restarts=4;tabu=9;random_walk=0.04;breakout=250;restart_perturbation=12",20260726,"Apple M1 Pro 10-core CPU; one core used; GPU unused",27.084184,1528975,2,455,"20^13 21^10 22^20","Python exact C5=2 I5=0; C++ finds clique only; 666/666 fixed edges preserved; INVALID",results/best_candidates/incident_lns_seed_20260726.canonical.json
2026-07-23T22:59:08Z,4adfcbfe33c99813ef67f4746b507e06d7d74ff64788de7e9838295ebc48eaba,residual_lns_237_incident_edges_glucose3,"original E=2 base; 237 variables; 49461 clauses; Glucose3 1.9.dev7; DRAT-to-LRAT pipeline",none,"Apple M1 Pro 10-core CPU; one core used; GPU unused",0.283348542,10035,UNSAT_FIXED_BOUNDARY,454,"20^14 21^10 22^19","CERTIFIED fixed-boundary UNSAT; independent formula reconstruction exact; drat-trim VERIFIED; lrat-check VERIFIED",certificates/residual_lns_incident_six_glucose3.result.json
2026-07-23T23:04:46Z,4adfcbfe33c99813ef67f4746b507e06d7d74ff64788de7e9838295ebc48eaba,residual_lns_alternative_237_incident_edges,"constructive E=2 base; residual clique union 2,4,24,25,26,42; 237 variables; 49677 clauses; Glucose3 1.9.dev7",none,"Apple M1 Pro 10-core CPU; one core used; GPU unused",0.275336958,9801,UNSAT_FIXED_BOUNDARY,455,"20^13 21^10 22^20","CERTIFIED fixed-boundary UNSAT; independent formula reconstruction exact; drat-trim VERIFIED; lrat-check VERIFIED",certificates/residual_lns_incident_alt_six_glucose3.result.json
2026-07-23T23:23:10Z,4900f6fd0b9adcb3558ef9c8b161637608ce33e6fefcd528d5be96583a6a0a22,core_radius6_aggregate,"all 237 boundary edges free; at most 6 changes among 666 core edges; 5544 variables; 1934472 clauses; no degree counters",none,"Apple M1 Pro 10-core CPU; one core used; GPU unused",78.839855125,436104,UNSAT_CORE_RADIUS6,N/A,N/A,"CERTIFIED aggregate local UNSAT; independent structural and semantic audits valid; drat-trim VERIFIED; lrat-check VERIFIED",certificates/core_radius6_glucose3.result.json
2026-07-23T23:32:10Z,4adfcbfe33c99813ef67f4746b507e06d7d74ff64788de7e9838295ebc48eaba,proof_core_top7_cut,"all 237 boundary edges plus proof-core occurrence ranks 1-7 free; 659 core edges fixed; 244 variables; 52148 clauses; preregistered",none,"Apple M1 Pro 10-core CPU; one core used; GPU unused",0.458771208,14441,UNSAT_SELECTED_RADIUS7_CUT,N/A,N/A,"CERTIFIED selected-cut UNSAT; independent formula reconstruction exact; drat-trim VERIFIED; lrat-check VERIFIED",certificates/residual_lns_incident_six_plus_core_top7.report.md
2026-07-23T23:36:23Z,4900f6fd0b9adcb3558ef9c8b161637608ce33e6fefcd528d5be96583a6a0a22,core_radius7_aggregate,"all 237 boundary edges free; at most 7 changes among 666 core edges; 6203 variables; 1935789 clauses; strict 120s cap",none,"Apple M1 Pro 10-core CPU; one core used; GPU unused",120.080041042,N/A,TIMEOUT,N/A,N/A,"REPRODUCIBLE COMPUTATIONAL OBSERVATION; independent formula reconstruction exact; neither SAT nor UNSAT; no proof or model",certificates/core_radius7_glucose3.timeout.json
