x,X1,X2,X3,X4,X5,X6,X7,X8,Z
0.0,1.4968048661360702,0.5559888979783008,0.5563029195292072,0.5566179386387972,0.5569339597173186,0.5572509871866752,0.5575690254800962,0.9119968999911106,1.1606441553203988
0.01227184630308513,1.496773835540546,0.5560085185041415,0.5563225661908773,0.5566376114825162,0.5569536587885322,0.557270712530032,0.557588777139425,0.9120035258050472,1.160636381534399
0.02454369260617026,1.4966807487733722,0.5560673825384904,0.5563815086315073,0.5566966324679667,0.5570127584550214,0.5573298910113847,0.5576480345670011,0.9120234025040768,1.1606130604680118
0.03681553890925539,1.4965256208921955,0.5561654974510117,0.5564797542171215,0.5567950089571824,0.5571112660744695,0.5574285299836995,0.5577468051107017,0.9120565278595555,1.1605741929964255
0.04908738521234052,1.4963084769912838,0.5563028755217456,0.5566173152216485,0.5569327532173926,0.557249193906807,0.5575666416989995,0.5578851010140198,0.9121028981560728,1.1605197805794445
0.06135923151542565,1.4960293521987964,0.5564795339370079,0.5567942088227493,0.5571098824167806,0.5574265591099021,0.5577442433039782,0.5580629394115992,0.9121625081899467,1.1604498252632378
0.07363107781851078,1.495688291672976,0.5566954947836369,0.5570104570959684,0.5573264186185354,0.5576433837335039,0.5579613568338438,0.5582803423229836,0.9122353512671167,1.160364329682776
0.0859029241215959,1.4952853505972348,0.5569507850415801,0.5572660870071934,0.5575823887731839,0.5578996947114534,0.5582180092043971,0.5585373366445546,0.9123214192004394,1.1602632970649631
0.09817477042468103,1.4948205941741521,0.5572454365748128,0.5575611304034204,0.5578778247092008,0.5581955238521291,0.5585142322023174,0.5588339541396566,0.9124207023063919,1.1601467312324711
0.11044661672776616,1.4942940976183643,0.5575794861205684,0.5578956240018013,0.5582127631218688,0.5585309078271239,0.5588500624736488,0.5591702314268902,0.9125331894011763,1.1600146366082635
0.1227184630308513,1.49370594614835,0.5579529752768658,0.5582696093769611,0.5585872455603855,0.5589058881581321,0.5592255415104659,0.5595462099665547,0.9126588677962407,1.1598670182208157
0.1349903093339364,1.4930562349771062,0.5583659504883152,0.5586831329465656,0.5590013184131841,0.5593205112020232,0.5596407156357016,0.5599619360452222,0.9127977232932128,1.1597038817100276
0.14726215563702155,1.4923450693017022,0.5588184630301787,0.55913624595511,0.5594550328914536,0.5597748281340901,0.5600956359861085,0.5604174607584148,0.9129497401782555,1.1595252333338262
0.1595340019401067,1.491572564291712,0.5593105689906599,0.5596290044559143,0.5599484450108297,0.5602688949294289,0.5605903584933342,0.5609128399913651,0.9131149012158469,1.1593310799754666
0.1718058482431918,1.4907388450765116,0.5598423292513964,0.560161469291288,0.5604816155712282,0.5608027723424388,0.5611249438630768,0.5614481343978248,0.9132931876419937,1.1591214291515122
0.18407769454627693,1.4898440467314367,0.5604138094661237,0.5607337060708351,0.5610546101347904,0.5613765258843983,0.5616994575522896,0.5620234093768929,0.9134845791568825,1.1588962890205097
0.19634954084936207,1.4888883142627927,0.56102508003748,0.561345785147875,0.5616674990019074,0.5619902257990941,0.5623139697444054,0.5626387350478298,0.9136890539169751,1.1586556683923503
0.2086213871524472,1.4878718025916997,0.5616762160919113,0.5619977815939293,0.5623203571852867,0.562643947036455,0.5629685553225376,0.5632941862228171,0.9139065885265625,1.1583995767383124
0.22089323345553233,1.486794676536773,0.5623672974526451,0.5626897751712469,0.5630132643820217,0.5633377692241641,0.5636632938406216,0.5639898423776262,0.9141371580287753,1.158128024201787
0.23316507975861744,1.4856571107956191,0.5630984086106888,0.5634218503033215,0.5637463049436238,0.5640717766371963,0.5643982694924543,0.5647257876201491,0.9143807358960698,1.1578410216096888
0.2454369260617026,1.484459289925145,0.5638696386938077,0.5641940960433617,0.5645195678439738,0.5648460581652419,0.5651735710785866,0.5655021106567538,0.9146372940201933,1.1575385804845393
0.25770877236478773,1.4832014083206502,0.5646810814334396,0.565006606040661,0.5653331466451408,0.5656607072779725,0.5659892919710202,0.5663189047564043,0.9149068027016428,1.1572207130572245
0.2699806186678728,1.481883670193717,0.5655328351294986,0.5658594785048262,0.5661871394610279,0.5665158219880905,0.5668455300756592,0.5671762677125074,0.9151892306386237,1.156887432280434
0.28225246497095796,1.4805062895488572,0.5664250026130127,0.566752816167806,0.5670816489187835,0.5674115048121172,0.567742387792466,0.5680743018024257,0.9154845449155263,1.1565387518427597
0.2945243112740431,1.479069490158917,0.5673576912065478,0.5676867262436731,0.5680167821179328,0.5683478627288653,0.5686799719732623,0.5690131137445988,0.9157927109909275,1.1561746861834656
0.30679615757712825,1.477573505539224,0.5683310126823532,0.5686613203860954,0.5689926505871634,0.5693250071355285,0.5696583938771169,0.5699928146532227,0.9161136926851341,1.1557952505079234
0.3190680038802134,1.4760185789204516,0.5693450832181831,0.5696767146434438,0.5700093702387138,0.5703430538013419,0.5706777691232684,0.5710135199904194,0.9164474521672767,1.1554004608036987
0.3313398501832985,1.4744049632202005,0.570400023350719,0.5707330294114723,0.5710670613202986,0.5714021228187394,0.5717382176415029,0.5720753495158338,0.9167939499419789,1.1549903338573047
0.3436116964863836,1.4727329210132665,0.571495957926541,0.5718303893835051,0.5721658483645009,0.5725023385519495,0.5728398636199429,0.5731784272335955,0.9171531448356025,1.154564887271595
0.35588354278946877,1.4710027245005812,0.5726330160505727,0.5729689234980676,0.5733058601355808,0.5736438295829593,0.5739828354501585,0.574322881336574,0.9175249939820985,1.1541241394838107
0.36815538909255385,1.4692146554768133,0.5738113310319419,0.5741487648838899,0.5744872295736092,0.5748267286547756,0.5751672656695437,0.575508844147855,0.9179094528084737,1.1536681097842694
0.380427235395639,1.467369005296611,0.5750310403271752,0.575370050802213,0.5757100937358737,0.5760511726119176,0.5763932909008819,0.5767364520593704,0.9183064750198882,1.153196818335683
0.39269908169872414,1.4654660748394583,0.576292285480663,0.5766329225863221,0.5769745937354704,0.5773173023380532,0.5776610517890209,0.578005845467597,0.9187160125844099,1.1527102861931195
0.4049709280018093,1.4635061744731381,0.5775952120623115,0.5779375255782334,0.5782808746770124,0.5786252626907192,0.5789706929345869,0.5793171687062539,0.919138015717438,1.1522085353245775
0.4172427743048944,1.4614896240157755,0.5789399696023126,0.579284009062455,0.5796290855893702,0.5799752024330299,0.5803223628246508,0.5806705699759166,0.9195724328658195,1.1516915886321897
0.4295146206079795,1.4594167526964437,0.5803267115229434,0.5806725261967439,0.5810193793553711,0.5813672741623024,0.5817162137602708,0.5820662012704604,0.920019210691673,1.1511594699740337
0.44178646691106466,1.457287899114313,0.5817555950673196,0.5821032339397687,0.5824519126383624,0.5828016342355131,0.5831524017808215,0.5835042183002529,0.9204782940559548,1.1506122041865519
0.4540583132141498,1.4551034111963146,0.5832267812250141,0.5835762929756056,0.5839268458055675,0.5842784426914952,0.5846310865850285,0.5849847804120089,0.9209496260017732,1.150049817107569
0.4663301595172349,1.4528636461533184,0.5847404346544596,0.5850918676349689,0.5854443428481351,0.5857978631697954,0.5861524314486143,0.5865080505052161,0.9214331477374829,1.1494723355999013
0.47860200582032003,1.450568970434773,0.5862967236020403,0.5866501258130946,0.5870045712977979,0.5873600628260977,0.5877166031384723,0.5880741949450442,0.9219287986195858,1.1488797875755468
0.4908738521234052,1.4482197596818163,0.5878958198177886,0.5882512388841852,0.5886077021400523,0.5889652122441171,0.5893237718232672,0.5896833834716378,0.9224365161354554,1.148272202020455
0.5031456984264903,1.4458163986788162,0.5895378984675903,0.5898953816123181,0.5902539097237558,0.5906134853438807,0.5909741109803779,0.5913357891057097,0.922956235885916,1.1476496090198571
0.5154175447295755,1.4433592813033242,0.5912231380418064,0.5915827320587295,0.5919433716670607,0.5923050592862892,0.5926677972990796,0.5930315880503274,0.9234878915677028,1.1470120397841552
0.5276893910326605,1.4408488104744237,0.5929517202602167,0.5933134714853743,0.5936762687595758,0.5940401143738686,0.5944050105798703,0.5947709595888011,0.9240314149558252,1.1463595266753595
0.5399612373357456,1.4382853980994432,0.5947238299731812,0.595087784254663,0.5954527848606601,0.595818833947612,0.5961859336298422,0.5965540859785727,0.9245867358858691,1.1456921032340541
0.5522330836388308,1.4356694650190167,0.5965396550589321,0.5969058577252796,0.5972731067937583,0.5976414042798107,0.5980107521539985,0.5983811523410043,0.9251537822362619,1.1450098042068977
0.5645049299419159,1.4330014409504694,0.598399386316881,0.5987678821439755,0.5991374242366612,0.5995080144627701,0.5998796546424124,0.6002523465469625,0.9257324799105308,1.144312665574632
0.5767767762450011,1.4302817644295036,0.6003032173568548,0.600674050533238,0.6010459296075988,0.6014188562933154,0.601792832253125,0.6021678590980996,0.9263227528195884,1.1436007245805928
0.5890486225480862,1.427510882750158,0.6022513444841405,0.602624558574734,0.6029988179470622,0.6033741241529728,0.6037504786906785,0.6041278830037232,0.9269245228640719,1.142874019759708
0.6013204688511713,1.4246892519030265,0.6042439665802515,0.6046196044884186,0.6049962867952429,0.6053740148837297,0.6057527900801798,0.6061326136531506,0.9275377099167752,1.1421325909679771
0.6135923151542565,1.4218173365117106,0.6062812849792938,0.6066593889072021,0.6070385360649893,0.6074187276592627,0.6077999648367887,0.6081822486834418,0.9281622318052005,1.1413764794124075
0.6258641614573416,1.4188956097674719,0.6083635033398369,0.6087441147470783,0.6091257679101698,0.6095084638515289,0.6098922035305203,0.6102769878424049,0.9287980042942707,1.1406057276814006
0.6381360077604268,1.4159245533620843,0.6104908275121774,0.6108739870725917,0.6112581865893398,0.6116434268926111,0.6120297087462616,0.6124170328467643,0.9294449410692286,1.139820379775571
0.6504078540635119,1.4129046574188382,0.6126634654008847,0.6130492129575482,0.6134359983245987,0.6138238221317113,0.6142126849388839,0.6146025872353885,0.9301029537187707,1.139020481138984
0.662679700366597,1.4098364204216924,0.6148816268225274,0.6152700013408562,0.6156594111555326,0.6160498566871845,0.6164413382833568,0.6168338562174671,0.930771951718444,1.1382060786907915
0.6749515466696822,1.4067203491425475,0.6171455233584632,0.6175365628773857,0.6179286347881302,0.6183217392934983,0.6187158765197406,0.6191110465155254,0.9314518424143429,1.1373772208572555
0.6872233929727672,1.4035569585666143,0.6194553682025866,0.6198491097837417,0.6202438804385715,0.6206396801430208,0.6210365087929629,0.6214343662031813,0.9321425310071535,1.136533957604136
0.6994952392758523,1.400346771815855,0.62181137600393,0.6222078556788411,0.6226053606717666,0.6230038907225179,0.6234034454872625,0.6238040245375244,0.9328439205365744,1.1356763404694288
0.7117670855789375,1.3970903200704907,0.6242137627039962,0.6246130154191821,0.6250132892345519,0.6254145836442594,0.6258168980551964,0.6262202317860172,0.9335559118661626,1.134804422596429
0.7240389318820226,1.3937881424885306,0.6266627453687273,0.6270648049287005,0.6274678808834246,0.627871972471625,0.6282770788411081,0.6286831990478149,0.9342784036686378,1.1339182587671146
0.7363107781851077,1.390440786123328,0.6291585420149928,0.6295634410231052,0.629969351206713,0.6303762715391005,0.6307842008989436,0.6311931380693947,0.9350112924116957,1.1330179054358047
0.7485826244881929,1.3870488058391213,0.6317013714314923,0.6321091412285834,0.6325179164410769,0.632927695766567,0.633338477804319,0.6337502610543988,0.9357544723443645,1.1321034207631009
0.760854470791278,1.3836127642245557,0.6342914529939647,0.6347021235947689,0.6351137932822318,0.635526460467769,0.6359401234607304,0.6363547804675774,0.9365078354839533,1.1311748646500654
0.7731263170943632,1.3801332315041634,0.6369290064746007,0.6373426065018786,0.6377571986897942,0.6381727811528701,0.6385893518998135,0.6390069088327485,0.9372712716036345,1.130232298772629
0.7853981633974483,1.3766107854477796,0.6396142518455501,0.6400308084618975,0.6404483496861468,0.6408668733249869,0.6412863770755429,0.6417068585246665,0.9380446682207032,1.129275786616195
0.7976700097005334,1.373046011277884,0.6423474090764258,0.6427669479137266,0.64318746314922,0.6436089522706091,0.6440314126522879,0.6444548415547041,0.9388279105855643,1.1283053935104288
0.8099418560036186,1.3694395015748464,0.6451286979257005,0.6455512430121839,0.6459747555991002,0.6463992328438042,0.6468246717866165,0.6472510693502636,0.9396208816714833,1.1273211866641848
0.8222137023067037,1.365791856180066,0.6479583377258992,0.648383911410769,0.6488104429783599,0.6492379292441207,0.6496663669027701,0.6500957525278216,0.9404234621651609,1.1263232352005774
0.8344855486097889,1.3621036820969825,0.650836547162491,0.6512651700380899,0.6516947404260253,0.6521252547880936,0.6525567094617094,0.6529891006595232,0.9412355304581637,1.1253116101921392
0.8467573949128739,1.3583755933899548,0.6537635440463851,0.6541952348678687,0.6546278620450858,0.655061421674266,0.655495909723656,0.6559313220332452,0.9420569626392682,1.1242863846960565
0.859029241215959,1.3546082110809854,0.6567395450799443,0.657174320682427,0.6576100206634662,0.6580466407416468,0.6584841765040421,0.6589226234060497,0.9428876324877654,1.1232476337894504
0.8713010875190442,1.3508021630442848,0.6597647656164236,0.6602026408295801,0.6606414275883731,0.6610811212215236,0.6615217169227935,0.6619632097509509,0.9437274114677655,1.1221954346046745
0.8835729338221293,1.3469580838986697,0.6628394194127568,0.6632804069728465,0.6637222923539404,0.6641650704825498,0.6646087361468797,0.665053283996934,0.9445761687235635,1.1211298663645997
0.8958447801252144,1.3430766148977684,0.6659637183756015,0.6664078288349019,0.6668528224621019,0.667298693769048,0.6677454371260539,0.6681930467621529,0.9454337710761052,1.1200510104178534
0.9081166264282996,1.3391584038180462,0.6691378723005834,0.6695851139342079,0.6700332231166153,0.6704821939324492,0.6709320203217275,0.6713826960802575,0.9463000830206051,1.118958950273989
0.9203884727313847,1.3352041048446361,0.6723620886046489,0.6728124673147402,0.6732636969501848,0.6737157711558196,0.6741686834289196,0.6746224271197871,0.9471749667253669,1.117853771638546
0.9326603190344698,1.3312143784549606,0.6756365720514783,0.6760900912687611,0.6765444437446099,0.6769996226714126,0.677455621091235,0.6779124318965981,0.9480582820318536,1.1167355624479756
0.944932165337555,1.3271898913001563,0.6789615244698869,0.6794181850525789,0.679875660143923,0.6803339424712028,0.6807930246088205,0.6812528989792704,0.9489498864560589,1.1156044129043894
0.9572040116406401,1.3231313160842904,0.6823371444651677,0.6827969445952374,0.6832575393604526,0.6837189210103551,0.6841810816392659,0.6846440131874714,0.9498496351912217,1.1144604155101105
0.9694758579437253,1.3190393314413633,0.6857636271233208,0.6862265622001026,0.6866902708737915,0.6871547449035987,0.6876199758914191,0.6880859552832476,0.9507573811119452,1.1133036651019796
0.9817477042468103,1.3149146218101124,0.6892411637081312,0.6897072262392943,0.6901740401226177,0.6906415966144734,0.6911098868120928,0.6915789016552272,0.9516729747797553,1.1121342588853846
0.9940195505498954,1.3107578773066086,0.6927699413510583,0.6932391208409474,0.6937090281893592,0.6941796541374334,0.6946509892656454,0.6951230239957233,0.9525962644501569,1.1109522964679865
1.0062913968529805,1.3065697935946474,0.6963501427339102,0.6968224255692691,0.697295411477672,0.6977690906727915,0.6982434532064348,0.69871848897074,0.9535270960812298,1.1097578798930947
1.0185632431560658,1.3023510717539548,0.6999819457642814,0.7004573150973832,0.7009333613827354,0.7014100742945028,0.7018874433441424,0.7023654578828885,0.954465313343814,1.1085511136726476
1.030835089459151,1.298102418146201,0.7036655232437419,0.7041439588729511,0.7046230439543503,0.7051027676107974,0.7055831188019845,0.7060640863272307,0.9554107576333318,1.1073321048197895
1.043106935762236,1.2938245442788376,0.7074010425287758,0.7078825207765754,0.70836461955286,0.7088473274176664,0.7093306327678262,0.7098145238400823,0.9563632680832891,1.1061009628809708
1.055378782065321,1.2895181666667737,0.7111886651844722,0.7116731587729982,0.7121582424979093,0.7126439043452417,0.7131301321382395,0.7136169135408109,0.9573226815805056,1.1048577999675537
1.0676506283684062,1.2851840066918978,0.7150285466309849,0.7155160245551105,0.7160040607100635,0.7164926424970888,0.7169817571555379,0.7174713917666787,0.9582888327821155,1.1036027307868808
1.0799224746714913,1.280822790460467,0.7189208357827878,0.7194112631808098,0.7199022153453369,0.7203936790824732,0.7208856410378477,0.7213780877007989,0.9592615541343796,1.1023358726727586
1.0921943209745766,1.2764352486583785,0.7228656746807537,0.7233590127027468,0.7238528404226742,0.7243471440416471,0.7248419096022813,0.7253371229932668,0.9602406758933599,1.1010573456153252
1.1044661672776617,1.2720221164043441,0.7268631981171096,0.7273594037910139,0.7278560624444447,0.728353159664232,0.7288506808812838,0.7293486113755603,0.9612260261474823,1.099767272290254
1.1167380135807468,1.2675841331009916,0.7309135332533266,0.7314125593488383,0.7319120000100279,0.7324118402007772,0.7329120647322549,0.7334126582683096,0.9622174308420447,1.098465778087259
1.1290098598838318,1.2631220422839151,0.7350167992310009,0.735518594121363,0.736020763422572,0.7365232914675857,0.737026162440533,0.7375293603825385,0.9632147138056936,1.0971529911378495
1.141281706186917,1.258636591468709,0.7391731067758214,0.7396776142975978,0.7401824542890237,0.7406876104449183,0.74119306631587,0.74169880531451,0.9642176967789129,1.0958290423423045
1.1535535524900022,1.2541285319959987,0.7433825577947085,0.743889717105646,0.7443971651135418,0.744904884868694,0.7454128592825247,0.7459210711343196,0.965226199444561,1.0944940653958148
1.1658253987930873,1.2495986188745238,0.7476452449662316,0.7481549904013236,0.7486649788844177,0.7491751928158202,0.7496856144631143,0.7501962259683748,0.9662400394604816,1.0931481968137584
1.1780972450961724,1.2450476106222854,0.7519612513244279,0.7524735122502956,0.7529859686546463,0.7534986022833087,0.754011394756385,0.7545243275759491,0.9672590324942278,1.0917915759560544
1.1903690913992575,1.2404762691058089,0.7563306498361493,0.7568453505038792,0.7573601971162929,0.7578751707613288,0.7583902524090786,0.7589054229199819,0.9682829922599225,1.0904243450505675
1.2026409377023426,1.2358853593775563,0.7607535029720943,0.7612705623686642,0.7617877161688331,0.7623049448003889,0.762822228582083,0.7633395477323245,0.9693117305572828,1.0890466492155093
1.214912784005428,1.2312756495115345,0.7652298622716791,0.7657491939701324,0.7662685664816424,0.7667879595728326,0.7673073529110668,0.7678267260736596,0.9703450573128338,1.0876586364807994
1.227184630308513,1.2266479104371344,0.7697597679019307,0.7702812799104555,0.7708027770508405,0.7713242384288621,0.7718456430618293,0.7723669698883131,0.9713827806233345,1.086260457808336
1.239456476611598,1.2220029157712642,0.7743432482105914,0.7748668428206835,0.7753903647507004,0.7759137924473188,0.7764371042805939,0.7769602785542138,0.9724247068014317,1.0848522671111418
1.2517283229146832,1.2173414416488113,0.77898031927365,0.7795058929075365,0.7800313338798603,0.7805566199814609,0.7810817289395073,0.7816066384282716,0.9734706404235587,1.08343422127134
1.2640001692177683,1.2126642665514944,0.7836709844375126,0.7841984274950484,0.7847256757025789,0.7852527061999971,0.7857794960776132,0.78630602238745,0.9745203843800977,1.0820064801569096
1.2762720155208536,1.207972171135164,0.7884152338560717,0.7889444305612986,0.7894733679853098,0.7900020226236597,0.7905303709375894,0.7910583893658384,0.9755737399278092,1.0805692066371908
1.2885438618239387,1.2032659380555986,0.7932130440229181,0.7937438722705229,0.7942743745288701,0.7948045266576074,0.7953343044985594,0.7958636838880454,0.9766305067445404,1.07912256659709
1.3008157081270237,1.1985463517928663,0.7980643772989787,0.7985967085008763,0.7991286446965079,0.7996601611199747,0.8001912330052999,0.8007218355992467,0.9776904829862173,1.077666728949943
1.3130875544301088,1.1938141984743205,0.8029691814358759,0.803502880368164,0.8040361129381874,0.8045688537668951,0.805101077494192,0.8056327587922488,0.978753465346116,1.0762018656489978
1.325359400733194,1.1890702656962793,0.8079273890953117,0.8084623137458589,0.80899669831143,0.8095305168143522,0.8100637433162727,0.8105963519319339,0.9798192491164189,1.0747281516974778
1.337631247036279,1.1843153423444785,0.8129389173648196,0.8134749187817546,0.8140103039990609,0.8145450464572269,0.8150791196577755,0.815612497177491,0.9808876282520438,1.0732457651571783
1.3499030933393643,1.1795502184133508,0.81800366727022,0.8185405894116082,0.8190768168242467,0.8196123223859206,0.8201470790585488,0.8206810599028329,0.9819583954367368,1.0717548871555649
1.3621749396424494,1.174775684824228,0.8231215232851521,0.8236592028701591,0.8241961067632044,0.8247322073009711,0.8252674769287821,0.8258018882156393,0.9830313421514189,1.07025570189133
1.3744467859455345,1.1699925332425147,0.828292352838072,0.8288306191999218,0.8293680264560044,0.8299045464260768,0.8304401510644667,0.8309748124754679,0.9841062587447632,1.06874839663837
1.3867186322486196,1.1652015558939506,0.833516005817113,0.8340546807581662,0.8345924107158909,0.835129167019977,0.8356649211620539,0.8361996448114047,0.9851829345059888,1.0672331617481499
1.3989904785517047,1.1604035453800106,0.838792314073238,0.8393312117225259,0.8398690760375747,0.8404058778876498,0.8409415883327791,0.8414761786397392,0.9862611577398384,1.0657101906504092
1.41126232485479,1.1555992944925453,0.8441210909221264,0.8446600175956942,0.8451978201049606,0.8457344688913061,0.8462699346171519,0.8468041881821674,0.987340715843715,1.0641796798521914
1.423534171157875,1.1507895960277494,0.8495021306452554,0.8500408847096739,0.8505784212988079,0.8511147104616871,0.8516497225001171,0.8521834279850504,0.9884213953869424,1.0626418289351396
1.4358060174609601,1.145975242599551,0.8549352079906586,0.8554735797300836,0.8560106382048195,0.856546353110175,0.8570806944274219,0.8576136324402631,0.9895029821921106,1.0610968405510481
1.4480778637640452,1.1411570264525013,0.8604200776738632,0.8609578491610307,0.8614942091226901,0.8620291269422584,0.8625625723237332,0.8630945153081974,0.9905852614184637,1.0595449204156187
1.4603497100671303,1.1363357392742763,0.8659564738795248,0.8664934188510777,0.867028851576661,0.8675627411729104,0.868095057113078,0.8686257692434929,0.9916680176472868,1.0579862773004098
1.4726215563702154,1.1315121720078865,0.8715441097642959,0.8720799935008655,0.8726142618281352,0.873146883644446,0.8736778282421787,0.8742070653240914,0.9927510349692342,1.0564211230229301
1.4848934026733007,1.126687114663681,0.8771826769614888,0.877717256172949,0.8782501143909404,0.8787812203474552,0.879310543207301,0.8798380525842217,0.9938340970735485,1.0548496724348617
1.4971652489763858,1.1218613561312705,0.8828718450881086,0.8834048678044409,0.8839360615498357,0.8844653949454198,0.8849928370852131,0.8855183575519443,0.9949169873391074,1.0532721434083874
1.509437095279471,1.117035683991455,0.8886112612548466,0.8891424667230651,0.8896717328828776,0.8901990283036348,0.8907243220689084,0.8912475837918967,0.995999488927234,1.0516887568205817
1.521708941582556,1.1122108843282739,0.8944005495796531,0.8949296681672454,0.8954567347882786,0.8959817180230831,0.8965045870087252,0.8970253114538955,0.9970813848762013,1.050099736535865
1.533980787885641,1.107387741541288,0.9002393107055126,0.9007660638108664,0.9012906500164013,0.9018130379799089,0.902333196959541,0.9028510968280669,0.9981624581973589,1.0485053093864791
1.5462526341887264,1.1025670381581973,0.9061271213230693,0.906651221293365,0.9071730372075675,0.9076925378711793,0.908209692734713,0.9087244719071932,0.9992424919727922,1.0469057051509782
1.5585244804918115,1.0977495546479132,0.9120635336987745,0.9125846837558219,0.9131034304363437,0.9136197427676047,0.9141335904674591,0.9146449439569686,1.000321269454452,1.0453011565307089
1.5707963267948966,1.0929360692341965,0.9180480752092264,0.9185659693837488,0.9190813387630135,0.9195941526739285,0.9201043811803876,0.9206119950948755,1.001398574164643,1.043691899124265
1.5830681730979816,1.0881273577099813,0.9240802478824,0.9245945709572618,0.9251062457929384,0.925615242097698,0.926121530363893,0.9266250818784086,1.0024741899977982,1.0420781713999079
1.5953400194010667,1.083324193252498,0.9301595279464827,0.9306699554093709,0.9311776092445283,0.9316824596271406,0.932184477564144,0.9326836349033665,1.00354790132343,1.0404602146659334
1.607611865704152,1.078527346239314,0.9362853653870349,0.9367915633931054,0.9372948605265616,0.9377952275188887,0.9382926359814069,0.938787058412961,1.0046194930901626,1.038838273038977
1.6198837120072371,1.0737375840654182,0.9424571835132176,0.9429588088582239,0.9434574043255951,0.9439529412962901,0.9444453920794528,0.9449347299184888,1.00568875093074,1.0372125934102505
1.6321555583103222,1.0689556709614632,0.9486743785338361,0.9491710786382642,0.9496646182042257,0.9501549693590782,0.9506421052068055,0.9511259998323212,1.0067554612679048,1.0355834254097052
1.6444274046134073,1.0641823678132891,0.9549363191439637,0.9554277320486916,0.9559158522109631,0.956400652605149,0.9568821072305909,0.957360191113972,1.007819411421019,1.0339510213681096
1.6566992509164924,1.059418431982855,0.961242346122919,0.9617281004969304,0.9622104285024987,0.962689304065233,0.9631647021837625,0.9636365989300142,1.0088803897133296,1.032315636277054
1.6689710972195777,1.054664617130698,0.9675917719443824,0.9680714871050502,0.9685476409791406,0.9690202085512338,0.9694891659264815,0.9699544903286098,1.009938185579746,1.030677527746868
1.6812429435226628,1.0499216730400436,0.973983880399444,0.9744571663459142,0.97492675493421,0.9753926223190178,0.9758547458224125,0.9763131039294248,1.0109925896750047,1.029036955962459
1.6935147898257479,1.0451903454426936,0.9804179262333789,0.9808843836935687,0.9813470067181953,0.9818057727464439,0.98226066043074,0.982711649629704,1.012043393982097,1.0273941836370843
1.705786636128833,1.0404713758468118,0.9868931347969687,0.9873523552886923,0.9878076034184506,0.9882588580274239,0.9887060992146659,0.9891493083272757,1.0130903919208256,1.0257494759640495
1.718058482431918,1.035765501366738,0.9934087017131692,0.9938602676199049,0.994307722555249,0.9947510468828002,0.9951902222671783,0.9956252316612498,1.014133378456361,1.0241031005663526
1.7303303287350031,1.0310734545549451,0.9999637925599488,1.000407277221743,1.000846511794983,1.001281478288834,1.0017121600548695,1.0021385417711852,1.0151721502076474,1.022455327444283
1.7426021750380885,1.0263959632362705,1.0065575425701172,1.006992510390121,1.0074230886813194,1.007849261224094,1.0082710131805737,1.0086883310754773,1.0162065055555338,1.0208064289209944
1.7548740213411735,1.0217337503445405,1.0131890563489643,1.013615062916076,1.0140365403850942,1.014453474435521,1.0148658521655944,1.0152736620697145,1.0172362447504728,1.019156679586056
1.7671458676442586,1.017087533761711,1.019857407610529,1.0202739998386254,1.0206859234737653,1.0210931662244596,1.0214957172522896,1.0218935671457647,1.0182611700196558,1.0175063562370115
1.7794177139473437,1.012458026159642,1.0265616389333239,1.026968355217517,1.0273702637011823,1.0277673542534214,1.028159618227762,1.0285470484323118,1.0192810856734236,1.0158557378189688
1.7916895602504288,1.0078459348446331,1.0333007615363279,1.0336971319266917,1.0340885558184834,1.0344750253743438,1.0348565342693945,1.0352330776575596,1.020295798210816,1.0142051053622283
1.8039614065535141,1.0032519616048272,1.0400737550760615,1.0404593014692507,1.0408397634068798,1.041215135479105,1.0415854138129803,1.041950596034835,1.021305116424102,1.012554741918002
1.8162332528565992,0.9986768025606105,1.046879567465552,1.0472538038147081,1.047622818733099,1.04798660937303,1.0483451744441457,1.04869851417176,1.0223088515021415,1.0109049324922204
1.8285050991596843,0.9941211480181171,1.0537171147159874,1.0540795472593092,1.0544366226282367,1.054788340672125,1.0551347028137823,1.0554757120036766,1.0233068171324256,1.0092559639774847
1.8407769454627694,0.9895856823259475,1.060585280801853,1.0609354083101834,1.0612800443907644,1.0616191917247433,1.0619528545781685,1.0622810387519985,1.0242988296016429,1.0076081250831803
1.8530487917658545,0.9850710837352228,1.0674829175503164,1.0678202315940801,1.0681519217144106,1.0684779935583966,1.0687984543644562,1.0691133129080983,1.0252847078946217,1.0059617062637964
1.8653206380689396,0.9805780242630742,1.0744088445556528,1.074732829791429,1.0750510606416306,1.0753635458523731,1.0756702957621593,1.0759713222433762,1.026264273791485,1.0043169996454813
1.8775924843720249,0.9761071695596721,1.0813618491194306,1.0816719835964468,1.0819762355433555,1.0822746169368336,1.0825671413412874,1.0828538238460808,1.0272373519628744,1.002674298950877
1.88986433067511,0.9716591787789081,1.0883406862172222,1.0886364417039902,1.088926189125689,1.0892099438190204,1.0894877226977053,1.0897595441854624,1.0282037700630846,1.0010338994222747
1.902136176978195,0.9672347044528142,1.095344078492537,1.0956249208238509,1.0958996324642014,1.096168232237185,1.0964307405263145,1.096687179203795,1.0291633588209643,0.9993960977431338
1.9144080232812801,0.9628343923698336,1.1023707162786867,1.1026361057231342,1.1028952450664504,1.1031481567428385,1.103394864722598,1.1036353944367785,1.0301159521284187,0.997761191958009
1.9266798695843652,0.9584588814570199,1.1094192576492563,1.1096686492973828,1.109911674963321,1.1101483608118643,1.1103787345130502,1.1106028251628028,1.0310613871263843,0.9961294813909336
1.9389517158874505,0.9541088036662672,1.116488328497831,1.1167211726710458,1.116947538829768,1.1171674569850456,1.1173809586149897,1.1175880765815318,1.0319995042881063,0.9945012665623109
1.9512235621905356,0.9497847838646475,1.1235765226476144,1.1237922653278782,1.124001422135495,1.1242040270385036,1.1244001154262042,1.1245897240222118,1.0329301474995993,0.9928768491043592
1.9634954084936207,0.9454874397289448,1.1306824019915303,1.130880485271839,1.1310718793260939,1.1312566221845064,1.1314347532448688,1.131606313182097,1.0338531641371242,0.9912565316751698
1.9757672547967058,0.9412173816444608,1.1378044966633902,1.1379843592190104,1.1381574340351208,1.1383237633031031,1.138483390520109,1.1386363603953424,1.034768405141563,0.9896406178714274
1.9880391010997909,0.9369752126081629,1.1449413052406623,1.1451023828210263,1.1452565793275589,1.1454039412049708,1.1455445161335926,1.1456783529326586,1.035675725089541,0.9880294121398524
2.000310947402876,0.9327615281362511,1.152091294979356,1.1522330209204898,1.1523677779750823,1.1524956169258516,1.152616589712439,1.1527307493320214,1.0365749822611736,0.98642321968742
2.012582793705961,0.928576916176199,1.1592529020814981,1.1593747078387846,1.1594894627635008,1.1595972220528925,1.1596980419737448,1.1597919797606462,1.0374660387043024,0.984822346390419
2.024854640009046,0.9244219570233402,1.1664245319956423,1.1665258476966898,1.1666200368327122,1.1667071590831986,1.1667872751009578,1.1668604464084367,1.0383487602951047,0.9832270987024064
2.0371264863121317,0.9202972232420422,1.1736045597508127,1.1736848147681396,1.1737578740494856,1.173823801814824,1.1738826631523056,1.1739345239130514,1.0392230167949486,0.9816377835611217
2.0493983326152168,0.9162032795915299,1.1807913303242539,1.1808499538674355,1.1809013194133042,1.180945495770425,1.1809825525014157,1.1810125598166803,1.0400886819033843,0.9800547082944261
2.061670178918302,0.9121406829563924,1.1879831590433094,1.1880195807701928,1.1880486894955102,1.1880705586537315,1.1880852623102665,1.188092875054625,1.040945633307164,0.9784781805253213
2.073942025221387,0.9081099822818228,1.1951783320217115,1.1951919826682451,1.1951982729119084,1.195197280838957,1.195189085034511,1.1951737644756681,1.0417937527251813,0.9769085080761299
2.086213871524472,0.9041117185136185,1.2023751066305253,1.202365418658684,1.202348330828963,1.2023239258932226,1.202292286961216,1.2022534973942278,1.0426329259492344,0.9753459988718814
2.098485717827557,0.9001464245429694,1.2095717120039435,1.2095381202671796,1.2094970975036758,1.2094487311320279,1.209393108778988,1.2093303181742183,1.0434630428805274,0.9737909608429879
2.110757564130642,0.8962146251560648,1.2167663495800862,1.2167082920056793,1.21664278085717,1.2165699082077444,1.216489766180409,1.2164024468444923,1.0442839975618126,0.9722437018272684
2.1230294104337273,0.8923168369885264,1.2239571936769003,1.2238741119645213,1.2237835630819855,1.2236856437310744,1.22358045049668,1.2234680797457071,1.0450956882051057,0.9707045294713893
2.1353012567368124,0.8884535684846854,1.2311423921032345,1.231033732438961,1.230917601283009,1.230794099925357,1.2306633293642957,1.2305253902084043,1.045898017214896,0.9691737511317945
2.1475731030398975,0.8846253198617071,1.2383200668050696,1.2381852805900726,1.2380430281519457,1.2378934153135668,1.2377365474235533,1.2375725292620297,1.0466908912067923,0.9676516737751828
2.1598449493429825,0.8808325830785626,1.245488314546886,1.2453268591399023,1.2451579526751748,1.2449817054377856,1.2447982270486153,1.2446076263746126,1.0474742210215366,0.966138603878615
2.172116795646068,0.8770758418098398,1.2526452076280707,1.2524565471007463,1.2522604608747696,1.2520570636109039,1.2518464691088438,1.2516287902227183,1.0482479217343486,0.9646348473293078
2.184388641949153,0.873355571424386,1.259788794634205,1.2595724005383306,1.2593486165824372,1.259117561700226,1.258879353761028,1.2586341094913058,1.0490119126595523,0.9631407093241886
2.1966604882522383,0.8696722389687561,1.2669171012230516,1.2666724533686518,1.2664204622460735,1.2661612509426334,1.2658949412721157,1.2656216537030163,1.0497661173504433,0.9616564942692796
2.2089323345553233,0.8660263031554484,1.2740281309449837,1.2737547181881654,1.2734740197685577,1.2731861627909022,1.2728912728719912,1.2725894740764208,1.0505104635943863,0.9601825056789772
2.2212041808584084,0.8624182143558974,1.2811198660975593,1.2808171871369698,1.2805072913784004,1.280190309790705,1.2798663716357979,1.2795356044126702,1.0512448834031103,0.9587190460752981
2.2334760271614935,0.8588484145981796,1.2881902686138782,1.2878578327945702,1.287518260531762,1.2871716864877996,1.2868182433952604,1.2864580620099724,1.0519693129981975,0.9572664168871545
2.2457478734645786,0.8553173375694024,1.2952372809843087,1.2948746091077663,1.2945048928453542,1.2941282703648604,1.2937448776784184,1.293354848605264,1.052683692791763,0.9558249183497325
2.2580197197676637,0.851825408622711,1.3022588272111326,1.3018654523501438,1.301465137059645,1.3010580228073285,1.3006442486771215,1.3002239513424045,1.0533879673623312,0.9543948494040353
2.270291566070749,0.8483730447888769,1.309252813795578,1.3088282821126014,1.3083969260317694,1.3079588900976489,1.3075143162416059,1.3070633437661707,1.0540820854259252,0.9529765075966558
2.282563412373834,0.8449606547923925,1.31621713075667,1.3157610023243085,1.31529817775748,1.314828804437193,1.3143530269014272,1.3138709868413012,1.0547659998023928,0.9515701889798491
2.2948352586769194,0.8415886390720141,1.3231496526812767,1.3226615023033996,1.3221667964214268,1.321665684995117,1.3211583149119621,1.3206448299957818,1.0554396673769952,0.9501761880119635
2.3071071049800045,0.8382573898056784,1.330048239804671,1.329527657836712,1.3290006734750202,1.328467438983378,1.3279281033256813,1.3273828121875364,1.056103049057309,0.9487947974582958
2.3193789512830896,0.8349672909397153,1.3369107391208679,1.3363573322877782,1.335797688741057,1.335231962757062,1.3346603050873183,1.3340828629936512,1.0567561097254814,0.9474263082924331
2.3316507975861747,0.8317187182222724,1.3437349855219698,1.3431483777322546,1.3425557115442734,1.3419571429391604,1.3413528241520472,1.3407429037211998,1.0573988181858982,0.9460710095981404
2.3439226438892597,0.8285120392408648,1.350518802965652,1.3498986361199266,1.3492726018669206,1.3486408575688695,1.3480035566257278,1.3473608485387354,1.058031147108336,0.9447291884718537
2.356194490192345,0.8253476134639552,1.3572600056699464,1.3566059404623627,1.3559462115284229,1.3552809772724488,1.3546103919262469,1.3539346056274504,1.0586530729666586,0.9434011299258407
2.36846633649543,0.8222257922864631,1.3639563993343347,1.363268116045266,1.3625743853881442,1.3618753664556513,1.3611712139649357,1.3604620783509918,1.0592645759731536,0.9420871167920772
2.380738182798515,0.8191469190791014,1.3706057823862023,1.3698829816645017,1.3691549625702213,1.3684218845166802,1.3676839023470297,1.3669411664428799,1.0598656400085962,0.9407874296269062
2.3930100291016,0.8161113292414273,1.3772059472516036,1.3764483508847616,1.3756857777094151,1.3749183870785924,1.374146333590086,1.3733697672104497,1.0604562525481236,0.9395023466165244
2.405281875404685,0.8131193502585016,1.3837546816492536,1.3829620333197592,1.3821646622168706,1.381362727240056,1.3805563823592455,1.3797457767542052,1.06103640458305,0.9382321434833533
2.4175537217077703,0.810171301761023,1.3902497699066256,1.3894218359328243,1.388589445564631,1.3877527568433081,1.3869119227182047,1.3860670912014579,1.061606090538711,0.9369770933933435
2.429825568010856,0.8072674955888318,1.396688994296977,1.3958255643567234,1.3949579565877548,1.3940863277581337,1.3932108293947305,1.3923316079530854,1.062165308188475,0.9357374668642617
2.442097414313941,0.8044082358576393,1.403070136396097,1.4021710242314787,1.401268024802796,1.4003612931806786,1.3994509790595149,1.3985372269422314,1.062714058564038,0.9345135316750112
2.454369260617026,0.8015938190288627,1.4093909784575147,1.4084560225589589,1.4075174817414342,1.4065755089458485,1.4056302516171677,1.4046818519037507,1.0632523458621428,0.9333055527760239
2.466641106920111,0.7988245339824245,1.4156493048048764,1.4146783690729228,1.413704162297948,1.4127268348520468,1.4117465315080906,1.4107633916531683,1.0637801773478575,0.9321137922007778
2.478912953223196,0.7961006620923782,1.4218429032401567,1.4208358776232306,1.4198259060892604,1.4188131359969556,1.417797709019979,1.4167797613739284,1.0642975632545655,0.9309385089784717
2.4911847995262812,0.7934224773052182,1.4279695664663459,1.4269263675728512,1.4258805588262096,1.424832284123079,1.4237816816076823,1.422728883911671,1.0648045166808162,0.9297799590479064
2.5034566458293663,0.7907902462207274,1.4340270935231996,1.4329476652062967,1.431865973694698,1.4307821589716918,1.4296963552201067,1.4286086910742832,1.0653010534842022,0.928638395172605
2.5157284921324514,0.7882042281752137,1.4400132912346288,1.4388976051480786,1.437780012745344,1.4366606496438812,1.4355396456328697,1.4344171249364426,1.0657871921724131,0.9275140668572106
2.5280003384355365,0.7856646753269848,1.4459259756662646,1.4447740317897497,1.4436205482902458,1.4424656559673006,1.4413094797853785,1.440152139147367,1.066262953791656,0.9264072202651983
2.5402721847386216,0.783171832743903,1.4517629735917033,1.450574800724096,1.4493854643054347,1.4481950898672782,1.447003797120994,1.4458117002404933,1.0667283618125967,0.92531809813793
2.552544031041707,0.7807259384928698,1.457522123965929,1.45629778018498,1.4550726578375965,1.4538468767408768,1.4526205509289494,1.4513937889437751,1.067183442014017,0.9242469397150859
2.564815877344792,0.7783272237310737,1.4632012794043663,1.4619408524913717,1.4606800404136149,1.459418956832534,1.4581577096866734,1.456896401489308,1.0676282223643596,0.9231939806565042
2.5770877236478773,0.775975912798848,1.4687983076660036,1.4675019154940434,1.4662055394514821,1.464909286609857,1.4636132584011645,1.4623175509209851,1.0680627329013594,0.9221594529654477
2.5893595699509624,0.7736722233139696,1.4743110931390278,1.4729788840234133,1.4716470996711155,1.4703158401381777,1.4689851999480663,1.4676552683988826,1.0684870056099378,0.9211435849133347
2.6016314162540475,0.7714163662672402,1.4797375383273546,1.478369691337006,1.4770026845035993,1.4756366104524539,1.4742715564070912,1.472907604499074,1.0689010742985663,0.9201466009659472
2.6139032625571326,0.7692085461191829,1.4850755653364633,1.4836722905649926,1.4822702774973926,1.4808696109250936,1.4794703703924368,1.4780726305075935,1.0693049744742922,0.9191687217111453
2.6261751088602177,0.7670489608976857,1.490323117356922,1.4888846561522555,1.4874478837200011,1.4860128766283085,1.484579706376853,1.4831484397072505,1.0696987432166212,0.918210163788103
2.6384469551633027,0.7649378022964334,1.49547816014397,1.4940047852954343,1.4925335311536563,1.491064465689565,1.48959765200801,1.4881331486560303,1.0700824190504632,0.9172711398180875
2.650718801466388,0.7628752557739483,1.5005386834915255,1.4990306993733964,1.4975252720835046,1.4960224606387427,1.4945223194158377,1.4930248984558054,1.0704560418183435,0.9163518583367988
2.662990647769473,0.7608615006530886,1.505502702698998,1.5039604453695716,1.5024211844768387,1.5008849697455913,1.4993518465095088,1.497821856010101,1.0708196525520841,0.9154525237282793
2.675262494072558,0.7588967102208232,1.5103682600292505,1.508792097284616,1.5072193733519088,1.5056501283461023,1.5040843982627468,1.502522215269683,1.0711732933441531,0.9145733361604143
2.6875343403756435,0.7569810518281243,1.5151334261560947,1.5135237575378422,1.5119179721348364,1.5103161001564096,1.508718167986161,1.5071241984647246,1.0715170072189037,0.9137144915220298
2.6998061866787286,0.7551146869898111,1.5197963015996747,1.5181535583558836,1.5165151440031939,1.514881078572854,1.5132513785853146,1.5116260573223443,1.0718508380038874,0.9128761813616003
2.7120780329818137,0.7532977714841744,1.5243550181481293,1.5226796631470685,1.5210090832147987,1.5193432879568514,1.5176822838032604,1.516026074268332,1.0721748302014724,0.9120585928275768
2.724349879284899,0.7515304554522285,1.5288077402639038,1.5271002678599772,1.5253980164203094,1.5237009849032392,1.5220091694462783,1.5203225636118642,1.072489028860948,0.9112619086103374
2.736621725587984,0.7498128834964125,1.5331526664731183,1.5314136023246807,1.52968020395819,1.52795245949076,1.5262303545915867,1.5245138727120688,1.0727934794513387,0.9104863068857751
2.748893571891069,0.7481451947785959,1.5373880307363985,1.535617931575173,1.5338539411306817,1.5320960365134018,1.5303441927758084,1.5285983831252985,1.0730882277351197,0.9097319612605185
2.761165418194154,0.746527523117215,1.5415121037995885,1.5397115571515252,1.537917559459379,1.5361300766912958,1.5343490731629958,1.5325745117319984,1.0733733196430424,0.9089990407187972
2.773437264497239,0.7449599970833948,1.5455231945228056,1.543692818380313,1.5418694279190759,1.540052977859922,1.5382434216910397,1.5364407118420802,1.0736488011502647,0.908287709570949
2.7857091108003242,0.7434427400958891,1.549419651186284,1.5475600936318854,1.5457079541485474,1.5438631761363846,1.542025702195324,1.5401954742777364,1.0739147181539876,0.9075981274035737
2.7979809571034093,0.7419758705146955,1.5531998627715062,1.5513118015530694,1.5494315856369574,1.5475591470615482,1.5456944175084937,1.5438373284326543,1.0741711163527965,0.9069304490313324
2.8102528034064944,0.7405595017331914,1.556862260216132,1.5549464022739328,1.5530388108846283,1.5511394067168462,1.5492481105352485,1.5473648433066223,1.0744180411278854,0.9062848244503926
2.82252464970958,0.7391937422686421,1.5604053176412591,1.5584623985872588,1.556528160536904,1.5546025128146141,1.5526853653010846,1.5507766285145312,1.0746555374263722,0.9056613987935178
2.834796496012665,0.7378786958509391,1.5638275535495996,1.5618583370993944,1.5598982084898974,1.5579470657608074,1.556004807973959,1.5540713352688273,1.074883649646876,0.9050603122867985
2.84706834231575,0.736614461509427,1.5671275319931541,1.5651328093512031,1.5631475729669297,1.5611717096890234,1.5592051078578506,1.557247657334475,1.0751024215275473,0.9044817002080263
2.859340188618835,0.7354011336576793,1.5703038637090319,1.5682844529078441,1.566274917564501,1.5642751334647467,1.5622849783572532,1.5603043319555399,1.075311896036722,0.9039256928466981
2.8716120349219203,0.7342388021760916,1.5733552072220736,1.571311952416164,1.5692789522666664,1.5672560716587953,1.5652431779116402,1.5632401407525167,1.0755121152663758,0.9033924154656602
2.8838838812250054,0.7331275524921618,1.576280269912999,1.5742140406285154,1.57215843442673,1.5701133054889624,1.5680785108989965,1.5660539105895666,1.075703120328552,0.9028819882643742
2.8961557275280905,0.7320674656583273,1.579077809050808,1.5769894993918416,1.5749121697152049,1.5728456637288877,1.5707898285075228,1.5687445144108545,1.0758849512549162,0.902394526343808
2.9084275738311756,0.7310586184272444,1.5817466327882301,1.579637160600923,1.5775390130330125,1.5754520235832359,1.5733760295746761,1.571310872045221,1.076057646899607,0.9019301396729458
2.9206994201342606,0.7301010833243814,1.5842856011190503,1.5821559071147169,1.5800378693889552,1.5779313115282791,1.5758360613927143,1.5737519509784277,1.076221244845531,0.9014889330569071
2.9329712664373457,0.7291949287178241,1.5866936267961746,1.5845446736347504,1.5824076947405115,1.5802825041170305,1.5781689204799834,1.576066767092285,1.0763757813142496,0.9010710061066757
2.945243112740431,0.728340218885173,1.5889696762093704,1.5868024475445839,1.5846474967970563,1.5825046287481122,1.5803736533171888,1.5782543853699713,1.0765212910795985,0.9006764532104247
2.9575149590435164,0.7275370140774402,1.5911127702216188,1.5889282697094094,1.5867563357846526,1.5845967643975682,1.5824493570479368,1.5803139205669097,1.0766578073851838,0.9003053635064383
2.9697868053466014,0.7267853705798349,1.5931219849631209,1.5909212352348674,1.5887333251715927,1.5865580423128927,1.5843951801428968,1.5822445378465817,1.0767853618658718,0.8999578208576228
2.9820586516496865,0.7260853407693507,1.5949964525819946,1.5927804941842472,1.590577632353915,1.5883876466685578,1.5862103230269187,1.584045453380717,1.076903984473407,0.8996339038275947
2.9943304979527716,0.7254369731690659,1.596735361950794,1.5945052522532592,1.592288479300165,1.5900848151823872,1.587894038668521,1.5857159349132972,1.0770137034062655,0.8993336856583493
3.0066023442558567,0.7248403124990666,1.5983379593279967,1.5960947714016096,1.5938651431547193,1.5916488396921535,1.5894456331311917,1.5872553022878853,1.0771145450438617,0.8990572342494974
3.018874190558942,0.7242953997239227,1.5998035489736973,1.5975483704406883,1.5953069567990217,1.5930790666918113,1.5908644660859583,1.5886629279377908,1.077206533885208,0.8988046121390638
3.031146036862027,0.7238022720966331,1.6011314937187597,1.5988654255766974,1.5966133093701387,1.5943748978268337,1.5921499512847666,1.5899382373386464,1.077289692492122,0.898575876485849
3.043417883165112,0.7233609631989866,1.602321215486763,1.6000453709086124,1.5977836467360862,1.5955357903481568,1.59330155699419,1.591080709422981,1.0773640414370693,0.8983710790533386
3.055689729468197,0.7229715029782606,1.603372195768126,1.6010876988804186,1.59881747192742,1.5965612575242611,1.5943188063890894,1.5920898769564276,1.0774295992557286,0.8981902661951656
3.067961575771282,0.7226339177802117,1.604283976045843,1.6019919606871154,1.5997143455246297,1.5974508690110014,1.5952012779058242,1.592965326875223,1.0774863824043475,0.8980334788421136
3.0802334220743677,0.7223482303783091,1.6050561581723242,1.6027577666340374,1.6004738860009295,1.5982042511787933,1.5959486055546994,1.5937067005847143,1.0775344052219613,0.8979007524906597
3.0925052683774528,0.722114459999153,1.6056884046969058,1.6033847864490751,1.60109577002008,1.5988210873968427,1.596560479191351,1.5943136942185931,1.0775736798975206,0.8977921171930545
3.104777114680538,0.7219326223440574,1.6061804391436256,1.603872749547468,1.6015797326889278,1.5993011182741226,1.5970366447468074,1.5947860588586336,1.0776042164420019,0.8977075975489306
3.117048960983623,0.7218027296067472,1.6065320462389518,1.60422144524885,1.6019255677643947,1.5996441418568739,1.59737690441602,1.595123600714751,1.077626022665518,0.8976472126984468
3.129320807286708,0.7217247904871544,1.6067430720891813,1.6044307229463186,1.6021331278146909,1.5998500137824128,1.597581116804682,1.5953261812652015,1.0776391041594846,0.8976109763169511
3.141592653589793,0.7216988102012867,1.6068134243073038,1.6045004922273354,1.602202324334601,1.5999186473891083,1.5976491970341928,1.5953937173568213,1.0776434642838608,0.8975988966111758
