local_temporary_path	bytes	sha256
tmp/priority_equivalents/owr2015_21.pdf	1630912	3c2f206268cfe2ef9eb59c9c4bb6f04f29806192d6381767438703ed8ada5561
tmp/priority_equivalents/wiebe_original.pdf	1715047	276cb3c9b77366497a0608a403b78d30150e35af0465f1da120c39bca075a35d
tmp/priority_equivalents/mohan_kumar1978.pdf	1264895	801159ec9a1ce67d6c193cde82554453dacde8d1b670cecdda2b346eb53a75fd
tmp/priority_equivalents/klr_v1.pdf	261744	c77d05684afc15ff42c79d62bf46b79ac14f4676b514fe1a2188b2f9020f6cbd
tmp/priority_equivalents/klr_v2.pdf	264367	91767dd06fad837e18e0a990e29859db69a91c6ca734833cd8e5d1615fcd0eee
tmp/priority_equivalents/klr_journal.pdf	258276	e22c6a1e47d6e2e15c181167637506588e010c48560cab178696054a05374c08
tmp/priority_equivalents/simon_strooker.pdf	414536	f07976b54ad3c1baf3b5050d4095ee8555647e909cc882e9d6abb21470ee979d
tmp/priority_equivalents/kr_border.pdf	312654	14d58c82e5c579c179aef95eea4e10ca1061525fc6b17d50d8badac6bfe962a8
tmp/priority_equivalents/long_dissertation.pdf	1558262	0bf4d6423b722e8c55a504f5a2714ff736f987649a34e136dc0cd1c14f551b17
tmp/priority_equivalents/klr_subschemes.pdf	529255	8b7a4587024bdf20896f845d7c62cd900a6fa2a6ecd21aabe00574c16bbc8d8e
tmp/priority_equivalents/taylor1970.pdf	1897978	a1ecf38fa31aadf6d6ada91634b504e09abe653104149e1619088e476ca3909b
tmp/priority_equivalents/desmit_lenstra1997.pdf	180125	da1fd7827b6423b1d048b67526bb5ef8c401c2019abb64468f88b0bedb94cff9
