interval,lower,upper,beta_upper,sqrt_upper_times_1000,norm_squared_upper
0,0,1/100,4,2000,26934/39601
1,1/100,1/50,53300/13333,2000,271958660/392030199
2,1/50,3/100,13300/3333,1998,182922176801/258700794000
3,3/100,1/25,159100/39991,1995,55328479803/76814712800
4,1/25,1/20,3300/833,1991,11149237543/15203916000
5,1/20,3/50,2100/533,1985,8979468209/12035992800
6,3/50,7/100,39100/9991,1979,1129359509487/1488619036000
7,7/100,2/25,51700/13317,1971,5913524461/7670592000
8,2/25,9/100,50/13,1962,742620681/948506000
9,9/100,1/10,151900/39919,1951,45799903443/57643036000
10,1/10,11/100,500/133,1939,45940641127/57010716000
11,11/100,3/25,49300/13293,1926,47966632877/58728474000
12,3/25,13/100,9100/2491,1912,36032044677/43553889500
13,13/100,7/50,47700/13277,1896,16025291239/19138795500
14,7/50,3/20,11700/3317,1879,46148530907/54491676000
15,3/20,4/25,5500/1591,1860,144065709/168327800
16,4/25,17/100,700/207,1839,23963168299/27728892000
17,17/100,9/50,43700/13237,1817,1146963570149/1315387164000
18,9/50,19/100,31900/9919,1794,571348889541/649912718000
19,19/100,1/5,41300/13213,1768,1421365583/1605379500
20,1/5,21/100,100/33,1741,1256043997/1409804000
21,21/100,11/50,115900/39559,1712,35079813183/39168354875
22,11/50,23/100,9300/3293,1681,1113409086557/1237996764000
23,23/100,6/25,35700/13157,1648,538563508/596998875
24,6/25,1/4,200/77,1612,3409587/3773000
25,1/4,13/50,52/21,1574,31935269/35322000
26,13/50,27/100,7700/3277,1533,354341590363/392309332000
27,27/100,7/25,87100/39271,1490,26170888857/29044831600
28,7/25,29/100,1700/817,1443,85739828857/95559588000
29,29/100,3/10,25300/13053,1393,13457200847/15089268000
30,3/10,31/100,700/391,1339,39514692063/44669404000
31,31/100,8/25,21300/13013,1280,753437603/860809950
32,8/25,33/100,300/203,1216,3667384817/4246100250
33,33/100,17/50,51100/38911,1146,455501488689/536115758000
34,17/50,7/20,3700/3237,1070,1174421477/1410037200
35,7/20,9/25,500/517,984,353137007/434538500
36,9/25,37/100,1900/2419,887,202726147119/257081644000
37,37/100,19/50,7700/12877,774,42776288471/56323998000
38,19/50,39/100,1300/3213,637,241063586467/333136692000
39,39/100,2/5,7900/38479,454,208247199/307832000
