catalog_id,n,graph6,source
MMV-001,10,IEhbtj{ro,arXiv:2110.09732v2 Table 9
MMV-002,10,IEhbtn{ro,arXiv:2110.09732v2 Table 9
MMV-003,11,JQyurj]yt|?,arXiv:2110.09732v2 Table 9
MMV-004,11,JEhbtj{rvu?,arXiv:2110.09732v2 Table 9
MMV-005,11,JEhbtj{rvx?,arXiv:2110.09732v2 Table 9
MMV-006,11,JEhbtj{rvf?,arXiv:2110.09732v2 Table 9
MMV-007,11,JEhbtj{ruv?,arXiv:2110.09732v2 Table 9
MMV-008,11,JEhbtj{rvT_,arXiv:2110.09732v2 Table 9
MMV-009,11,JEhbtj{rtt_,arXiv:2110.09732v2 Table 9
MMV-010,11,JEhbtj{rrt_,arXiv:2110.09732v2 Table 9
MMV-011,11,JEhbtj{rv}?,arXiv:2110.09732v2 Table 9
MMV-012,11,JEhbtj{rv|?,arXiv:2110.09732v2 Table 9
MMV-013,11,JEhbtj{rvv?,arXiv:2110.09732v2 Table 9
MMV-014,11,JEhbtj{rv^?,arXiv:2110.09732v2 Table 9
MMV-015,11,JEhbtj{rvx_,arXiv:2110.09732v2 Table 9
MMV-016,11,JEhbtj{rvt_,arXiv:2110.09732v2 Table 9
MMV-017,11,JEhbtj{rvl_,arXiv:2110.09732v2 Table 9
MMV-018,11,JEhbtj{rv\_,arXiv:2110.09732v2 Table 9
MMV-019,11,JEhbtj{rvf_,arXiv:2110.09732v2 Table 9
MMV-020,11,JEhbtj{rtv_,arXiv:2110.09732v2 Table 9
MMV-021,11,JEhbtj{rv~?,arXiv:2110.09732v2 Table 9
MMV-022,11,JEhbtj{rv|_,arXiv:2110.09732v2 Table 9
MMV-023,11,JEhbtj{rvv_,arXiv:2110.09732v2 Table 9
MMV-024,11,JEhbtj{rv~_,arXiv:2110.09732v2 Table 9
MMV-025,11,JEhbtnm~E|?,arXiv:2110.09732v2 Table 9
MMV-026,11,JEhbtnm~FZ?,arXiv:2110.09732v2 Table 9
MMV-027,11,JEhbtnm~D]_,arXiv:2110.09732v2 Table 9
MMV-028,11,JEhbtnm~@}_,arXiv:2110.09732v2 Table 9
MMV-029,11,JEhbtnN~Fu?,arXiv:2110.09732v2 Table 9
MMV-030,11,JEhbtnN~Bv?,arXiv:2110.09732v2 Table 9
MMV-031,11,JEhbtnN~Fw_,arXiv:2110.09732v2 Table 9
MMV-032,11,JEhbtnN~Fe_,arXiv:2110.09732v2 Table 9
MMV-033,11,JEhbtnN~Eu_,arXiv:2110.09732v2 Table 9
MMV-034,11,JEhbtnN~Bu_,arXiv:2110.09732v2 Table 9
MMV-035,11,JEhbtnN~Ef_,arXiv:2110.09732v2 Table 9
MMV-036,11,JEhbtnN~F}?,arXiv:2110.09732v2 Table 9
MMV-037,11,JEhbtnN~Fv?,arXiv:2110.09732v2 Table 9
MMV-038,11,JEhbtnN~F{_,arXiv:2110.09732v2 Table 9
MMV-039,11,JEhbtnN~Fu_,arXiv:2110.09732v2 Table 9
MMV-040,11,JEhbtnN~F]_,arXiv:2110.09732v2 Table 9
MMV-041,11,JEhbtnN~Ff_,arXiv:2110.09732v2 Table 9
MMV-042,11,JEhbtnN~Ev_,arXiv:2110.09732v2 Table 9
MMV-043,11,JEhbtnN~Bv_,arXiv:2110.09732v2 Table 9
MMV-044,11,JEhbtnN~F~?,arXiv:2110.09732v2 Table 9
MMV-045,11,JEhbtnN~F}_,arXiv:2110.09732v2 Table 9
MMV-046,11,JEhbtnN~Fv_,arXiv:2110.09732v2 Table 9
MMV-047,11,JEhbtnN~F~_,arXiv:2110.09732v2 Table 9
MMV-048,11,JEhvUtn~D{_,arXiv:2110.09732v2 Table 9
MMV-049,11,JEhutz{xr\_,arXiv:2110.09732v2 Table 9
MMV-050,11,JEhru^u~Fj?,arXiv:2110.09732v2 Table 9
MMV-051,11,JEhru]v~Et_,arXiv:2110.09732v2 Table 9
MMV-052,11,JEjbtnN~Dm_,arXiv:2110.09732v2 Table 9
MMV-053,11,JEnfbz\zbv?,arXiv:2110.09732v2 Table 9
MMV-054,11,JCXetqu|uz?,arXiv:2110.09732v2 Table 9
MMV-055,11,JCXetq}vVm?,arXiv:2110.09732v2 Table 9
MMV-056,11,JCXetq}|uz?,arXiv:2110.09732v2 Table 9
