# orbit_index,c01,c02,c03,c04,c12,c13,c14,c23,c24,c34
0,0,2,2,6,6,6,2,6,0,2
0,0,2,2,6,6,6,2,6,2,0
0,0,2,6,2,6,2,6,0,6,2
0,0,2,6,2,6,2,6,2,6,0
0,0,2,6,6,6,2,2,0,2,6
0,0,2,6,6,6,2,2,2,0,6
0,0,6,2,2,2,6,6,0,2,6
0,0,6,2,2,2,6,6,2,0,6
0,0,6,2,6,2,6,2,0,6,2
0,0,6,2,6,2,6,2,2,6,0
0,0,6,6,2,2,2,6,6,0,2
0,0,6,6,2,2,2,6,6,2,0
0,2,0,2,6,6,6,0,6,2,2
0,2,0,2,6,6,6,2,6,2,0
0,2,0,6,2,6,0,6,2,6,2
0,2,0,6,2,6,2,6,2,6,0
0,2,0,6,6,6,0,2,2,2,6
0,2,0,6,6,6,2,0,2,2,6
0,2,2,0,6,6,6,0,6,2,2
0,2,2,0,6,6,6,2,6,0,2
0,2,2,6,0,6,0,6,2,6,2
0,2,2,6,0,6,2,6,0,6,2
0,2,2,6,6,6,0,2,2,0,6
0,2,2,6,6,6,2,0,0,2,6
0,2,6,0,2,0,6,6,2,2,6
0,2,6,0,2,2,6,6,2,0,6
0,2,6,0,6,0,6,2,2,6,2
0,2,6,0,6,2,6,0,2,6,2
0,2,6,2,0,0,6,6,2,2,6
0,2,6,2,0,2,6,6,0,2,6
0,2,6,2,6,0,6,2,2,6,0
0,2,6,2,6,2,6,0,0,6,2
0,2,6,6,0,0,2,6,6,2,2
0,2,6,6,0,2,0,6,6,2,2
0,2,6,6,2,0,2,6,6,2,0
0,2,6,6,2,2,0,6,6,0,2
0,6,0,2,2,2,0,2,6,6,6
0,6,0,2,2,2,2,0,6,6,6
0,6,0,2,6,2,0,6,6,2,2
0,6,0,2,6,2,2,6,6,2,0
0,6,0,6,2,2,6,0,2,6,2
0,6,0,6,2,2,6,2,2,6,0
0,6,2,0,2,0,2,2,6,6,6
0,6,2,0,2,2,2,0,6,6,6
0,6,2,0,6,0,2,6,6,2,2
0,6,2,0,6,2,2,6,6,0,2
0,6,2,2,0,0,2,2,6,6,6
0,6,2,2,0,2,0,2,6,6,6
0,6,2,2,6,0,2,6,6,2,0
0,6,2,2,6,2,0,6,6,0,2
0,6,2,6,0,0,6,2,2,6,2
0,6,2,6,0,2,6,2,0,6,2
0,6,2,6,2,0,6,2,2,6,0
0,6,2,6,2,2,6,0,0,6,2
0,6,6,0,2,6,2,0,2,2,6
0,6,6,0,2,6,2,2,2,0,6
0,6,6,2,0,6,0,2,2,2,6
0,6,6,2,0,6,2,2,0,2,6
0,6,6,2,2,6,0,2,2,0,6
0,6,6,2,2,6,2,0,0,2,6
1,0,2,2,6,6,6,2,4,2,6
1,0,2,2,6,6,6,2,4,6,2
1,0,2,6,2,6,2,6,2,4,6
1,0,2,6,2,6,2,6,6,4,2
1,0,2,6,6,6,2,2,2,6,4
1,0,2,6,6,6,2,2,6,2,4
1,0,6,2,2,2,6,6,2,6,4
1,0,6,2,2,2,6,6,6,2,4
1,0,6,2,6,2,6,2,2,4,6
1,0,6,2,6,2,6,2,6,4,2
1,0,6,6,2,2,2,6,4,2,6
1,0,6,6,2,2,2,6,4,6,2
1,2,0,2,6,6,4,2,6,2,6
1,2,0,2,6,6,4,6,6,2,2
1,2,0,6,2,6,2,4,2,6,6
1,2,0,6,2,6,6,4,2,6,2
1,2,0,6,6,6,2,6,2,2,4
1,2,0,6,6,6,6,2,2,2,4
1,2,2,0,6,4,6,2,6,6,2
1,2,2,0,6,4,6,6,6,2,2
1,2,2,4,6,6,2,0,6,2,6
1,2,2,4,6,6,6,2,2,0,6
1,2,2,6,0,4,2,6,6,6,2
1,2,2,6,0,4,6,6,2,6,2
1,2,2,6,4,6,0,2,2,6,6
1,2,2,6,4,6,2,6,0,2,6
1,2,2,6,6,6,0,6,2,4,2
1,2,2,6,6,6,2,4,0,6,2
1,2,2,6,6,6,4,2,6,0,2
1,2,2,6,6,6,6,0,4,2,2
1,2,4,2,6,2,6,0,6,6,2
1,2,4,2,6,6,6,2,2,6,0
1,2,4,6,2,2,0,6,6,6,2
1,2,4,6,2,6,2,6,6,2,0
1,2,4,6,6,2,0,6,6,2,2
1,2,4,6,6,2,6,0,2,6,2
1,2,6,0,2,2,6,4,2,6,6
1,2,6,0,2,6,6,4,2,2,6
1,2,6,0,6,2,6,6,2,4,2
1,2,6,0,6,6,6,2,2,4,2
1,2,6,2,0,2,4,6,6,2,6
1,2,6,2,0,6,4,6,2,2,6
1,2,6,2,4,0,6,2,2,6,6
1,2,6,2,4,2,6,6,0,6,2
1,2,6,2,6,0,6,6,2,2,4
1,2,6,2,6,2,6,4,0,2,6
1,2,6,2,6,4,6,2,6,2,0
1,2,6,2,6,6,6,0,4,2,2
1,2,6,4,2,0,2,6,6,2,6
1,2,6,4,2,2,6,6,6,0,2
1,2,6,4,6,0,2,6,6,2,2
1,2,6,4,6,6,2,0,2,2,6
1,2,6,6,0,2,6,6,4,2,2
1,2,6,6,0,6,2,6,4,2,2
1,2,6,6,2,0,6,6,2,2,4
1,2,6,6,2,2,4,6,2,0,6
1,2,6,6,2,4,2,6,2,6,0
1,2,6,6,2,6,0,6,2,4,2
1,2,6,6,4,0,6,2,2,6,2
1,2,6,6,4,6,0,2,2,2,6
1,4,2,2,6,2,6,6,6,0,2
1,4,2,2,6,6,2,6,6,2,0
1,4,2,6,2,2,6,6,0,6,2
1,4,2,6,2,6,6,2,2,6,0
1,4,2,6,6,2,2,6,6,0,2
1,4,2,6,6,2,6,2,0,6,2
1,4,6,2,2,6,2,6,0,2,6
1,4,6,2,2,6,6,2,2,0,6
1,4,6,2,6,2,2,6,6,2,0
1,4,6,2,6,6,2,2,0,2,6
1,4,6,6,2,2,6,2,2,6,0
1,4,6,6,2,6,2,2,2,0,6
1,6,0,2,2,2,2,6,6,6,4
1,6,0,2,2,2,6,2,6,6,4
1,6,0,2,6,2,2,4,6,2,6
1,6,0,2,6,2,6,4,6,2,2
1,6,0,6,2,2,4,2,2,6,6
1,6,0,6,2,2,4,6,2,6,2
1,6,2,0,2,2,2,6,6,4,6
1,6,2,0,2,6,2,2,6,4,6
1,6,2,0,6,2,2,4,6,6,2
1,6,2,0,6,6,2,4,6,2,2
1,6,2,2,0,2,6,2,4,6,6
1,6,2,2,0,6,2,2,4,6,6
1,6,2,2,4,0,2,6,6,2,6
1,6,2,2,4,2,0,6,6,6,2
1,6,2,2,6,0,2,2,6,6,4
1,6,2,2,6,2,0,2,6,4,6
1,6,2,2,6,4,6,2,6,2,0
1,6,2,2,6,6,4,2,6,0,2
1,6,2,4,2,0,6,2,2,6,6
1,6,2,4,2,2,6,0,6,6,2
1,6,2,4,6,0,6,2,2,6,2
1,6,2,4,6,6,2,2,2,0,6
1,6,2,6,0,2,4,2,6,6,2
1,6,2,6,0,6,4,2,2,6,2
1,6,2,6,2,0,2,2,6,6,4
1,6,2,6,2,2,2,0,4,6,6
1,6,2,6,2,4,2,6,2,6,0
1,6,2,6,2,6,2,4,0,6,2
1,6,2,6,4,0,2,6,6,2,2
1,6,2,6,4,6,2,2,0,2,6
1,6,4,2,2,6,0,2,2,6,6
1,6,4,2,2,6,2,0,6,2,6
1,6,4,2,6,2,6,2,2,6,0
1,6,4,2,6,6,0,2,2,2,6
1,6,4,6,2,2,2,6,6,2,0
1,6,4,6,2,6,2,0,2,2,6
1,6,6,0,2,4,2,2,2,6,6
1,6,6,0,2,4,2,6,2,2,6
1,6,6,2,0,4,2,2,6,2,6
1,6,6,2,0,4,6,2,2,2,6
1,6,6,2,2,2,0,2,6,4,6
1,6,6,2,2,2,2,0,4,6,6
1,6,6,2,2,2,4,6,2,0,6
1,6,6,2,2,2,6,4,0,2,6
1,6,6,2,4,2,0,6,6,2,2
1,6,6,2,4,2,6,2,0,6,2
1,6,6,4,2,2,2,6,6,0,2
1,6,6,4,2,2,6,0,2,6,2
2,0,2,2,4,6,6,4,4,2,2
2,0,2,4,2,6,4,6,2,4,2
2,0,4,2,2,4,6,6,2,2,4
2,0,4,6,6,4,2,2,2,2,4
2,0,6,4,6,2,4,2,2,4,2
2,0,6,6,4,2,2,4,4,2,2
2,2,0,2,4,6,4,2,6,4,2
2,2,0,4,2,6,2,4,4,6,2
2,2,2,0,4,4,6,2,6,2,4
2,2,2,4,0,4,2,6,2,6,4
2,2,2,4,4,4,2,6,2,6,0
2,2,2,4,4,4,6,2,6,2,0
2,2,2,4,6,4,2,0,2,4,6
2,2,2,4,6,4,2,4,2,0,6
2,2,2,6,4,4,0,2,4,2,6
2,2,2,6,4,4,4,2,0,2,6
2,2,4,0,2,2,6,4,4,2,6
2,2,4,2,0,2,4,6,2,4,6
2,2,4,2,4,2,4,6,2,0,6
2,2,4,2,4,6,4,2,6,0,2
2,2,4,2,6,2,4,0,2,6,4
2,2,4,2,6,2,4,4,2,6,0
2,2,4,4,2,2,6,4,0,2,6
2,2,4,4,2,6,2,4,0,6,2
2,2,4,6,2,2,0,4,6,2,4
2,2,4,6,2,2,4,4,6,2,0
2,2,6,2,4,0,4,2,4,6,2
2,2,6,2,4,4,4,2,0,6,2
2,2,6,4,2,0,2,4,6,4,2
2,2,6,4,2,4,2,4,6,0,2
2,4,0,2,2,4,2,2,6,6,4
2,4,0,6,6,4,2,2,2,2,4
2,4,2,0,2,2,4,2,6,4,6
2,4,2,2,0,2,2,4,4,6,6
2,4,2,2,4,2,2,0,4,6,6
2,4,2,2,4,6,6,0,4,2,2
2,4,2,2,6,2,2,6,4,0,4
2,4,2,2,6,2,2,6,4,4,0
2,4,2,4,2,2,0,2,6,4,6
2,4,2,4,2,6,0,6,2,4,2
2,4,2,6,2,2,6,2,0,4,4
2,4,2,6,2,2,6,2,4,4,0
2,4,4,2,2,0,2,2,6,6,4
2,4,4,2,2,0,6,6,2,2,4
2,4,6,0,6,2,4,2,2,4,2
2,4,6,2,2,6,2,2,0,4,4
2,4,6,2,2,6,2,2,4,0,4
2,4,6,6,0,2,2,4,4,2,2
2,6,0,4,6,2,2,4,4,2,2
2,6,0,6,4,2,4,2,2,4,2
2,6,2,2,4,0,4,6,4,2,2
2,6,2,2,4,4,0,6,4,2,2
2,6,2,4,2,0,6,4,2,4,2
2,6,2,4,2,4,6,0,2,4,2
2,6,4,0,6,2,2,4,4,2,2
2,6,4,2,2,6,0,4,2,2,4
2,6,4,2,2,6,4,0,2,2,4
2,6,4,6,0,2,4,2,2,4,2
2,6,6,0,4,4,2,2,2,2,4
2,6,6,4,0,4,2,2,2,2,4
3,0,2,3,5,6,5,3,3,5,0
3,0,2,5,3,6,3,5,5,3,0
3,0,3,2,5,5,6,3,3,0,5
3,0,3,3,5,5,5,3,2,0,6
3,0,3,3,5,5,5,3,2,6,0
3,0,3,5,2,5,3,6,0,3,5
3,0,3,5,3,5,3,5,0,2,6
3,0,3,5,3,5,3,5,6,2,0
3,0,3,5,5,5,3,3,0,6,2
3,0,3,5,5,5,3,3,6,0,2
3,0,3,5,6,5,3,2,0,5,3
3,0,3,6,5,5,2,3,5,0,3
3,0,5,2,3,3,6,5,5,0,3
3,0,5,3,2,3,5,6,0,5,3
3,0,5,3,3,3,5,5,0,6,2
3,0,5,3,3,3,5,5,6,0,2
3,0,5,3,5,3,5,3,0,2,6
3,0,5,3,5,3,5,3,6,2,0
3,0,5,3,6,3,5,2,0,3,5
3,0,5,5,3,3,3,5,2,0,6
3,0,5,5,3,3,3,5,2,6,0
3,0,5,6,3,3,2,5,3,0,5
3,0,6,3,5,2,5,3,5,3,0
3,0,6,5,3,2,3,5,3,5,0
3,2,0,3,5,6,3,5,5,3,0
3,2,0,5,3,6,5,3,3,5,0
3,2,3,0,5,3,6,5,5,0,3
3,2,3,5,0,3,5,6,0,5,3
3,2,3,5,6,3,5,0,0,5,3
3,2,3,6,5,3,0,5,5,0,3
3,2,5,0,3,5,6,3,3,0,5
3,2,5,3,0,5,3,6,0,3,5
3,2,5,3,6,5,3,0,0,3,5
3,2,5,6,3,5,0,3,3,0,5
3,2,6,3,5,0,3,5,5,3,0
3,2,6,5,3,0,5,3,3,5,0
3,3,0,2,5,5,3,0,6,3,5
3,3,0,3,5,5,2,0,5,3,6
3,3,0,3,5,5,2,6,5,3,0
3,3,0,5,2,5,0,3,3,6,5
3,3,0,5,3,5,0,2,3,5,6
3,3,0,5,3,5,6,2,3,5,0
3,3,0,5,5,5,0,6,3,3,2
3,3,0,5,5,5,6,0,3,3,2
3,3,0,5,6,5,0,5,3,2,3
3,3,0,6,5,5,5,0,2,3,3
3,3,2,0,5,3,5,0,6,5,3
3,3,2,5,0,3,0,5,5,6,3
3,3,2,5,6,3,0,5,5,0,3
3,3,2,6,5,3,5,0,0,5,3
3,3,3,0,5,2,5,0,5,6,3
3,3,3,0,5,2,5,6,5,0,3
3,3,3,5,0,2,0,5,6,5,3
3,3,3,5,0,2,6,5,0,5,3
3,3,5,0,2,0,5,3,3,5,6
3,3,5,0,3,0,5,2,3,6,5
3,3,5,0,3,6,5,2,3,0,5
3,3,5,0,5,0,5,6,3,2,3
3,3,5,0,5,6,5,0,3,2,3
3,3,5,0,6,0,5,5,3,3,2
3,3,5,2,0,0,3,5,5,3,6
3,3,5,2,6,0,3,5,5,3,0
3,3,5,3,0,0,2,5,6,3,5
3,3,5,3,0,6,2,5,0,3,5
3,3,5,5,0,0,6,5,2,3,3
3,3,5,5,0,6,0,5,2,3,3
3,3,5,6,0,0,5,5,3,3,2
3,3,5,6,2,0,5,3,3,5,0
3,3,6,0,5,5,5,0,2,3,3
3,3,6,2,5,5,3,0,0,3,5
3,3,6,5,0,5,0,5,3,2,3
3,3,6,5,2,5,0,3,3,0,5
3,5,0,2,3,3,5,0,6,5,3
3,5,0,3,2,3,0,5,5,6,3
3,5,0,3,3,3,0,6,5,5,2
3,5,0,3,3,3,6,0,5,5,2
3,5,0,3,5,3,0,2,5,3,6
3,5,0,3,5,3,6,2,5,3,0
3,5,0,3,6,3,0,3,5,2,5
3,5,0,5,3,3,2,0,3,5,6
3,5,0,5,3,3,2,6,3,5,0
3,5,0,6,3,3,3,0,2,5,5
3,5,2,0,3,5,3,0,6,3,5
3,5,2,3,0,5,0,3,3,6,5
3,5,2,3,6,5,0,3,3,0,5
3,5,2,6,3,5,3,0,0,3,5
3,5,3,0,2,0,3,5,5,3,6
3,5,3,0,3,0,3,6,5,2,5
3,5,3,0,3,6,3,0,5,2,5
3,5,3,0,5,0,3,2,5,6,3
3,5,3,0,5,6,3,2,5,0,3
3,5,3,0,6,0,3,3,5,5,2
3,5,3,2,0,0,5,3,3,5,6
3,5,3,2,6,0,5,3,3,5,0
3,5,3,3,0,0,6,3,2,5,5
3,5,3,3,0,6,0,3,2,5,5
3,5,3,5,0,0,2,3,6,5,3
3,5,3,5,0,6,2,3,0,5,3
3,5,3,6,0,0,3,3,5,5,2
3,5,3,6,2,0,3,5,5,3,0
3,5,5,0,3,2,3,0,3,6,5
3,5,5,0,3,2,3,6,3,0,5
3,5,5,3,0,2,0,3,6,3,5
3,5,5,3,0,2,6,3,0,3,5
3,5,6,0,3,3,3,0,2,5,5
3,5,6,2,3,3,5,0,0,5,3
3,5,6,3,0,3,0,3,5,2,5
3,5,6,3,2,3,0,5,5,0,3
3,6,0,3,5,2,5,3,5,3,0
3,6,0,5,3,2,3,5,3,5,0
3,6,2,3,5,0,5,3,3,5,0
3,6,2,5,3,0,3,5,5,3,0
3,6,3,0,5,5,2,3,5,0,3
3,6,3,2,5,5,0,3,3,0,5
3,6,3,5,0,5,3,2,0,5,3
3,6,3,5,2,5,3,0,0,3,5
3,6,5,0,3,3,2,5,3,0,5
3,6,5,2,3,3,0,5,5,0,3
3,6,5,3,0,3,5,2,0,3,5
3,6,5,3,2,3,5,0,0,5,3
4,0,3,3,5,5,5,3,1,4,4
4,0,3,5,3,5,3,5,4,1,4
4,0,3,5,5,5,3,3,4,4,1
4,0,5,3,3,3,5,5,4,4,1
4,0,5,3,5,3,5,3,4,1,4
4,0,5,5,3,3,3,5,1,4,4
4,1,3,4,5,3,4,5,5,0,3
4,1,3,5,4,3,5,4,0,5,3
4,1,4,3,5,4,3,5,5,3,0
4,1,4,5,3,4,5,3,3,5,0
4,1,5,3,4,5,3,4,0,3,5
4,1,5,4,3,5,4,3,3,0,5
4,3,0,3,5,5,1,4,5,3,4
4,3,0,5,3,5,4,1,3,5,4
4,3,0,5,5,5,4,4,3,3,1
4,3,1,4,5,3,5,0,4,5,3
4,3,1,5,4,3,0,5,5,4,3
4,3,3,0,5,1,5,4,5,4,3
4,3,3,5,0,1,4,5,4,5,3
4,3,4,1,5,5,3,0,4,3,5
4,3,4,4,5,5,5,0,1,3,3
4,3,4,5,1,5,0,3,3,4,5
4,3,4,5,4,5,0,5,3,1,3
4,3,5,0,3,4,5,1,3,4,5
4,3,5,0,5,4,5,4,3,1,3
4,3,5,1,4,0,3,5,5,3,4
4,3,5,3,0,4,1,5,4,3,5
4,3,5,4,1,0,5,3,3,5,4
4,3,5,4,4,0,5,5,3,3,1
4,3,5,5,0,4,4,5,1,3,3
4,4,1,3,5,4,5,3,3,5,0
4,4,1,5,3,4,3,5,5,3,0
4,4,3,1,5,5,4,3,3,0,5
4,4,3,4,5,5,1,3,5,0,3
4,4,3,5,1,5,3,4,0,3,5
4,4,3,5,4,5,3,1,0,5,3
4,4,4,3,5,1,5,3,5,3,0
4,4,4,5,3,1,3,5,3,5,0
4,4,5,1,3,3,4,5,5,0,3
4,4,5,3,1,3,5,4,0,5,3
4,4,5,3,4,3,5,1,0,3,5
4,4,5,4,3,3,1,5,3,0,5
4,5,0,3,3,3,4,4,5,5,1
4,5,0,3,5,3,4,1,5,3,4
4,5,0,5,3,3,1,4,3,5,4
4,5,1,3,4,5,0,3,3,4,5
4,5,1,4,3,5,3,0,4,3,5
4,5,3,0,3,4,3,4,5,1,5
4,5,3,0,5,4,3,1,5,4,3
4,5,3,1,4,0,5,3,3,5,4
4,5,3,3,0,4,4,3,1,5,5
4,5,3,4,1,0,3,5,5,3,4
4,5,3,4,4,0,3,3,5,5,1
4,5,3,5,0,4,1,3,4,5,3
4,5,4,1,3,3,5,0,4,5,3
4,5,4,3,1,3,0,5,5,4,3
4,5,4,3,4,3,0,3,5,1,5
4,5,4,4,3,3,3,0,1,5,5
4,5,5,0,3,1,3,4,3,4,5
4,5,5,3,0,1,4,3,4,3,5
5,0,4,4,4,4,4,4,6,6,6
5,4,0,4,4,4,6,6,4,4,6
5,4,4,0,4,6,4,6,4,6,4
5,4,4,4,0,6,6,4,6,4,4
5,4,4,6,6,0,4,4,4,4,6
5,4,6,4,6,4,0,4,4,6,4
5,4,6,6,4,4,4,0,6,4,4
5,6,4,4,6,4,4,6,0,4,4
5,6,4,6,4,4,6,4,4,0,4
5,6,6,4,4,6,4,4,4,4,0
6,1,1,2,2,5,4,6,6,4,4
6,1,1,2,2,5,6,4,4,6,4
6,1,2,1,2,4,5,6,6,4,4
6,1,2,1,2,6,5,4,4,4,6
6,1,2,2,1,4,6,5,4,6,4
6,1,2,2,1,6,4,5,4,4,6
6,1,4,5,6,2,1,2,6,4,4
6,1,4,6,5,2,2,1,4,6,4
6,1,5,4,6,1,2,2,6,4,4
6,1,5,6,4,1,2,2,4,6,4
6,1,6,4,5,2,2,1,4,4,6
6,1,6,5,4,2,1,2,4,4,6
6,2,1,1,2,4,6,4,5,6,4
6,2,1,1,2,6,4,4,5,4,6
6,2,1,2,1,4,4,6,6,5,4
6,2,1,2,1,6,4,4,4,5,6
6,2,2,1,1,4,4,6,6,4,5
6,2,2,1,1,4,6,4,4,6,5
6,2,4,4,6,1,2,1,6,5,4
6,2,4,4,6,2,1,1,6,4,5
6,2,4,6,4,1,1,2,5,6,4
6,2,4,6,4,2,1,1,4,6,5
6,2,6,4,4,1,1,2,5,4,6
6,2,6,4,4,1,2,1,4,5,6
6,4,1,5,6,2,6,4,1,2,4
6,4,1,6,5,2,4,6,2,1,4
6,4,2,4,6,1,6,5,2,1,4
6,4,2,4,6,2,6,4,1,1,5
6,4,2,6,4,1,5,6,1,2,4
6,4,2,6,4,2,4,6,1,1,5
6,4,4,2,6,6,1,5,2,4,1
6,4,4,2,6,6,2,4,1,5,1
6,4,4,6,2,6,4,2,5,1,1
6,4,4,6,2,6,5,1,4,2,1
6,4,5,1,6,6,2,4,1,4,2
6,4,5,6,1,6,4,2,4,1,2
6,4,6,1,5,4,2,6,2,4,1
6,4,6,2,4,4,2,6,1,5,1
6,4,6,2,4,5,1,6,1,4,2
6,4,6,4,2,4,6,2,5,1,1
6,4,6,4,2,5,6,1,4,1,2
6,4,6,5,1,4,6,2,4,2,1
6,5,1,4,6,1,6,4,2,2,4
6,5,1,6,4,1,4,6,2,2,4
6,5,4,1,6,6,1,4,2,4,2
6,5,4,6,1,6,4,1,4,2,2
6,5,6,1,4,4,1,6,2,4,2
6,5,6,4,1,4,6,1,4,2,2
6,6,1,4,5,2,4,4,2,1,6
6,6,1,5,4,2,4,4,1,2,6
6,6,2,4,4,1,4,5,2,1,6
6,6,2,4,4,1,5,4,1,2,6
6,6,4,1,5,4,2,4,2,6,1
6,6,4,2,4,4,1,5,2,6,1
6,6,4,2,4,5,1,4,1,6,2
6,6,4,4,2,4,5,1,6,2,1
6,6,4,4,2,5,4,1,6,1,2
6,6,4,5,1,4,4,2,6,2,1
6,6,5,1,4,4,2,4,1,6,2
6,6,5,4,1,4,4,2,6,1,2
7,1,1,4,4,5,2,5,5,2,5
7,1,1,4,4,5,5,2,2,5,5
7,1,2,5,5,4,1,4,5,5,2
7,1,2,5,5,4,4,1,5,5,2
7,1,4,1,4,2,5,5,5,5,2
7,1,4,1,4,5,5,2,2,5,5
7,1,4,4,1,2,5,5,5,5,2
7,1,4,4,1,5,2,5,5,2,5
7,1,5,2,5,1,4,4,5,2,5
7,1,5,2,5,4,4,1,5,2,5
7,1,5,5,2,1,4,4,2,5,5
7,1,5,5,2,4,1,4,2,5,5
7,2,1,5,5,4,5,5,1,4,2
7,2,1,5,5,4,5,5,4,1,2
7,2,4,5,5,1,5,5,1,4,2
7,2,4,5,5,1,5,5,4,1,2
7,2,5,1,5,5,4,5,1,2,4
7,2,5,1,5,5,4,5,4,2,1
7,2,5,4,5,5,1,5,1,2,4
7,2,5,4,5,5,1,5,4,2,1
7,2,5,5,1,5,5,4,2,1,4
7,2,5,5,1,5,5,4,2,4,1
7,2,5,5,4,5,5,1,2,1,4
7,2,5,5,4,5,5,1,2,4,1
7,4,1,1,4,2,5,5,5,5,2
7,4,1,1,4,5,2,5,5,2,5
7,4,1,4,1,2,5,5,5,5,2
7,4,1,4,1,5,5,2,2,5,5
7,4,2,5,5,1,1,4,5,5,2
7,4,2,5,5,1,4,1,5,5,2
7,4,4,1,1,5,2,5,5,2,5
7,4,4,1,1,5,5,2,2,5,5
7,4,5,2,5,1,1,4,5,2,5
7,4,5,2,5,4,1,1,5,2,5
7,4,5,5,2,1,4,1,2,5,5
7,4,5,5,2,4,1,1,2,5,5
7,5,1,2,5,1,5,2,4,4,5
7,5,1,2,5,4,5,2,4,1,5
7,5,1,5,2,1,2,5,4,4,5
7,5,1,5,2,4,2,5,1,4,5
7,5,2,1,5,5,1,2,4,5,4
7,5,2,1,5,5,4,2,4,5,1
7,5,2,4,5,5,1,2,1,5,4
7,5,2,4,5,5,4,2,1,5,1
7,5,2,5,1,5,2,1,5,4,4
7,5,2,5,1,5,2,4,5,4,1
7,5,2,5,4,5,2,1,5,1,4
7,5,2,5,4,5,2,4,5,1,1
7,5,4,2,5,1,5,2,1,4,5
7,5,4,2,5,4,5,2,1,1,5
7,5,4,5,2,1,2,5,4,1,5
7,5,4,5,2,4,2,5,1,1,5
7,5,5,1,2,2,1,5,4,5,4
7,5,5,1,2,2,4,5,1,5,4
7,5,5,2,1,2,5,1,5,4,4
7,5,5,2,1,2,5,4,5,1,4
7,5,5,2,4,2,5,1,5,4,1
7,5,5,2,4,2,5,4,5,1,1
7,5,5,4,2,2,1,5,4,5,1
7,5,5,4,2,2,4,5,1,5,1
8,1,1,3,3,5,3,6,6,3,1
8,1,1,3,3,5,6,3,3,6,1
8,1,3,1,3,3,5,6,6,1,3
8,1,3,1,3,6,5,3,3,1,6
8,1,3,3,1,3,6,5,1,6,3
8,1,3,3,1,6,3,5,1,3,6
8,1,3,3,6,3,6,3,1,1,5
8,1,3,3,6,6,3,3,1,5,1
8,1,3,5,6,3,1,3,6,1,3
8,1,3,6,3,3,3,6,1,1,5
8,1,3,6,3,6,3,3,5,1,1
8,1,3,6,5,3,3,1,1,6,3
8,1,5,3,6,1,3,3,6,3,1
8,1,5,6,3,1,3,3,3,6,1
8,1,6,3,3,3,3,6,1,5,1
8,1,6,3,3,3,6,3,5,1,1
8,1,6,3,5,3,3,1,1,3,6
8,1,6,5,3,3,1,3,3,1,6
8,3,1,1,3,3,6,1,5,6,3
8,3,1,1,3,6,3,1,5,3,6
8,3,1,3,1,3,1,6,6,5,3
8,3,1,3,1,6,1,3,3,5,6
8,3,1,3,6,3,1,1,6,3,5
8,3,1,3,6,6,1,5,3,3,1
8,3,1,5,6,3,6,1,1,3,3
8,3,1,6,3,3,1,1,3,6,5
8,3,1,6,3,6,5,1,3,3,1
8,3,1,6,5,3,1,6,3,1,3
8,3,3,1,1,1,3,6,6,3,5
8,3,3,1,1,1,6,3,3,6,5
8,3,3,1,6,1,3,1,6,5,3
8,3,3,1,6,1,6,5,3,1,3
8,3,3,6,1,1,1,3,5,6,3
8,3,3,6,1,1,5,6,1,3,3
8,3,5,1,6,6,3,1,1,3,3
8,3,5,6,1,6,1,3,3,1,3
8,3,6,1,3,1,3,1,3,5,6
8,3,6,1,3,5,6,1,3,1,3
8,3,6,1,5,1,3,6,3,3,1
8,3,6,3,1,1,1,3,5,3,6
8,3,6,3,1,5,1,6,1,3,3
8,3,6,5,1,1,6,3,3,3,1
8,5,1,3,6,1,6,3,3,3,1
8,5,1,6,3,1,3,6,3,3,1
8,5,3,1,6,6,1,3,3,1,3
8,5,3,6,1,6,3,1,1,3,3
8,5,6,1,3,3,1,6,3,1,3
8,5,6,3,1,3,6,1,1,3,3
8,6,1,3,3,3,1,5,3,6,1
8,6,1,3,3,3,5,1,6,3,1
8,6,1,3,5,3,1,3,3,1,6
8,6,1,5,3,3,3,1,1,3,6
8,6,3,1,3,1,3,5,3,1,6
8,6,3,1,3,5,3,1,6,1,3
8,6,3,1,5,1,3,3,3,6,1
8,6,3,3,1,1,5,3,1,3,6
8,6,3,3,1,5,1,3,1,6,3
8,6,3,5,1,1,3,3,6,3,1
8,6,5,1,3,3,3,1,1,6,3
8,6,5,3,1,3,1,3,6,1,3
9,1,1,1,6,6,6,1,6,1,3
9,1,1,1,6,6,6,1,6,3,1
9,1,1,1,6,6,6,3,6,1,1
9,1,1,3,6,6,6,1,6,1,1
9,1,1,6,1,6,1,6,1,6,3
9,1,1,6,1,6,1,6,3,6,1
9,1,1,6,1,6,3,6,1,6,1
9,1,1,6,3,6,1,6,1,6,1
9,1,1,6,6,6,1,1,1,3,6
9,1,1,6,6,6,1,1,3,1,6
9,1,1,6,6,6,1,3,1,1,6
9,1,1,6,6,6,3,1,1,1,6
9,1,3,1,6,6,6,1,6,1,1
9,1,3,6,1,6,1,6,1,6,1
9,1,3,6,6,6,1,1,1,1,6
9,1,6,1,1,1,6,6,1,3,6
9,1,6,1,1,1,6,6,3,1,6
9,1,6,1,1,3,6,6,1,1,6
9,1,6,1,3,1,6,6,1,1,6
9,1,6,1,6,1,6,1,1,6,3
9,1,6,1,6,1,6,1,3,6,1
9,1,6,1,6,1,6,3,1,6,1
9,1,6,1,6,3,6,1,1,6,1
9,1,6,3,1,1,6,6,1,1,6
9,1,6,3,6,1,6,1,1,6,1
9,1,6,6,1,1,1,6,6,1,3
9,1,6,6,1,1,1,6,6,3,1
9,1,6,6,1,1,3,6,6,1,1
9,1,6,6,1,3,1,6,6,1,1
9,1,6,6,3,1,1,6,6,1,1
9,3,1,1,6,6,6,1,6,1,1
9,3,1,6,1,6,1,6,1,6,1
9,3,1,6,6,6,1,1,1,1,6
9,3,6,1,1,1,6,6,1,1,6
9,3,6,1,6,1,6,1,1,6,1
9,3,6,6,1,1,1,6,6,1,1
9,6,1,1,1,1,1,3,6,6,6
9,6,1,1,1,1,3,1,6,6,6
9,6,1,1,1,3,1,1,6,6,6
9,6,1,1,3,1,1,1,6,6,6
9,6,1,1,6,1,1,6,6,1,3
9,6,1,1,6,1,1,6,6,3,1
9,6,1,1,6,1,3,6,6,1,1
9,6,1,1,6,3,1,6,6,1,1
9,6,1,3,1,1,1,1,6,6,6
9,6,1,3,6,1,1,6,6,1,1
9,6,1,6,1,1,6,1,1,6,3
9,6,1,6,1,1,6,1,3,6,1
9,6,1,6,1,1,6,3,1,6,1
9,6,1,6,1,3,6,1,1,6,1
9,6,1,6,3,1,6,1,1,6,1
9,6,3,1,1,1,1,1,6,6,6
9,6,3,1,6,1,1,6,6,1,1
9,6,3,6,1,1,6,1,1,6,1
9,6,6,1,1,6,1,1,1,3,6
9,6,6,1,1,6,1,1,3,1,6
9,6,6,1,1,6,1,3,1,1,6
9,6,6,1,1,6,3,1,1,1,6
9,6,6,1,3,6,1,1,1,1,6
9,6,6,3,1,6,1,1,1,1,6
10,1,1,2,6,6,6,2,6,2,1
10,1,1,6,2,6,2,6,2,6,1
10,1,2,1,6,6,6,2,6,1,2
10,1,2,2,6,6,6,2,6,1,1
10,1,2,6,1,6,2,6,1,6,2
10,1,2,6,2,6,2,6,1,6,1
10,1,2,6,6,6,1,2,2,1,6
10,1,2,6,6,6,2,1,1,2,6
10,1,2,6,6,6,2,2,1,1,6
10,1,6,1,2,2,6,6,2,1,6
10,1,6,2,1,2,6,6,1,2,6
10,1,6,2,2,2,6,6,1,1,6
10,1,6,2,6,1,6,2,2,6,1
10,1,6,2,6,2,6,1,1,6,2
10,1,6,2,6,2,6,2,1,6,1
10,1,6,6,2,1,2,6,6,2,1
10,1,6,6,2,2,1,6,6,1,2
10,1,6,6,2,2,2,6,6,1,1
10,2,1,1,6,6,6,1,6,2,2
10,2,1,2,6,6,6,1,6,2,1
10,2,1,6,1,6,1,6,2,6,2
10,2,1,6,2,6,1,6,2,6,1
10,2,1,6,6,6,1,1,2,2,6
10,2,1,6,6,6,1,2,2,1,6
10,2,1,6,6,6,2,1,1,2,6
10,2,2,1,6,6,6,1,6,1,2
10,2,2,6,1,6,1,6,1,6,2
10,2,6,1,1,1,6,6,2,2,6
10,2,6,1,2,1,6,6,2,1,6
10,2,6,1,6,1,6,1,2,6,2
10,2,6,1,6,1,6,2,2,6,1
10,2,6,1,6,2,6,1,1,6,2
10,2,6,2,1,1,6,6,1,2,6
10,2,6,6,1,1,1,6,6,2,2
10,2,6,6,1,1,2,6,6,2,1
10,2,6,6,1,2,1,6,6,1,2
10,6,1,1,2,2,2,1,6,6,6
10,6,1,2,1,2,1,2,6,6,6
10,6,1,2,2,2,1,1,6,6,6
10,6,1,2,6,1,2,6,6,2,1
10,6,1,2,6,2,1,6,6,1,2
10,6,1,2,6,2,1,6,6,2,1
10,6,1,6,2,1,6,2,2,6,1
10,6,1,6,2,2,6,1,1,6,2
10,6,1,6,2,2,6,1,2,6,1
10,6,2,1,1,1,2,2,6,6,6
10,6,2,1,2,1,2,1,6,6,6
10,6,2,1,6,1,2,6,6,1,2
10,6,2,1,6,1,2,6,6,2,1
10,6,2,1,6,2,1,6,6,1,2
10,6,2,2,1,1,1,2,6,6,6
10,6,2,6,1,1,6,2,1,6,2
10,6,2,6,1,1,6,2,2,6,1
10,6,2,6,1,2,6,1,1,6,2
10,6,6,1,2,6,1,2,2,1,6
10,6,6,1,2,6,2,1,1,2,6
10,6,6,1,2,6,2,1,2,1,6
10,6,6,2,1,6,1,2,1,2,6
10,6,6,2,1,6,1,2,2,1,6
10,6,6,2,1,6,2,1,1,2,6
11,1,1,3,4,6,4,3,6,3,1
11,1,1,3,4,6,6,3,4,3,1
11,1,1,4,3,6,3,4,3,6,1
11,1,1,4,3,6,3,6,3,4,1
11,1,3,1,4,4,6,3,6,1,3
11,1,3,1,4,6,6,3,4,1,3
11,1,3,3,4,4,6,3,6,1,1
11,1,3,3,4,6,4,3,6,1,1
11,1,3,4,1,4,3,6,1,6,3
11,1,3,4,1,6,3,6,1,4,3
11,1,3,4,3,4,3,6,1,6,1
11,1,3,4,3,6,3,4,1,6,1
11,1,3,4,6,4,3,1,1,3,6
11,1,3,4,6,4,3,3,1,1,6
11,1,3,6,4,4,1,3,3,1,6
11,1,3,6,4,4,3,3,1,1,6
11,1,3,6,6,4,1,3,3,1,4
11,1,3,6,6,4,3,1,1,3,4
11,1,4,1,3,3,6,4,3,1,6
11,1,4,1,3,3,6,6,3,1,4
11,1,4,3,1,3,4,6,1,3,6
11,1,4,3,1,3,6,6,1,3,4
11,1,4,3,3,3,4,6,1,1,6
11,1,4,3,3,3,6,4,1,1,6
11,1,4,3,6,3,4,1,1,6,3
11,1,4,3,6,3,4,3,1,6,1
11,1,4,6,3,3,1,4,6,1,3
11,1,4,6,3,3,3,4,6,1,1
11,1,6,3,4,1,4,3,3,6,1
11,1,6,3,4,3,4,3,1,6,1
11,1,6,3,6,1,4,3,3,4,1
11,1,6,3,6,3,4,1,1,4,3
11,1,6,4,3,1,3,4,6,3,1
11,1,6,4,3,3,3,4,6,1,1
11,1,6,6,3,1,3,4,4,3,1
11,1,6,6,3,3,1,4,4,1,3
11,3,1,1,4,4,6,1,6,3,3
11,3,1,1,4,6,4,1,6,3,3
11,3,1,3,4,4,6,1,6,3,1
11,3,1,3,4,6,6,1,4,3,1
11,3,1,4,1,4,1,6,3,6,3
11,3,1,4,1,6,1,4,3,6,3
11,3,1,4,3,4,1,6,3,6,1
11,3,1,4,3,6,1,6,3,4,1
11,3,1,4,6,4,1,1,3,3,6
11,3,1,4,6,4,1,3,3,1,6
11,3,1,6,4,4,1,1,3,3,6
11,3,1,6,4,4,3,1,1,3,6
11,3,1,6,6,4,1,3,3,1,4
11,3,1,6,6,4,3,1,1,3,4
11,3,3,1,4,6,4,1,6,1,3
11,3,3,1,4,6,6,1,4,1,3
11,3,3,4,1,6,1,4,1,6,3
11,3,3,4,1,6,1,6,1,4,3
11,3,4,1,1,1,4,6,3,3,6
11,3,4,1,1,1,6,4,3,3,6
11,3,4,1,3,1,4,6,3,1,6
11,3,4,1,3,1,6,6,3,1,4
11,3,4,1,6,1,4,1,3,6,3
11,3,4,1,6,1,4,3,3,6,1
11,3,4,3,1,1,6,4,1,3,6
11,3,4,3,1,1,6,6,1,3,4
11,3,4,6,1,1,1,4,6,3,3
11,3,4,6,1,1,3,4,6,3,1
11,3,6,1,4,1,4,1,3,6,3
11,3,6,1,4,3,4,1,1,6,3
11,3,6,1,6,1,4,3,3,4,1
11,3,6,1,6,3,4,1,1,4,3
11,3,6,4,1,1,1,4,6,3,3
11,3,6,4,1,3,1,4,6,1,3
11,3,6,6,1,1,3,4,4,3,1
11,3,6,6,1,3,1,4,4,1,3
11,4,1,1,3,3,3,1,6,4,6
11,4,1,1,3,3,3,1,6,6,4
11,4,1,3,1,3,1,3,4,6,6
11,4,1,3,1,3,1,3,6,6,4
11,4,1,3,3,3,1,1,4,6,6
11,4,1,3,3,3,1,1,6,4,6
11,4,1,3,6,3,1,6,4,1,3
11,4,1,3,6,3,1,6,4,3,1
11,4,1,6,3,3,6,1,1,4,3
11,4,1,6,3,3,6,1,3,4,1
11,4,3,1,1,1,3,3,4,6,6
11,4,3,1,1,1,3,3,6,4,6
11,4,3,1,3,1,3,1,4,6,6
11,4,3,1,3,1,3,1,6,6,4
11,4,3,1,6,1,3,6,4,1,3
11,4,3,1,6,1,3,6,4,3,1
11,4,3,3,1,1,1,3,6,4,6
11,4,3,3,1,1,1,3,6,6,4
11,4,3,6,1,1,6,3,1,4,3
11,4,3,6,1,1,6,3,3,4,1
11,4,6,1,3,6,3,1,1,3,4
11,4,6,1,3,6,3,1,3,1,4
11,4,6,3,1,6,1,3,1,3,4
11,4,6,3,1,6,1,3,3,1,4
11,6,1,3,4,1,3,6,4,3,1
11,6,1,3,4,3,1,6,4,3,1
11,6,1,3,6,1,3,4,4,3,1
11,6,1,3,6,3,1,4,4,1,3
11,6,1,4,3,1,6,3,3,4,1
11,6,1,4,3,3,6,1,3,4,1
11,6,1,6,3,1,4,3,3,4,1
11,6,1,6,3,3,4,1,1,4,3
11,6,3,1,4,1,3,6,4,1,3
11,6,3,1,4,3,1,6,4,1,3
11,6,3,1,6,1,3,4,4,3,1
11,6,3,1,6,3,1,4,4,1,3
11,6,3,4,1,1,6,3,1,4,3
11,6,3,4,1,3,6,1,1,4,3
11,6,3,6,1,1,4,3,3,4,1
11,6,3,6,1,3,4,1,1,4,3
11,6,4,1,3,6,1,3,3,1,4
11,6,4,1,3,6,3,1,3,1,4
11,6,4,3,1,6,1,3,1,3,4
11,6,4,3,1,6,3,1,1,3,4
11,6,6,1,3,4,1,3,3,1,4
11,6,6,1,3,4,3,1,1,3,4
11,6,6,3,1,4,1,3,3,1,4
11,6,6,3,1,4,3,1,1,3,4
12,1,1,3,5,6,5,3,5,3,1
12,1,1,5,3,6,3,5,3,5,1
12,1,3,1,5,5,6,3,5,1,3
12,1,3,3,5,5,5,3,6,1,1
12,1,3,5,1,5,3,6,1,5,3
12,1,3,5,3,5,3,5,1,6,1
12,1,3,5,5,5,3,3,1,1,6
12,1,3,5,6,5,3,1,1,3,5
12,1,3,6,5,5,1,3,3,1,5
12,1,5,1,3,3,6,5,3,1,5
12,1,5,3,1,3,5,6,1,3,5
12,1,5,3,3,3,5,5,1,1,6
12,1,5,3,5,3,5,3,1,6,1
12,1,5,3,6,3,5,1,1,5,3
12,1,5,5,3,3,3,5,6,1,1
12,1,5,6,3,3,1,5,5,1,3
12,1,6,3,5,1,5,3,3,5,1
12,1,6,5,3,1,3,5,5,3,1
12,3,1,1,5,5,5,1,6,3,3
12,3,1,3,5,5,6,1,5,3,1
12,3,1,5,1,5,1,5,3,6,3
12,3,1,5,3,5,1,6,3,5,1
12,3,1,5,5,5,1,1,3,3,6
12,3,1,5,6,5,1,3,3,1,5
12,3,1,6,5,5,3,1,1,3,5
12,3,3,1,5,6,5,1,5,1,3
12,3,3,5,1,6,1,5,1,5,3
12,3,5,1,1,1,5,5,3,3,6
12,3,5,1,3,1,5,6,3,1,5
12,3,5,1,5,1,5,1,3,6,3
12,3,5,1,6,1,5,3,3,5,1
12,3,5,3,1,1,6,5,1,3,5
12,3,5,5,1,1,1,5,6,3,3
12,3,5,6,1,1,3,5,5,3,1
12,3,6,1,5,3,5,1,1,5,3
12,3,6,5,1,3,1,5,5,1,3
12,5,1,1,3,3,3,1,6,5,5
12,5,1,3,1,3,1,3,5,6,5
12,5,1,3,3,3,1,1,5,5,6
12,5,1,3,5,3,1,6,5,3,1
12,5,1,3,6,3,1,5,5,1,3
12,5,1,5,3,3,6,1,3,5,1
12,5,1,6,3,3,5,1,1,5,3
12,5,3,1,1,1,3,3,5,5,6
12,5,3,1,3,1,3,1,5,6,5
12,5,3,1,5,1,3,6,5,1,3
12,5,3,1,6,1,3,5,5,3,1
12,5,3,3,1,1,1,3,6,5,5
12,5,3,5,1,1,6,3,1,5,3
12,5,3,6,1,1,5,3,3,5,1
12,5,5,1,3,6,3,1,3,1,5
12,5,5,3,1,6,1,3,1,3,5
12,5,6,1,3,5,3,1,1,3,5
12,5,6,3,1,5,1,3,3,1,5
12,6,1,3,5,1,3,5,5,3,1
12,6,1,5,3,1,5,3,3,5,1
12,6,3,1,5,3,1,5,5,1,3
12,6,3,5,1,3,5,1,1,5,3
12,6,5,1,3,5,1,3,3,1,5
12,6,5,3,1,5,3,1,1,3,5
13,1,1,4,4,6,4,4,4,4,1
13,1,4,1,4,4,6,4,4,1,4
13,1,4,4,1,4,4,6,1,4,4
13,1,4,4,4,4,4,4,1,1,6
13,1,4,4,4,4,4,4,1,6,1
13,1,4,4,4,4,4,4,6,1,1
13,1,4,4,6,4,4,1,1,4,4
13,1,4,6,4,4,1,4,4,1,4
13,1,6,4,4,1,4,4,4,4,1
13,4,1,1,4,4,4,1,6,4,4
13,4,1,4,1,4,1,4,4,6,4
13,4,1,4,4,4,1,1,4,4,6
13,4,1,4,4,4,1,6,4,4,1
13,4,1,4,4,4,6,1,4,4,1
13,4,1,4,6,4,1,4,4,1,4
13,4,1,6,4,4,4,1,1,4,4
13,4,4,1,1,1,4,4,4,4,6
13,4,4,1,4,1,4,1,4,6,4
13,4,4,1,4,1,4,6,4,1,4
13,4,4,1,4,6,4,1,4,1,4
13,4,4,1,6,1,4,4,4,4,1
13,4,4,4,1,1,1,4,6,4,4
13,4,4,4,1,1,6,4,1,4,4
13,4,4,4,1,6,1,4,1,4,4
13,4,4,6,1,1,4,4,4,4,1
13,4,6,1,4,4,4,1,1,4,4
13,4,6,4,1,4,1,4,4,1,4
13,6,1,4,4,1,4,4,4,4,1
13,6,4,1,4,4,1,4,4,1,4
13,6,4,4,1,4,4,1,1,4,4
14,1,2,4,4,4,2,6,5,1,3
14,1,2,4,4,4,6,2,1,5,3
14,1,2,4,5,4,6,3,1,4,2
14,1,2,4,6,4,2,4,5,3,1
14,1,2,5,4,4,3,6,4,1,2
14,1,2,6,4,4,4,2,3,5,1
14,1,3,4,6,5,2,4,4,2,1
14,1,3,6,4,5,4,2,2,4,1
14,1,4,2,4,2,4,6,5,3,1
14,1,4,2,4,6,4,2,1,3,5
14,1,4,2,5,6,4,3,1,2,4
14,1,4,2,6,2,4,4,5,1,3
14,1,4,3,6,2,5,4,4,1,2
14,1,4,4,2,2,6,4,3,5,1
14,1,4,4,2,6,2,4,3,1,5
14,1,4,5,2,6,3,4,2,1,4
14,1,4,6,2,2,4,4,1,5,3
14,1,4,6,3,2,4,5,1,4,2
14,1,5,2,4,3,4,6,4,2,1
14,1,5,4,2,3,6,4,2,4,1
14,1,6,2,4,4,4,2,3,1,5
14,1,6,3,4,4,5,2,2,1,4
14,1,6,4,2,4,2,4,1,3,5
14,1,6,4,3,4,2,5,1,2,4
14,2,1,4,4,4,1,5,6,2,3
14,2,1,4,4,4,5,1,2,6,3
14,2,1,4,5,4,1,4,6,3,2
14,2,1,4,6,4,5,3,2,4,1
14,2,1,5,4,4,4,1,3,6,2
14,2,1,6,4,4,3,5,4,2,1
14,2,3,4,5,6,1,4,4,1,2
14,2,3,5,4,6,4,1,1,4,2
14,2,4,1,4,1,4,5,6,3,2
14,2,4,1,4,5,4,1,2,3,6
14,2,4,1,5,1,4,4,6,2,3
14,2,4,1,6,5,4,3,2,1,4
14,2,4,3,5,1,6,4,4,2,1
14,2,4,4,1,1,5,4,3,6,2
14,2,4,4,1,5,1,4,3,2,6
14,2,4,5,1,1,4,4,2,6,3
14,2,4,5,3,1,4,6,2,4,1
14,2,4,6,1,5,3,4,1,2,4
14,2,5,1,4,4,4,1,3,2,6
14,2,5,3,4,4,6,1,1,2,4
14,2,5,4,1,4,1,4,2,3,6
14,2,5,4,3,4,1,6,2,1,4
14,2,6,1,4,3,4,5,4,1,2
14,2,6,4,1,3,5,4,1,4,2
14,3,1,4,6,5,4,2,2,4,1
14,3,1,6,4,5,2,4,4,2,1
14,3,2,4,5,6,4,1,1,4,2
14,3,2,5,4,6,1,4,4,1,2
14,3,4,1,6,4,5,2,2,1,4
14,3,4,2,5,4,6,1,1,2,4
14,3,4,5,2,4,1,6,2,1,4
14,3,4,6,1,4,2,5,1,2,4
14,3,5,2,4,1,6,4,4,2,1
14,3,5,4,2,1,4,6,2,4,1
14,3,6,1,4,2,5,4,4,1,2
14,3,6,4,1,2,4,5,1,4,2
14,4,1,2,4,2,5,3,4,6,1
14,4,1,2,4,6,1,3,4,2,5
14,4,1,2,5,6,1,2,4,3,4
14,4,1,2,6,2,5,1,4,4,3
14,4,1,3,6,2,4,1,5,4,2
14,4,1,4,2,2,3,5,6,4,1
14,4,1,4,2,6,3,1,2,4,5
14,4,1,5,2,6,2,1,3,4,4
14,4,1,6,2,2,1,5,4,4,3
14,4,1,6,3,2,1,4,4,5,2
14,4,2,1,4,1,6,3,4,5,2
14,4,2,1,4,5,2,3,4,1,6
14,4,2,1,5,1,6,2,4,4,3
14,4,2,1,6,5,2,1,4,3,4
14,4,2,3,5,1,4,2,6,4,1
14,4,2,4,1,1,3,6,5,4,2
14,4,2,4,1,5,3,2,1,4,6
14,4,2,5,1,1,2,6,4,4,3
14,4,2,5,3,1,2,4,4,6,1
14,4,2,6,1,5,1,2,3,4,4
14,4,3,1,6,4,2,1,5,2,4
14,4,3,2,5,4,1,2,6,1,4
14,4,3,5,2,4,2,1,1,6,4
14,4,3,6,1,4,1,2,2,5,4
14,4,4,1,2,3,2,5,6,1,4
14,4,4,1,2,3,6,1,2,5,4
14,4,4,2,1,3,1,6,5,2,4
14,4,4,2,1,3,5,2,1,6,4
14,4,5,1,2,2,6,1,3,4,4
14,4,5,2,1,2,1,6,4,3,4
14,4,5,2,3,2,1,4,4,1,6
14,4,5,3,2,2,4,1,1,4,6
14,4,6,1,2,1,2,5,4,3,4
14,4,6,1,3,1,2,4,4,2,5
14,4,6,2,1,1,5,2,3,4,4
14,4,6,3,1,1,4,2,2,4,5
14,5,1,2,4,3,4,2,4,6,1
14,5,1,4,2,3,2,4,6,4,1
14,5,2,1,4,4,3,2,4,1,6
14,5,2,3,4,4,1,2,6,1,4
14,5,2,4,1,4,2,3,1,4,6
14,5,2,4,3,4,2,1,1,6,4
14,5,3,2,4,1,4,2,6,4,1
14,5,3,4,2,1,2,4,4,6,1
14,5,4,1,2,2,3,4,6,1,4
14,5,4,2,1,2,4,3,1,6,4
14,5,4,2,3,2,4,1,1,4,6
14,5,4,3,2,2,1,4,4,1,6
14,6,1,2,4,4,3,1,4,2,5
14,6,1,3,4,4,2,1,5,2,4
14,6,1,4,2,4,1,3,2,4,5
14,6,1,4,3,4,1,2,2,5,4
14,6,2,1,4,3,4,1,4,5,2
14,6,2,4,1,3,1,4,5,4,2
14,6,3,1,4,2,4,1,5,4,2
14,6,3,4,1,2,1,4,4,5,2
14,6,4,1,2,1,4,3,2,5,4
14,6,4,1,3,1,4,2,2,4,5
14,6,4,2,1,1,3,4,5,2,4
14,6,4,3,1,1,2,4,4,2,5
15,1,2,2,2,4,4,6,6,5,5
15,1,2,2,2,4,6,4,5,6,5
15,1,2,2,2,6,4,4,5,5,6
15,1,4,4,6,2,2,2,6,5,5
15,1,4,6,4,2,2,2,5,6,5
15,1,6,4,4,2,2,2,5,5,6
15,2,1,2,2,4,5,6,6,4,5
15,2,1,2,2,4,6,5,4,6,5
15,2,1,2,2,6,5,5,4,4,6
15,2,2,1,2,5,4,6,6,5,4
15,2,2,1,2,5,6,5,4,6,4
15,2,2,1,2,6,4,5,4,5,6
15,2,2,2,1,5,5,6,6,4,4
15,2,2,2,1,5,6,4,5,6,4
15,2,2,2,1,6,5,4,5,4,6
15,2,4,5,6,1,2,2,6,4,5
15,2,4,6,5,1,2,2,4,6,5
15,2,5,4,6,2,1,2,6,5,4
15,2,5,5,6,2,2,1,6,4,4
15,2,5,6,4,2,2,1,5,6,4
15,2,5,6,5,2,1,2,4,6,4
15,2,6,4,5,2,1,2,4,5,6
15,2,6,5,4,2,2,1,5,4,6
15,2,6,5,5,1,2,2,4,4,6
15,4,1,4,6,2,6,5,2,2,5
15,4,1,6,4,2,5,6,2,2,5
15,4,2,5,6,1,6,4,2,2,5
15,4,2,6,5,1,4,6,2,2,5
15,4,4,1,6,6,2,5,2,5,2
15,4,4,6,1,6,5,2,5,2,2
15,4,5,2,6,6,1,4,2,5,2
15,4,5,6,2,6,4,1,5,2,2
15,4,6,1,4,5,2,6,2,5,2
15,4,6,2,5,4,1,6,2,5,2
15,4,6,4,1,5,6,2,5,2,2
15,4,6,5,2,4,6,1,5,2,2
15,5,2,4,6,2,6,5,1,2,4
15,5,2,5,6,2,6,4,2,1,4
15,5,2,6,4,2,5,6,2,1,4
15,5,2,6,5,2,4,6,1,2,4
15,5,4,2,6,6,2,5,1,4,2
15,5,4,6,2,6,5,2,4,1,2
15,5,5,2,6,6,2,4,2,4,1
15,5,5,6,2,6,4,2,4,2,1
15,5,6,2,4,5,2,6,2,4,1
15,5,6,2,5,4,2,6,1,4,2
15,5,6,4,2,5,6,2,4,2,1
15,5,6,5,2,4,6,2,4,1,2
15,6,1,4,4,2,5,5,2,2,6
15,6,2,4,5,2,4,5,1,2,6
15,6,2,5,4,2,5,4,2,1,6
15,6,2,5,5,1,4,4,2,2,6
15,6,4,1,4,5,2,5,2,6,2
15,6,4,2,5,4,2,5,1,6,2
15,6,4,4,1,5,5,2,6,2,2
15,6,4,5,2,4,5,2,6,1,2
15,6,5,2,4,5,2,4,2,6,1
15,6,5,2,5,4,1,4,2,6,2
15,6,5,4,2,5,4,2,6,2,1
15,6,5,5,2,4,4,1,6,2,2
16,1,2,3,3,4,3,3,6,6,5
16,1,3,2,3,3,4,3,6,5,6
16,1,3,3,2,3,3,4,5,6,6
16,1,3,3,4,3,3,2,5,6,6
16,1,3,4,3,3,2,3,6,5,6
16,1,4,3,3,2,3,3,6,6,5
16,2,1,3,3,4,6,6,3,3,5
16,2,3,1,3,6,4,6,3,5,3
16,2,3,3,1,6,6,4,5,3,3
16,2,4,6,6,1,3,3,3,3,5
16,2,6,4,6,3,1,3,3,5,3
16,2,6,6,4,3,3,1,5,3,3
16,3,1,2,3,3,6,5,4,3,6
16,3,1,3,2,3,5,6,3,4,6
16,3,1,3,4,3,5,6,3,2,6
16,3,1,4,3,3,6,5,2,3,6
16,3,2,1,3,6,3,5,4,6,3
16,3,2,3,1,6,5,3,6,4,3
16,3,3,1,2,5,3,6,3,6,4
16,3,3,1,4,5,3,6,3,6,2
16,3,3,2,1,5,6,3,6,3,4
16,3,3,4,1,5,6,3,6,3,2
16,3,3,5,6,1,3,2,3,4,6
16,3,3,5,6,1,3,4,3,2,6
16,3,3,6,5,1,2,3,4,3,6
16,3,3,6,5,1,4,3,2,3,6
16,3,4,1,3,6,3,5,2,6,3
16,3,4,3,1,6,5,3,6,2,3
16,3,5,3,6,3,1,2,3,6,4
16,3,5,3,6,3,1,4,3,6,2
16,3,5,6,3,3,2,1,6,3,4
16,3,5,6,3,3,4,1,6,3,2
16,3,6,3,5,2,1,3,4,6,3
16,3,6,3,5,4,1,3,2,6,3
16,3,6,5,3,2,3,1,6,4,3
16,3,6,5,3,4,3,1,6,2,3
16,4,1,3,3,2,6,6,3,3,5
16,4,2,6,6,1,3,3,3,3,5
16,4,3,1,3,6,2,6,3,5,3
16,4,3,3,1,6,6,2,5,3,3
16,4,6,2,6,3,1,3,3,5,3
16,4,6,6,2,3,3,1,5,3,3
16,5,3,3,6,3,3,6,1,2,4
16,5,3,3,6,3,3,6,1,4,2
16,5,3,6,3,3,6,3,2,1,4
16,5,3,6,3,3,6,3,4,1,2
16,5,6,3,3,6,3,3,2,4,1
16,5,6,3,3,6,3,3,4,2,1
16,6,2,4,6,3,3,5,1,3,3
16,6,2,6,4,3,5,3,3,1,3
16,6,3,3,5,2,4,6,1,3,3
16,6,3,3,5,4,2,6,1,3,3
16,6,3,5,3,2,6,4,3,1,3
16,6,3,5,3,4,6,2,3,1,3
16,6,4,2,6,3,3,5,1,3,3
16,6,4,6,2,3,5,3,3,1,3
16,6,5,3,3,6,2,4,3,3,1
16,6,5,3,3,6,4,2,3,3,1
16,6,6,2,4,5,3,3,3,3,1
16,6,6,4,2,5,3,3,3,3,1
17,1,2,3,4,5,3,4,4,3,5
17,1,2,4,3,5,4,3,3,4,5
17,1,3,2,4,3,5,4,4,5,3
17,1,3,4,2,3,4,5,5,4,3
17,1,3,4,5,3,4,2,5,4,3
17,1,3,5,4,3,2,4,4,5,3
17,1,4,2,3,4,5,3,3,5,4
17,1,4,3,2,4,3,5,5,3,4
17,1,4,3,5,4,3,2,5,3,4
17,1,4,5,3,4,2,3,3,5,4
17,1,5,3,4,2,3,4,4,3,5
17,1,5,4,3,2,4,3,3,4,5
17,2,1,3,4,5,4,3,3,4,5
17,2,1,4,3,5,3,4,4,3,5
17,2,3,1,4,4,5,3,3,5,4
17,2,3,4,1,4,3,5,5,3,4
17,2,3,4,5,4,3,1,5,4,3
17,2,3,5,4,4,1,3,4,5,3
17,2,4,1,3,3,5,4,4,5,3
17,2,4,3,1,3,4,5,5,4,3
17,2,4,3,5,3,4,1,5,3,4
17,2,4,5,3,3,1,4,3,5,4
17,2,5,3,4,1,4,3,4,3,5
17,2,5,4,3,1,3,4,3,4,5
17,3,1,2,4,3,4,5,5,4,3
17,3,1,4,2,3,5,4,4,5,3
17,3,1,4,5,3,5,4,4,2,3
17,3,1,5,4,3,4,5,2,4,3
17,3,2,1,4,4,3,5,5,3,4
17,3,2,4,1,4,5,3,3,5,4
17,3,2,4,5,4,5,4,3,1,3
17,3,2,5,4,4,4,5,1,3,3
17,3,3,4,5,1,2,4,5,4,3
17,3,3,4,5,1,5,4,2,4,3
17,3,3,5,4,1,4,2,4,5,3
17,3,3,5,4,1,4,5,4,2,3
17,3,4,1,2,5,3,4,4,3,5
17,3,4,1,5,5,3,4,4,3,2
17,3,4,2,1,5,4,3,3,4,5
17,3,4,2,5,5,4,4,3,3,1
17,3,4,3,5,2,1,4,5,3,4
17,3,4,3,5,5,1,4,2,3,4
17,3,4,4,5,2,5,4,1,3,3
17,3,4,4,5,5,2,4,1,3,3
17,3,4,5,1,5,4,3,3,4,2
17,3,4,5,2,5,4,4,3,3,1
17,3,4,5,3,2,4,1,3,5,4
17,3,4,5,3,5,4,1,3,2,4
17,3,4,5,4,2,4,5,3,1,3
17,3,4,5,4,5,4,2,3,1,3
17,3,5,1,4,4,3,5,2,3,4
17,3,5,2,4,4,4,5,1,3,3
17,3,5,3,4,4,1,2,4,3,5
17,3,5,3,4,4,1,5,4,3,2
17,3,5,4,1,4,5,3,3,2,4
17,3,5,4,2,4,5,4,3,1,3
17,3,5,4,3,4,2,1,3,4,5
17,3,5,4,3,4,5,1,3,4,2
17,3,5,4,4,4,2,5,3,3,1
17,3,5,4,4,4,5,2,3,3,1
17,4,1,2,3,4,3,5,5,3,4
17,4,1,3,2,4,5,3,3,5,4
17,4,1,3,5,4,5,3,3,2,4
17,4,1,5,3,4,3,5,2,3,4
17,4,2,1,3,3,4,5,5,4,3
17,4,2,3,1,3,5,4,4,5,3
17,4,2,3,5,3,5,3,4,1,4
17,4,2,5,3,3,3,5,1,4,4
17,4,3,1,2,5,4,3,3,4,5
17,4,3,1,5,5,4,3,3,4,2
17,4,3,2,1,5,3,4,4,3,5
17,4,3,2,5,5,3,3,4,4,1
17,4,3,3,5,2,5,3,1,4,4
17,4,3,3,5,5,2,3,1,4,4
17,4,3,4,5,2,1,3,5,4,3
17,4,3,4,5,5,1,3,2,4,3
17,4,3,5,1,5,3,4,4,3,2
17,4,3,5,2,5,3,3,4,4,1
17,4,3,5,3,2,3,5,4,1,4
17,4,3,5,3,5,3,2,4,1,4
17,4,3,5,4,2,3,1,4,5,3
17,4,3,5,4,5,3,1,4,2,3
17,4,4,3,5,1,2,3,5,3,4
17,4,4,3,5,1,5,3,2,3,4
17,4,4,5,3,1,3,2,3,5,4
17,4,4,5,3,1,3,5,3,2,4
17,4,5,1,3,3,4,5,2,4,3
17,4,5,2,3,3,3,5,1,4,4
17,4,5,3,1,3,5,4,4,2,3
17,4,5,3,2,3,5,3,4,1,4
17,4,5,3,3,3,2,5,4,4,1
17,4,5,3,3,3,5,2,4,4,1
17,4,5,3,4,3,2,1,4,3,5
17,4,5,3,4,3,5,1,4,3,2
17,4,5,4,3,3,1,2,3,4,5
17,4,5,4,3,3,1,5,3,4,2
17,5,1,3,4,2,4,3,3,4,5
17,5,1,4,3,2,3,4,4,3,5
17,5,2,3,4,1,4,3,4,3,5
17,5,2,4,3,1,3,4,3,4,5
17,5,3,1,4,4,2,3,3,5,4
17,5,3,2,4,4,1,3,4,5,3
17,5,3,3,4,4,4,3,1,2,5
17,5,3,3,4,4,4,3,1,5,2
17,5,3,4,1,4,3,2,5,3,4
17,5,3,4,2,4,3,1,5,4,3
17,5,3,4,3,4,3,4,2,1,5
17,5,3,4,3,4,3,4,5,1,2
17,5,3,4,4,4,3,3,2,5,1
17,5,3,4,4,4,3,3,5,2,1
17,5,4,1,3,3,2,4,4,5,3
17,5,4,2,3,3,1,4,3,5,4
17,5,4,3,1,3,4,2,5,4,3
17,5,4,3,2,3,4,1,5,3,4
17,5,4,3,3,3,4,4,2,5,1
17,5,4,3,3,3,4,4,5,2,1
17,5,4,3,4,3,4,3,2,1,5
17,5,4,3,4,3,4,3,5,1,2
17,5,4,4,3,3,3,4,1,2,5
17,5,4,4,3,3,3,4,1,5,2
18,1,3,3,3,3,3,3,6,6,6
18,3,1,3,3,3,6,6,3,3,6
18,3,3,1,3,6,3,6,3,6,3
18,3,3,3,1,6,6,3,6,3,3
18,3,3,6,6,1,3,3,3,3,6
18,3,6,3,6,3,1,3,3,6,3
18,3,6,6,3,3,3,1,6,3,3
18,6,3,3,6,3,3,6,1,3,3
18,6,3,6,3,3,6,3,3,1,3
18,6,6,3,3,6,3,3,3,3,1
19,1,3,3,4,4,4,3,4,3,3
19,1,3,4,3,4,3,4,3,4,3
19,1,3,4,4,4,3,3,3,3,4
19,1,4,3,3,3,4,4,3,3,4
19,1,4,3,4,3,4,3,3,4,3
19,1,4,4,3,3,3,4,4,3,3
19,3,1,3,4,4,4,3,4,3,3
19,3,1,4,3,4,3,4,3,4,3
19,3,1,4,4,4,3,3,3,3,4
19,3,3,1,4,4,4,3,4,3,3
19,3,3,3,4,4,4,1,4,3,3
19,3,3,3,4,4,4,3,4,1,3
19,3,3,3,4,4,4,3,4,3,1
19,3,3,4,1,4,3,4,3,4,3
19,3,3,4,3,4,1,4,3,4,3
19,3,3,4,3,4,3,4,1,4,3
19,3,3,4,3,4,3,4,3,4,1
19,3,3,4,4,4,1,3,3,3,4
19,3,3,4,4,4,3,1,3,3,4
19,3,3,4,4,4,3,3,1,3,4
19,3,3,4,4,4,3,3,3,1,4
19,3,4,1,3,3,4,4,3,3,4
19,3,4,1,4,3,4,3,3,4,3
19,3,4,3,1,3,4,4,3,3,4
19,3,4,3,3,1,4,4,3,3,4
19,3,4,3,3,3,4,4,1,3,4
19,3,4,3,3,3,4,4,3,1,4
19,3,4,3,4,1,4,3,3,4,3
19,3,4,3,4,3,4,1,3,4,3
19,3,4,3,4,3,4,3,1,4,3
19,3,4,3,4,3,4,3,3,4,1
19,3,4,4,1,3,3,4,4,3,3
19,3,4,4,3,1,3,4,4,3,3
19,3,4,4,3,3,1,4,4,3,3
19,3,4,4,3,3,3,4,4,1,3
19,3,4,4,3,3,3,4,4,3,1
19,4,1,3,3,3,3,3,4,4,4
19,4,1,3,4,3,3,4,4,3,3
19,4,1,4,3,3,4,3,3,4,3
19,4,3,1,3,3,3,3,4,4,4
19,4,3,1,4,3,3,4,4,3,3
19,4,3,3,1,3,3,3,4,4,4
19,4,3,3,3,1,3,3,4,4,4
19,4,3,3,3,3,1,3,4,4,4
19,4,3,3,3,3,3,1,4,4,4
19,4,3,3,4,1,3,4,4,3,3
19,4,3,3,4,3,1,4,4,3,3
19,4,3,3,4,3,3,4,4,1,3
19,4,3,3,4,3,3,4,4,3,1
19,4,3,4,1,3,4,3,3,4,3
19,4,3,4,3,1,4,3,3,4,3
19,4,3,4,3,3,4,1,3,4,3
19,4,3,4,3,3,4,3,1,4,3
19,4,3,4,3,3,4,3,3,4,1
19,4,4,1,3,4,3,3,3,3,4
19,4,4,3,1,4,3,3,3,3,4
19,4,4,3,3,4,1,3,3,3,4
19,4,4,3,3,4,3,1,3,3,4
19,4,4,3,3,4,3,3,1,3,4
19,4,4,3,3,4,3,3,3,1,4
20,1,3,4,4,4,6,6,1,4,6
20,1,3,4,4,4,6,6,4,1,6
20,1,4,3,4,6,4,6,1,6,4
20,1,4,3,4,6,4,6,4,6,1
20,1,4,4,3,6,6,4,6,1,4
20,1,4,4,3,6,6,4,6,4,1
20,1,4,6,6,3,4,4,1,4,6
20,1,4,6,6,3,4,4,4,1,6
20,1,6,4,6,4,3,4,1,6,4
20,1,6,4,6,4,3,4,4,6,1
20,1,6,6,4,4,4,3,6,1,4
20,1,6,6,4,4,4,3,6,4,1
20,3,1,4,4,4,1,4,6,6,6
20,3,1,4,4,4,4,1,6,6,6
20,3,4,1,4,1,4,4,6,6,6
20,3,4,1,4,4,4,1,6,6,6
20,3,4,4,1,1,4,4,6,6,6
20,3,4,4,1,4,1,4,6,6,6
20,4,1,3,4,6,1,6,4,6,4
20,4,1,3,4,6,4,6,4,6,1
20,4,1,4,3,6,6,1,6,4,4
20,4,1,4,3,6,6,4,6,4,1
20,4,1,6,6,3,1,4,4,4,6
20,4,1,6,6,3,4,1,4,4,6
20,4,3,1,4,1,6,6,4,4,6
20,4,3,1,4,4,6,6,4,1,6
20,4,3,4,1,1,6,6,4,4,6
20,4,3,4,1,4,6,6,1,4,6
20,4,4,1,3,6,6,1,6,4,4
20,4,4,1,3,6,6,4,6,1,4
20,4,4,3,1,6,1,6,4,6,4
20,4,4,3,1,6,4,6,1,6,4
20,4,4,6,6,3,1,4,4,1,6
20,4,4,6,6,3,4,1,1,4,6
20,4,6,1,6,1,3,4,4,6,4
20,4,6,1,6,4,3,1,4,6,4
20,4,6,4,6,1,3,4,4,6,1
20,4,6,4,6,4,3,1,1,6,4
20,4,6,6,1,1,4,3,6,4,4
20,4,6,6,1,4,1,3,6,4,4
20,4,6,6,4,1,4,3,6,4,1
20,4,6,6,4,4,1,3,6,1,4
20,6,1,4,6,4,1,6,3,4,4
20,6,1,4,6,4,4,6,3,4,1
20,6,1,6,4,4,6,1,4,3,4
20,6,1,6,4,4,6,4,4,3,1
20,6,4,1,6,1,4,6,3,4,4
20,6,4,1,6,4,4,6,3,1,4
20,6,4,4,6,1,4,6,3,4,1
20,6,4,4,6,4,1,6,3,1,4
20,6,4,6,1,1,6,4,4,3,4
20,6,4,6,1,4,6,4,1,3,4
20,6,4,6,4,1,6,4,4,3,1
20,6,4,6,4,4,6,1,1,3,4
20,6,6,1,4,6,4,1,4,4,3
20,6,6,1,4,6,4,4,4,1,3
20,6,6,4,1,6,1,4,4,4,3
20,6,6,4,1,6,4,4,1,4,3
20,6,6,4,4,6,1,4,4,1,3
20,6,6,4,4,6,4,1,1,4,3
21,1,3,3,6,6,6,3,3,1,6
21,1,3,3,6,6,6,3,3,6,1
21,1,3,6,3,6,3,6,1,3,6
21,1,3,6,3,6,3,6,6,3,1
21,1,3,6,6,6,3,3,1,6,3
21,1,3,6,6,6,3,3,6,1,3
21,1,6,3,3,3,6,6,1,6,3
21,1,6,3,3,3,6,6,6,1,3
21,1,6,3,6,3,6,3,1,3,6
21,1,6,3,6,3,6,3,6,3,1
21,1,6,6,3,3,3,6,3,1,6
21,1,6,6,3,3,3,6,3,6,1
21,3,1,3,6,6,3,1,6,3,6
21,3,1,3,6,6,3,6,6,3,1
21,3,1,6,3,6,1,3,3,6,6
21,3,1,6,3,6,6,3,3,6,1
21,3,1,6,6,6,1,6,3,3,3
21,3,1,6,6,6,6,1,3,3,3
21,3,3,1,6,3,6,1,6,6,3
21,3,3,1,6,3,6,6,6,1,3
21,3,3,6,1,3,1,6,6,6,3
21,3,3,6,1,3,6,6,1,6,3
21,3,3,6,6,3,1,6,6,1,3
21,3,3,6,6,3,6,1,1,6,3
21,3,6,1,3,1,6,3,3,6,6
21,3,6,1,3,6,6,3,3,1,6
21,3,6,1,6,1,6,6,3,3,3
21,3,6,1,6,6,6,1,3,3,3
21,3,6,3,1,1,3,6,6,3,6
21,3,6,3,1,6,3,6,1,3,6
21,3,6,3,6,1,3,6,6,3,1
21,3,6,3,6,6,3,1,1,3,6
21,3,6,6,1,1,6,6,3,3,3
21,3,6,6,1,6,1,6,3,3,3
21,3,6,6,3,1,6,3,3,6,1
21,3,6,6,3,6,1,3,3,1,6
21,6,1,3,3,3,1,6,6,6,3
21,6,1,3,3,3,6,1,6,6,3
21,6,1,3,6,3,1,3,6,3,6
21,6,1,3,6,3,6,3,6,3,1
21,6,1,6,3,3,3,1,3,6,6
21,6,1,6,3,3,3,6,3,6,1
21,6,3,1,3,1,3,6,6,3,6
21,6,3,1,3,6,3,1,6,3,6
21,6,3,1,6,1,3,3,6,6,3
21,6,3,1,6,6,3,3,6,1,3
21,6,3,3,1,1,6,3,3,6,6
21,6,3,3,1,6,1,3,3,6,6
21,6,3,3,6,1,6,3,3,6,1
21,6,3,3,6,6,1,3,3,1,6
21,6,3,6,1,1,3,3,6,6,3
21,6,3,6,1,6,3,3,1,6,3
21,6,3,6,3,1,3,6,6,3,1
21,6,3,6,3,6,3,1,1,3,6
21,6,6,1,3,3,3,1,3,6,6
21,6,6,1,3,3,3,6,3,1,6
21,6,6,3,1,3,1,3,6,3,6
21,6,6,3,1,3,6,3,1,3,6
21,6,6,3,3,3,1,6,6,1,3
21,6,6,3,3,3,6,1,1,6,3
22,1,3,3,6,6,6,3,6,6,6
22,1,3,6,3,6,3,6,6,6,6
22,1,3,6,6,6,3,3,6,6,6
22,1,6,3,3,3,6,6,6,6,6
22,1,6,3,6,3,6,3,6,6,6
22,1,6,6,3,3,3,6,6,6,6
22,3,1,3,6,6,6,6,6,3,6
22,3,1,6,3,6,6,6,3,6,6
22,3,1,6,6,6,6,6,3,3,6
22,3,3,1,6,6,6,6,6,6,3
22,3,3,6,1,6,6,6,6,6,3
22,3,6,1,3,6,6,6,3,6,6
22,3,6,1,6,6,6,6,3,6,3
22,3,6,3,1,6,6,6,6,3,6
22,3,6,6,1,6,6,6,6,3,3
22,3,6,6,6,1,3,6,6,3,6
22,3,6,6,6,1,6,3,3,6,6
22,3,6,6,6,1,6,6,3,3,6
22,3,6,6,6,3,1,6,6,6,3
22,3,6,6,6,3,6,1,6,6,3
22,3,6,6,6,6,1,3,3,6,6
22,3,6,6,6,6,1,6,3,6,3
22,3,6,6,6,6,3,1,6,3,6
22,3,6,6,6,6,6,1,6,3,3
22,6,1,3,3,3,6,6,6,6,6
22,6,1,3,6,3,6,6,6,3,6
22,6,1,6,3,3,6,6,3,6,6
22,6,3,1,3,6,3,6,6,6,6
22,6,3,1,6,6,3,6,6,6,3
22,6,3,3,1,6,6,3,6,6,6
22,6,3,6,1,6,6,3,6,6,3
22,6,3,6,6,1,3,3,6,6,6
22,6,3,6,6,1,3,6,6,3,6
22,6,3,6,6,1,6,3,3,6,6
22,6,3,6,6,3,6,6,1,6,3
22,6,3,6,6,3,6,6,6,1,3
22,6,3,6,6,6,3,6,1,3,6
22,6,3,6,6,6,3,6,1,6,3
22,6,3,6,6,6,6,3,3,1,6
22,6,3,6,6,6,6,3,6,1,3
22,6,6,1,3,6,3,6,3,6,6
22,6,6,3,1,6,6,3,6,3,6
22,6,6,3,6,3,1,3,6,6,6
22,6,6,3,6,3,1,6,6,6,3
22,6,6,3,6,3,6,6,1,3,6
22,6,6,3,6,3,6,6,1,6,3
22,6,6,3,6,6,1,3,3,6,6
22,6,6,3,6,6,3,6,1,3,6
22,6,6,3,6,6,3,6,6,3,1
22,6,6,3,6,6,6,3,3,6,1
22,6,6,3,6,6,6,3,6,3,1
22,6,6,6,3,3,3,1,6,6,6
22,6,6,6,3,3,6,1,6,6,3
22,6,6,6,3,3,6,6,3,1,6
22,6,6,6,3,3,6,6,6,1,3
22,6,6,6,3,6,3,1,6,3,6
22,6,6,6,3,6,3,6,3,6,1
22,6,6,6,3,6,3,6,6,3,1
22,6,6,6,3,6,6,3,3,1,6
22,6,6,6,3,6,6,3,3,6,1
23,2,2,2,2,2,4,6,6,4,6
23,2,2,2,2,2,6,4,4,6,6
23,2,2,2,2,4,2,6,6,6,4
23,2,2,2,2,4,6,2,6,6,4
23,2,2,2,2,4,6,6,2,6,4
23,2,2,2,2,4,6,6,6,2,4
23,2,2,2,2,6,2,4,4,6,6
23,2,2,2,2,6,4,2,6,4,6
23,2,2,2,2,6,4,6,2,4,6
23,2,2,2,2,6,4,6,6,4,2
23,2,2,2,2,6,6,4,4,2,6
23,2,2,2,2,6,6,4,4,6,2
23,2,2,4,6,2,2,2,6,4,6
23,2,2,4,6,2,6,4,2,2,6
23,2,2,6,4,2,2,2,4,6,6
23,2,2,6,4,2,4,6,2,2,6
23,2,4,2,6,2,2,2,6,6,4
23,2,4,2,6,6,2,4,2,6,2
23,2,4,6,2,2,2,2,6,6,4
23,2,4,6,2,6,4,2,6,2,2
23,2,4,6,6,2,2,2,2,6,4
23,2,4,6,6,2,2,2,6,2,4
23,2,6,2,4,2,2,2,4,6,6
23,2,6,2,4,4,2,6,2,6,2
23,2,6,4,2,2,2,2,6,4,6
23,2,6,4,2,4,6,2,6,2,2
23,2,6,4,6,2,2,2,2,4,6
23,2,6,4,6,2,2,2,6,4,2
23,2,6,6,4,2,2,2,4,2,6
23,2,6,6,4,2,2,2,4,6,2
23,4,2,2,6,2,6,6,2,2,4
23,4,2,2,6,6,2,6,2,4,2
23,4,2,6,2,2,6,6,2,2,4
23,4,2,6,2,6,6,2,4,2,2
23,4,2,6,6,2,2,6,2,2,4
23,4,2,6,6,2,6,2,2,2,4
23,4,6,2,2,6,2,6,2,4,2
23,4,6,2,2,6,6,2,4,2,2
23,4,6,2,6,2,2,6,2,4,2
23,4,6,2,6,6,2,2,2,4,2
23,4,6,6,2,2,6,2,4,2,2
23,4,6,6,2,6,2,2,4,2,2
23,6,2,2,4,2,4,6,2,2,6
23,6,2,2,4,4,2,6,2,6,2
23,6,2,4,2,2,6,4,2,2,6
23,6,2,4,2,4,6,2,6,2,2
23,6,2,4,6,2,2,4,2,2,6
23,6,2,4,6,2,6,4,2,2,2
23,6,2,6,4,2,4,2,2,2,6
23,6,2,6,4,2,4,6,2,2,2
23,6,4,2,2,6,2,4,2,6,2
23,6,4,2,2,6,4,2,6,2,2
23,6,4,2,6,2,2,4,2,6,2
23,6,4,2,6,6,2,4,2,2,2
23,6,4,6,2,2,4,2,6,2,2
23,6,4,6,2,6,4,2,2,2,2
23,6,6,2,4,4,2,2,2,6,2
23,6,6,2,4,4,2,6,2,2,2
23,6,6,4,2,4,2,2,6,2,2
23,6,6,4,2,4,6,2,2,2,2
24,2,2,2,6,3,6,2,6,2,2
24,2,2,2,6,6,3,2,6,2,2
24,2,2,2,6,6,6,2,3,2,2
24,2,2,3,6,6,2,2,2,2,6
24,2,2,6,2,3,2,6,2,6,2
24,2,2,6,2,6,2,3,2,6,2
24,2,2,6,2,6,2,6,2,3,2
24,2,2,6,3,6,2,2,2,2,6
24,2,2,6,6,6,2,2,2,2,3
24,2,3,2,6,2,6,2,2,6,2
24,2,3,6,2,2,2,6,6,2,2
24,2,6,2,2,2,3,6,2,2,6
24,2,6,2,2,2,6,3,2,2,6
24,2,6,2,2,2,6,6,2,2,3
24,2,6,2,3,2,6,2,2,6,2
24,2,6,2,6,2,6,2,2,3,2
24,2,6,3,2,2,2,6,6,2,2
24,2,6,6,2,2,2,6,3,2,2
24,3,2,2,6,2,2,6,6,2,2
24,3,2,6,2,2,6,2,2,6,2
24,3,6,2,2,6,2,2,2,2,6
24,6,2,2,2,2,2,2,3,6,6
24,6,2,2,2,2,2,2,6,3,6
24,6,2,2,2,2,2,2,6,6,3
24,6,2,2,3,2,2,6,6,2,2
24,6,2,2,6,2,2,3,6,2,2
24,6,2,3,2,2,6,2,2,6,2
24,6,2,6,2,2,3,2,2,6,2
24,6,3,2,2,6,2,2,2,2,6
24,6,6,2,2,3,2,2,2,2,6
25,2,2,2,6,4,4,2,4,2,2
25,2,2,4,4,6,2,2,2,2,4
25,2,2,6,2,4,2,4,2,4,2
25,2,4,2,4,2,6,2,2,4,2
25,2,4,4,2,2,2,6,4,2,2
25,2,6,2,2,2,4,4,2,2,4
25,4,2,2,4,2,2,4,6,2,2
25,4,2,4,2,2,4,2,2,6,2
25,4,4,2,2,4,2,2,2,2,6
25,6,2,2,2,2,2,2,4,4,4
26,2,2,2,6,4,6,2,6,2,2
26,2,2,2,6,6,4,2,6,2,2
26,2,2,2,6,6,6,2,4,2,2
26,2,2,4,6,6,2,2,2,2,6
26,2,2,6,2,4,2,6,2,6,2
26,2,2,6,2,6,2,4,2,6,2
26,2,2,6,2,6,2,6,2,4,2
26,2,2,6,4,6,2,2,2,2,6
26,2,2,6,6,6,2,2,2,2,4
26,2,4,2,6,2,6,2,2,6,2
26,2,4,6,2,2,2,6,6,2,2
26,2,6,2,2,2,4,6,2,2,6
26,2,6,2,2,2,6,4,2,2,6
26,2,6,2,2,2,6,6,2,2,4
26,2,6,2,4,2,6,2,2,6,2
26,2,6,2,6,2,6,2,2,4,2
26,2,6,4,2,2,2,6,6,2,2
26,2,6,6,2,2,2,6,4,2,2
26,4,2,2,6,2,2,6,6,2,2
26,4,2,6,2,2,6,2,2,6,2
26,4,6,2,2,6,2,2,2,2,6
26,6,2,2,2,2,2,2,4,6,6
26,6,2,2,2,2,2,2,6,4,6
26,6,2,2,2,2,2,2,6,6,4
26,6,2,2,4,2,2,6,6,2,2
26,6,2,2,6,2,2,4,6,2,2
26,6,2,4,2,2,6,2,2,6,2
26,6,2,6,2,2,4,2,2,6,2
26,6,4,2,2,6,2,2,2,2,6
26,6,6,2,2,4,2,2,2,2,6
27,2,2,3,6,4,6,3,6,3,2
27,2,2,6,3,4,3,6,3,6,2
27,2,3,2,6,6,4,3,6,2,3
27,2,3,3,6,6,6,3,4,2,2
27,2,3,4,6,6,2,3,3,2,6
27,2,3,6,2,6,3,4,2,6,3
27,2,3,6,3,6,3,6,2,4,2
27,2,3,6,4,6,3,2,2,3,6
27,2,3,6,6,6,3,3,2,2,4
27,2,4,3,6,2,6,3,3,6,2
27,2,4,6,3,2,3,6,6,3,2
27,2,6,2,3,3,4,6,3,2,6
27,2,6,3,2,3,6,4,2,3,6
27,2,6,3,3,3,6,6,2,2,4
27,2,6,3,4,3,6,2,2,6,3
27,2,6,3,6,3,6,3,2,4,2
27,2,6,4,3,3,2,6,6,2,3
27,2,6,6,3,3,3,6,4,2,2
27,3,2,2,6,6,6,2,4,3,3
27,3,2,3,6,6,4,2,6,3,2
27,3,2,4,6,6,3,2,2,3,6
27,3,2,6,2,6,2,6,3,4,3
27,3,2,6,3,6,2,4,3,6,2
27,3,2,6,4,6,2,3,3,2,6
27,3,2,6,6,6,2,2,3,3,4
27,3,3,2,6,4,6,2,6,2,3
27,3,3,6,2,4,2,6,2,6,3
27,3,4,2,6,3,6,2,2,6,3
27,3,4,6,2,3,2,6,6,2,3
27,3,6,2,2,2,6,6,3,3,4
27,3,6,2,3,2,6,4,3,2,6
27,3,6,2,4,2,6,3,3,6,2
27,3,6,2,6,2,6,2,3,4,3
27,3,6,3,2,2,4,6,2,3,6
27,3,6,4,2,2,3,6,6,3,2
27,3,6,6,2,2,2,6,4,3,3
27,4,2,3,6,2,3,6,6,3,2
27,4,2,6,3,2,6,3,3,6,2
27,4,3,2,6,3,2,6,6,2,3
27,4,3,6,2,3,6,2,2,6,3
27,4,6,2,3,6,2,3,3,2,6
27,4,6,3,2,6,3,2,2,3,6
27,6,2,2,3,3,3,2,4,6,6
27,6,2,3,2,3,2,3,6,4,6
27,6,2,3,3,3,2,2,6,6,4
27,6,2,3,4,3,2,6,6,2,3
27,6,2,3,6,3,2,4,6,3,2
27,6,2,4,3,3,6,2,2,6,3
27,6,2,6,3,3,4,2,3,6,2
27,6,3,2,2,2,3,3,6,6,4
27,6,3,2,3,2,3,2,6,4,6
27,6,3,2,4,2,3,6,6,3,2
27,6,3,2,6,2,3,4,6,2,3
27,6,3,3,2,2,2,3,4,6,6
27,6,3,4,2,2,6,3,3,6,2
27,6,3,6,2,2,4,3,2,6,3
27,6,4,2,3,6,3,2,2,3,6
27,6,4,3,2,6,2,3,3,2,6
27,6,6,2,3,4,3,2,3,2,6
27,6,6,3,2,4,2,3,2,3,6
28,2,2,5,5,5,5,5,5,5,5
28,2,5,2,5,5,5,5,5,5,5
28,2,5,5,2,5,5,5,5,5,5
28,2,5,5,5,2,5,5,5,5,5
28,2,5,5,5,5,2,5,5,5,5
28,2,5,5,5,5,5,2,5,5,5
28,5,2,2,5,5,5,5,5,5,5
28,5,2,5,2,5,5,5,5,5,5
28,5,2,5,5,2,5,5,5,5,5
28,5,2,5,5,5,5,5,2,5,5
28,5,2,5,5,5,5,5,5,2,5
28,5,5,2,2,5,5,5,5,5,5
28,5,5,2,5,5,2,5,5,5,5
28,5,5,2,5,5,5,5,2,5,5
28,5,5,2,5,5,5,5,5,5,2
28,5,5,5,2,5,5,2,5,5,5
28,5,5,5,2,5,5,5,5,2,5
28,5,5,5,2,5,5,5,5,5,2
28,5,5,5,5,2,2,5,5,5,5
28,5,5,5,5,2,5,2,5,5,5
28,5,5,5,5,2,5,5,2,5,5
28,5,5,5,5,2,5,5,5,2,5
28,5,5,5,5,5,2,2,5,5,5
28,5,5,5,5,5,2,5,2,5,5
28,5,5,5,5,5,2,5,5,5,2
28,5,5,5,5,5,5,2,5,2,5
28,5,5,5,5,5,5,2,5,5,2
28,5,5,5,5,5,5,5,2,2,5
28,5,5,5,5,5,5,5,2,5,2
28,5,5,5,5,5,5,5,5,2,2
29,2,2,5,6,6,5,2,6,5,6
29,2,2,5,6,6,6,5,5,2,6
29,2,2,6,5,6,2,5,5,6,6
29,2,2,6,5,6,5,6,2,5,6
29,2,5,2,6,5,6,2,6,6,5
29,2,5,2,6,6,6,5,5,6,2
29,2,5,6,2,5,2,6,6,6,5
29,2,5,6,2,6,5,6,6,5,2
29,2,5,6,6,6,2,5,2,6,5
29,2,5,6,6,6,5,2,6,2,5
29,2,6,2,5,2,6,5,5,6,6
29,2,6,2,5,5,6,6,2,6,5
29,2,6,5,2,2,5,6,6,5,6
29,2,6,5,2,5,6,6,6,2,5
29,2,6,5,6,2,6,5,2,5,6
29,2,6,5,6,5,6,2,6,5,2
29,2,6,6,5,2,5,6,5,2,6
29,2,6,6,5,5,2,6,5,6,2
29,5,2,2,6,5,6,6,6,2,5
29,5,2,2,6,6,5,6,6,5,2
29,5,2,6,2,5,6,6,2,6,5
29,5,2,6,2,6,6,5,5,6,2
29,5,2,6,6,6,2,6,2,5,5
29,5,2,6,6,6,6,2,5,2,5
29,5,5,6,6,2,2,6,6,2,5
29,5,5,6,6,2,6,2,2,6,5
29,5,6,2,2,6,5,6,2,5,6
29,5,6,2,2,6,6,5,5,2,6
29,5,6,2,6,2,6,6,2,5,5
29,5,6,2,6,6,6,2,5,5,2
29,5,6,5,6,2,2,6,6,5,2
29,5,6,5,6,6,2,2,2,5,6
29,5,6,6,2,2,6,6,5,2,5
29,5,6,6,2,6,2,6,5,5,2
29,5,6,6,5,2,6,2,5,6,2
29,5,6,6,5,6,2,2,5,2,6
29,6,2,2,5,2,5,6,6,5,6
29,6,2,2,5,5,2,6,6,6,5
29,6,2,5,2,2,6,5,5,6,6
29,6,2,5,2,5,6,2,6,6,5
29,6,2,5,6,2,2,5,6,5,6
29,6,2,5,6,5,6,5,6,2,2
29,6,2,6,5,2,5,2,5,6,6
29,6,2,6,5,5,5,6,2,6,2
29,6,5,2,2,6,2,5,5,6,6
29,6,5,2,2,6,5,2,6,5,6
29,6,5,2,6,2,2,5,6,6,5
29,6,5,2,6,6,5,5,6,2,2
29,6,5,5,6,2,6,5,2,6,2
29,6,5,5,6,6,2,5,2,2,6
29,6,5,6,2,2,5,2,6,6,5
29,6,5,6,2,6,5,5,2,6,2
29,6,5,6,5,2,5,6,6,2,2
29,6,5,6,5,6,5,2,2,2,6
29,6,6,2,5,5,2,2,5,6,6
29,6,6,2,5,5,5,6,2,2,6
29,6,6,5,2,5,2,2,6,5,6
29,6,6,5,2,5,6,5,2,2,6
29,6,6,5,5,5,2,6,6,2,2
29,6,6,5,5,5,6,2,2,6,2
30,2,2,5,6,6,6,2,6,5,5
30,2,2,5,6,6,6,5,6,2,5
30,2,2,6,5,6,2,6,5,6,5
30,2,2,6,5,6,5,6,2,6,5
30,2,2,6,6,6,2,5,5,5,6
30,2,2,6,6,6,5,2,5,5,6
30,2,2,6,6,6,5,5,2,5,6
30,2,2,6,6,6,5,5,5,2,6
30,2,5,2,6,6,6,2,6,5,5
30,2,5,2,6,6,6,5,6,5,2
30,2,5,5,6,6,6,2,6,2,5
30,2,5,5,6,6,6,2,6,5,2
30,2,5,6,2,6,2,6,5,6,5
30,2,5,6,2,6,5,6,5,6,2
30,2,5,6,5,6,2,6,2,6,5
30,2,5,6,5,6,2,6,5,6,2
30,2,5,6,6,6,2,5,2,5,6
30,2,5,6,6,6,5,2,5,2,6
30,2,6,2,5,2,6,6,5,5,6
30,2,6,2,5,5,6,6,2,5,6
30,2,6,2,6,2,6,5,5,6,5
30,2,6,2,6,5,6,2,5,6,5
30,2,6,2,6,5,6,5,2,6,5
30,2,6,2,6,5,6,5,5,6,2
30,2,6,5,2,2,6,6,5,5,6
30,2,6,5,2,5,6,6,5,2,6
30,2,6,5,5,2,6,6,2,5,6
30,2,6,5,5,2,6,6,5,2,6
30,2,6,5,6,2,6,5,2,6,5
30,2,6,5,6,5,6,2,5,6,2
30,2,6,6,2,2,5,6,6,5,5
30,2,6,6,2,5,2,6,6,5,5
30,2,6,6,2,5,5,6,6,2,5
30,2,6,6,2,5,5,6,6,5,2
30,2,6,6,5,2,5,6,6,2,5
30,2,6,6,5,5,2,6,6,5,2
30,5,2,2,6,6,6,5,6,2,5
30,5,2,2,6,6,6,5,6,5,2
30,5,2,5,6,6,6,2,6,2,5
30,5,2,5,6,6,6,5,6,2,2
30,5,2,6,2,6,5,6,2,6,5
30,5,2,6,2,6,5,6,5,6,2
30,5,2,6,5,6,2,6,2,6,5
30,5,2,6,5,6,5,6,2,6,2
30,5,2,6,6,6,2,5,2,5,6
30,5,2,6,6,6,5,2,5,2,6
30,5,5,2,6,6,6,2,6,5,2
30,5,5,2,6,6,6,5,6,2,2
30,5,5,6,2,6,2,6,5,6,2
30,5,5,6,2,6,5,6,2,6,2
30,5,5,6,6,6,2,2,2,5,6
30,5,5,6,6,6,2,2,5,2,6
30,5,5,6,6,6,2,5,2,2,6
30,5,5,6,6,6,5,2,2,2,6
30,5,6,2,2,5,6,6,2,5,6
30,5,6,2,2,5,6,6,5,2,6
30,5,6,2,5,2,6,6,2,5,6
30,5,6,2,5,5,6,6,2,2,6
30,5,6,2,6,2,6,5,2,6,5
30,5,6,2,6,5,6,2,5,6,2
30,5,6,5,2,2,6,6,5,2,6
30,5,6,5,2,5,6,6,2,2,6
30,5,6,5,6,2,6,2,2,6,5
30,5,6,5,6,2,6,2,5,6,2
30,5,6,5,6,2,6,5,2,6,2
30,5,6,5,6,5,6,2,2,6,2
30,5,6,6,2,2,5,6,6,2,5
30,5,6,6,2,5,2,6,6,5,2
30,5,6,6,5,2,2,6,6,2,5
30,5,6,6,5,2,2,6,6,5,2
30,5,6,6,5,2,5,6,6,2,2
30,5,6,6,5,5,2,6,6,2,2
30,6,2,2,5,2,5,5,6,6,6
30,6,2,2,5,5,2,5,6,6,6
30,6,2,2,6,2,5,6,6,5,5
30,6,2,2,6,5,2,6,6,5,5
30,6,2,2,6,5,5,6,6,2,5
30,6,2,2,6,5,5,6,6,5,2
30,6,2,5,2,2,5,5,6,6,6
30,6,2,5,2,5,5,2,6,6,6
30,6,2,5,5,2,2,5,6,6,6
30,6,2,5,5,2,5,2,6,6,6
30,6,2,5,6,2,2,6,6,5,5
30,6,2,5,6,5,5,6,6,2,2
30,6,2,6,2,2,6,5,5,6,5
30,6,2,6,2,5,6,2,5,6,5
30,6,2,6,2,5,6,5,2,6,5
30,6,2,6,2,5,6,5,5,6,2
30,6,2,6,5,2,6,2,5,6,5
30,6,2,6,5,5,6,5,2,6,2
30,6,5,2,2,5,2,5,6,6,6
30,6,5,2,2,5,5,2,6,6,6
30,6,5,2,5,2,2,5,6,6,6
30,6,5,2,5,5,2,2,6,6,6
30,6,5,2,6,2,2,6,6,5,5
30,6,5,2,6,5,5,6,6,2,2
30,6,5,5,2,2,5,2,6,6,6
30,6,5,5,2,5,2,2,6,6,6
30,6,5,5,6,2,2,6,6,2,5
30,6,5,5,6,2,2,6,6,5,2
30,6,5,5,6,2,5,6,6,2,2
30,6,5,5,6,5,2,6,6,2,2
30,6,5,6,2,2,6,2,5,6,5
30,6,5,6,2,5,6,5,2,6,2
30,6,5,6,5,2,6,2,2,6,5
30,6,5,6,5,2,6,2,5,6,2
30,6,5,6,5,2,6,5,2,6,2
30,6,5,6,5,5,6,2,2,6,2
30,6,6,2,2,6,2,5,5,5,6
30,6,6,2,2,6,5,2,5,5,6
30,6,6,2,2,6,5,5,2,5,6
30,6,6,2,2,6,5,5,5,2,6
30,6,6,2,5,6,2,2,5,5,6
30,6,6,2,5,6,5,5,2,2,6
30,6,6,5,2,6,2,2,5,5,6
30,6,6,5,2,6,5,5,2,2,6
30,6,6,5,5,6,2,2,2,5,6
30,6,6,5,5,6,2,2,5,2,6
30,6,6,5,5,6,2,5,2,2,6
30,6,6,5,5,6,5,2,2,2,6
31,2,2,3,4,6,4,3,4,3,2
31,2,2,4,3,6,3,4,3,4,2
31,2,3,2,4,4,6,3,4,2,3
31,2,3,3,4,4,4,3,6,2,2
31,2,3,4,2,4,3,6,2,4,3
31,2,3,4,3,4,3,4,2,6,2
31,2,3,4,4,4,3,3,2,2,6
31,2,3,4,6,4,3,2,2,3,4
31,2,3,6,4,4,2,3,3,2,4
31,2,4,2,3,3,6,4,3,2,4
31,2,4,3,2,3,4,6,2,3,4
31,2,4,3,3,3,4,4,2,2,6
31,2,4,3,4,3,4,3,2,6,2
31,2,4,3,6,3,4,2,2,4,3
31,2,4,4,3,3,3,4,6,2,2
31,2,4,6,3,3,2,4,4,2,3
31,2,6,3,4,2,4,3,3,4,2
31,2,6,4,3,2,3,4,4,3,2
31,3,2,2,4,4,4,2,6,3,3
31,3,2,3,4,4,6,2,4,3,2
31,3,2,4,2,4,2,4,3,6,3
31,3,2,4,3,4,2,6,3,4,2
31,3,2,4,4,4,2,2,3,3,6
31,3,2,4,6,4,2,3,3,2,4
31,3,2,6,4,4,3,2,2,3,4
31,3,3,2,4,6,4,2,4,2,3
31,3,3,4,2,6,2,4,2,4,3
31,3,4,2,2,2,4,4,3,3,6
31,3,4,2,3,2,4,6,3,2,4
31,3,4,2,4,2,4,2,3,6,3
31,3,4,2,6,2,4,3,3,4,2
31,3,4,3,2,2,6,4,2,3,4
31,3,4,4,2,2,2,4,6,3,3
31,3,4,6,2,2,3,4,4,3,2
31,3,6,2,4,3,4,2,2,4,3
31,3,6,4,2,3,2,4,4,2,3
31,4,2,2,3,3,3,2,6,4,4
31,4,2,3,2,3,2,3,4,6,4
31,4,2,3,3,3,2,2,4,4,6
31,4,2,3,4,3,2,6,4,3,2
31,4,2,3,6,3,2,4,4,2,3
31,4,2,4,3,3,6,2,3,4,2
31,4,2,6,3,3,4,2,2,4,3
31,4,3,2,2,2,3,3,4,4,6
31,4,3,2,3,2,3,2,4,6,4
31,4,3,2,4,2,3,6,4,2,3
31,4,3,2,6,2,3,4,4,3,2
31,4,3,3,2,2,2,3,6,4,4
31,4,3,4,2,2,6,3,2,4,3
31,4,3,6,2,2,4,3,3,4,2
31,4,4,2,3,6,3,2,3,2,4
31,4,4,3,2,6,2,3,2,3,4
31,4,6,2,3,4,3,2,2,3,4
31,4,6,3,2,4,2,3,3,2,4
31,6,2,3,4,2,3,4,4,3,2
31,6,2,4,3,2,4,3,3,4,2
31,6,3,2,4,3,2,4,4,2,3
31,6,3,4,2,3,4,2,2,4,3
31,6,4,2,3,4,2,3,3,2,4
31,6,4,3,2,4,3,2,2,3,4
32,2,2,3,5,6,5,3,5,3,2
32,2,2,5,3,6,3,5,3,5,2
32,2,3,2,5,5,6,3,5,2,3
32,2,3,3,5,5,5,3,6,2,2
32,2,3,5,2,5,3,6,2,5,3
32,2,3,5,3,5,3,5,2,6,2
32,2,3,5,5,5,3,3,2,2,6
32,2,3,5,6,5,3,2,2,3,5
32,2,3,6,5,5,2,3,3,2,5
32,2,5,2,3,3,6,5,3,2,5
32,2,5,3,2,3,5,6,2,3,5
32,2,5,3,3,3,5,5,2,2,6
32,2,5,3,5,3,5,3,2,6,2
32,2,5,3,6,3,5,2,2,5,3
32,2,5,5,3,3,3,5,6,2,2
32,2,5,6,3,3,2,5,5,2,3
32,2,6,3,5,2,5,3,3,5,2
32,2,6,5,3,2,3,5,5,3,2
32,3,2,2,5,5,5,2,6,3,3
32,3,2,3,5,5,6,2,5,3,2
32,3,2,5,2,5,2,5,3,6,3
32,3,2,5,3,5,2,6,3,5,2
32,3,2,5,5,5,2,2,3,3,6
32,3,2,5,6,5,2,3,3,2,5
32,3,2,6,5,5,3,2,2,3,5
32,3,3,2,5,6,5,2,5,2,3
32,3,3,5,2,6,2,5,2,5,3
32,3,5,2,2,2,5,5,3,3,6
32,3,5,2,3,2,5,6,3,2,5
32,3,5,2,5,2,5,2,3,6,3
32,3,5,2,6,2,5,3,3,5,2
32,3,5,3,2,2,6,5,2,3,5
32,3,5,5,2,2,2,5,6,3,3
32,3,5,6,2,2,3,5,5,3,2
32,3,6,2,5,3,5,2,2,5,3
32,3,6,5,2,3,2,5,5,2,3
32,5,2,2,3,3,3,2,6,5,5
32,5,2,3,2,3,2,3,5,6,5
32,5,2,3,3,3,2,2,5,5,6
32,5,2,3,5,3,2,6,5,3,2
32,5,2,3,6,3,2,5,5,2,3
32,5,2,5,3,3,6,2,3,5,2
32,5,2,6,3,3,5,2,2,5,3
32,5,3,2,2,2,3,3,5,5,6
32,5,3,2,3,2,3,2,5,6,5
32,5,3,2,5,2,3,6,5,2,3
32,5,3,2,6,2,3,5,5,3,2
32,5,3,3,2,2,2,3,6,5,5
32,5,3,5,2,2,6,3,2,5,3
32,5,3,6,2,2,5,3,3,5,2
32,5,5,2,3,6,3,2,3,2,5
32,5,5,3,2,6,2,3,2,3,5
32,5,6,2,3,5,3,2,2,3,5
32,5,6,3,2,5,2,3,3,2,5
32,6,2,3,5,2,3,5,5,3,2
32,6,2,5,3,2,5,3,3,5,2
32,6,3,2,5,3,2,5,5,2,3
32,6,3,5,2,3,5,2,2,5,3
32,6,5,2,3,5,2,3,3,2,5
32,6,5,3,2,5,3,2,2,3,5
33,2,2,4,4,6,4,4,4,4,2
33,2,4,2,4,4,6,4,4,2,4
33,2,4,4,2,4,4,6,2,4,4
33,2,4,4,4,4,4,4,2,2,6
33,2,4,4,4,4,4,4,2,6,2
33,2,4,4,4,4,4,4,6,2,2
33,2,4,4,6,4,4,2,2,4,4
33,2,4,6,4,4,2,4,4,2,4
33,2,6,4,4,2,4,4,4,4,2
33,4,2,2,4,4,4,2,6,4,4
33,4,2,4,2,4,2,4,4,6,4
33,4,2,4,4,4,2,2,4,4,6
33,4,2,4,4,4,2,6,4,4,2
33,4,2,4,4,4,6,2,4,4,2
33,4,2,4,6,4,2,4,4,2,4
33,4,2,6,4,4,4,2,2,4,4
33,4,4,2,2,2,4,4,4,4,6
33,4,4,2,4,2,4,2,4,6,4
33,4,4,2,4,2,4,6,4,2,4
33,4,4,2,4,6,4,2,4,2,4
33,4,4,2,6,2,4,4,4,4,2
33,4,4,4,2,2,2,4,6,4,4
33,4,4,4,2,2,6,4,2,4,4
33,4,4,4,2,6,2,4,2,4,4
33,4,4,6,2,2,4,4,4,4,2
33,4,6,2,4,4,4,2,2,4,4
33,4,6,4,2,4,2,4,4,2,4
33,6,2,4,4,2,4,4,4,4,2
33,6,4,2,4,4,2,4,4,2,4
33,6,4,4,2,4,4,2,2,4,4
34,2,2,4,5,6,5,4,5,4,2
34,2,2,5,4,6,4,5,4,5,2
34,2,4,2,5,5,6,4,5,2,4
34,2,4,4,5,5,5,4,6,2,2
34,2,4,5,2,5,4,6,2,5,4
34,2,4,5,4,5,4,5,2,6,2
34,2,4,5,5,5,4,4,2,2,6
34,2,4,5,6,5,4,2,2,4,5
34,2,4,6,5,5,2,4,4,2,5
34,2,5,2,4,4,6,5,4,2,5
34,2,5,4,2,4,5,6,2,4,5
34,2,5,4,4,4,5,5,2,2,6
34,2,5,4,5,4,5,4,2,6,2
34,2,5,4,6,4,5,2,2,5,4
34,2,5,5,4,4,4,5,6,2,2
34,2,5,6,4,4,2,5,5,2,4
34,2,6,4,5,2,5,4,4,5,2
34,2,6,5,4,2,4,5,5,4,2
34,4,2,2,5,5,5,2,6,4,4
34,4,2,4,5,5,6,2,5,4,2
34,4,2,5,2,5,2,5,4,6,4
34,4,2,5,4,5,2,6,4,5,2
34,4,2,5,5,5,2,2,4,4,6
34,4,2,5,6,5,2,4,4,2,5
34,4,2,6,5,5,4,2,2,4,5
34,4,4,2,5,6,5,2,5,2,4
34,4,4,5,2,6,2,5,2,5,4
34,4,5,2,2,2,5,5,4,4,6
34,4,5,2,4,2,5,6,4,2,5
34,4,5,2,5,2,5,2,4,6,4
34,4,5,2,6,2,5,4,4,5,2
34,4,5,4,2,2,6,5,2,4,5
34,4,5,5,2,2,2,5,6,4,4
34,4,5,6,2,2,4,5,5,4,2
34,4,6,2,5,4,5,2,2,5,4
34,4,6,5,2,4,2,5,5,2,4
34,5,2,2,4,4,4,2,6,5,5
34,5,2,4,2,4,2,4,5,6,5
34,5,2,4,4,4,2,2,5,5,6
34,5,2,4,5,4,2,6,5,4,2
34,5,2,4,6,4,2,5,5,2,4
34,5,2,5,4,4,6,2,4,5,2
34,5,2,6,4,4,5,2,2,5,4
34,5,4,2,2,2,4,4,5,5,6
34,5,4,2,4,2,4,2,5,6,5
34,5,4,2,5,2,4,6,5,2,4
34,5,4,2,6,2,4,5,5,4,2
34,5,4,4,2,2,2,4,6,5,5
34,5,4,5,2,2,6,4,2,5,4
34,5,4,6,2,2,5,4,4,5,2
34,5,5,2,4,6,4,2,4,2,5
34,5,5,4,2,6,2,4,2,4,5
34,5,6,2,4,5,4,2,2,4,5
34,5,6,4,2,5,2,4,4,2,5
34,6,2,4,5,2,4,5,5,4,2
34,6,2,5,4,2,5,4,4,5,2
34,6,4,2,5,4,2,5,5,2,4
34,6,4,5,2,4,5,2,2,5,4
34,6,5,2,4,5,2,4,4,2,5
34,6,5,4,2,5,4,2,2,4,5
35,2,2,4,4,6,6,6,6,6,6
35,2,4,2,4,6,6,6,6,6,6
35,2,4,4,2,6,6,6,6,6,6
35,2,6,6,6,2,4,4,6,6,6
35,2,6,6,6,4,2,4,6,6,6
35,2,6,6,6,4,4,2,6,6,6
35,4,2,2,4,6,6,6,6,6,6
35,4,2,4,2,6,6,6,6,6,6
35,4,4,2,2,6,6,6,6,6,6
35,4,6,6,6,2,2,4,6,6,6
35,4,6,6,6,2,4,2,6,6,6
35,4,6,6,6,4,2,2,6,6,6
35,6,2,6,6,2,6,6,4,4,6
35,6,2,6,6,4,6,6,2,4,6
35,6,2,6,6,4,6,6,4,2,6
35,6,4,6,6,2,6,6,2,4,6
35,6,4,6,6,2,6,6,4,2,6
35,6,4,6,6,4,6,6,2,2,6
35,6,6,2,6,6,2,6,4,6,4
35,6,6,2,6,6,4,6,2,6,4
35,6,6,2,6,6,4,6,4,6,2
35,6,6,4,6,6,2,6,2,6,4
35,6,6,4,6,6,2,6,4,6,2
35,6,6,4,6,6,4,6,2,6,2
35,6,6,6,2,6,6,2,6,4,4
35,6,6,6,2,6,6,4,6,2,4
35,6,6,6,2,6,6,4,6,4,2
35,6,6,6,4,6,6,2,6,2,4
35,6,6,6,4,6,6,2,6,4,2
35,6,6,6,4,6,6,4,6,2,2
36,2,3,3,3,3,3,3,2,4,6
36,2,3,3,3,3,3,3,2,6,4
36,2,3,3,3,3,3,3,4,2,6
36,2,3,3,3,3,3,3,4,6,2
36,2,3,3,3,3,3,3,6,2,4
36,2,3,3,3,3,3,3,6,4,2
36,2,3,3,4,3,3,6,2,3,3
36,2,3,3,6,3,3,4,2,3,3
36,2,3,4,3,3,6,3,3,2,3
36,2,3,6,3,3,4,3,3,2,3
36,2,4,3,3,6,3,3,3,3,2
36,2,6,3,3,4,3,3,3,3,2
36,3,2,3,3,3,2,4,3,3,6
36,3,2,3,3,3,2,6,3,3,4
36,3,2,3,3,3,4,2,3,3,6
36,3,2,3,3,3,4,6,3,3,2
36,3,2,3,3,3,6,2,3,3,4
36,3,2,3,3,3,6,4,3,3,2
36,3,2,3,4,3,2,3,3,6,3
36,3,2,3,6,3,2,3,3,4,3
36,3,2,4,3,3,3,2,6,3,3
36,3,2,6,3,3,3,2,4,3,3
36,3,3,2,3,2,3,4,3,6,3
36,3,3,2,3,2,3,6,3,4,3
36,3,3,2,3,4,3,2,3,6,3
36,3,3,2,3,4,3,6,3,2,3
36,3,3,2,3,6,3,2,3,4,3
36,3,3,2,3,6,3,4,3,2,3
36,3,3,2,4,2,3,3,3,3,6
36,3,3,2,6,2,3,3,3,3,4
36,3,3,3,2,2,4,3,6,3,3
36,3,3,3,2,2,6,3,4,3,3
36,3,3,3,2,4,2,3,6,3,3
36,3,3,3,2,4,6,3,2,3,3
36,3,3,3,2,6,2,3,4,3,3
36,3,3,3,2,6,4,3,2,3,3
36,3,3,4,2,2,3,3,3,3,6
36,3,3,4,6,2,3,3,3,3,2
36,3,3,6,2,2,3,3,3,3,4
36,3,3,6,4,2,3,3,3,3,2
36,3,4,2,3,3,3,2,6,3,3
36,3,4,3,2,3,2,3,3,6,3
36,3,4,3,6,3,2,3,3,2,3
36,3,4,6,3,3,3,2,2,3,3
36,3,6,2,3,3,3,2,4,3,3
36,3,6,3,2,3,2,3,3,4,3
36,3,6,3,4,3,2,3,3,2,3
36,3,6,4,3,3,3,2,2,3,3
36,4,2,3,3,6,3,3,3,3,2
36,4,3,2,3,3,6,3,3,2,3
36,4,3,3,2,3,3,6,2,3,3
36,4,3,3,6,3,3,2,2,3,3
36,4,3,6,3,3,2,3,3,2,3
36,4,6,3,3,2,3,3,3,3,2
36,6,2,3,3,4,3,3,3,3,2
36,6,3,2,3,3,4,3,3,2,3
36,6,3,3,2,3,3,4,2,3,3
36,6,3,3,4,3,3,2,2,3,3
36,6,3,4,3,3,2,3,3,2,3
36,6,4,3,3,2,3,3,3,3,2
37,2,3,3,3,3,3,5,3,3,3
37,2,3,3,3,3,5,3,3,3,3
37,2,3,3,3,5,3,3,3,3,3
37,2,3,3,5,3,3,3,3,3,3
37,2,3,5,3,3,3,3,3,3,3
37,2,5,3,3,3,3,3,3,3,3
37,3,2,3,3,3,3,3,3,5,3
37,3,2,3,3,3,3,3,5,3,3
37,3,2,3,3,5,3,3,3,3,3
37,3,2,3,5,3,3,3,3,3,3
37,3,2,5,3,3,3,3,3,3,3
37,3,3,2,3,3,3,3,3,3,5
37,3,3,2,3,3,3,3,5,3,3
37,3,3,2,3,3,5,3,3,3,3
37,3,3,2,5,3,3,3,3,3,3
37,3,3,3,2,3,3,3,3,3,5
37,3,3,3,2,3,3,3,3,5,3
37,3,3,3,2,3,3,5,3,3,3
37,3,3,3,3,2,3,3,3,5,3
37,3,3,3,3,2,3,3,5,3,3
37,3,3,3,3,2,3,5,3,3,3
37,3,3,3,3,2,5,3,3,3,3
37,3,3,3,3,3,2,3,3,3,5
37,3,3,3,3,3,2,3,5,3,3
37,3,3,3,3,3,2,5,3,3,3
37,3,3,3,3,3,3,2,3,3,5
37,3,3,3,3,3,3,2,3,5,3
37,3,3,3,3,3,3,3,2,3,5
37,3,3,3,3,3,3,3,2,5,3
37,3,3,3,3,3,3,3,3,2,5
37,3,3,3,3,3,3,3,3,5,2
37,3,3,3,3,3,3,3,5,2,3
37,3,3,3,3,3,3,3,5,3,2
37,3,3,3,3,3,3,5,3,2,3
37,3,3,3,3,3,3,5,3,3,2
37,3,3,3,3,3,5,2,3,3,3
37,3,3,3,3,3,5,3,2,3,3
37,3,3,3,3,3,5,3,3,3,2
37,3,3,3,3,5,2,3,3,3,3
37,3,3,3,3,5,3,2,3,3,3
37,3,3,3,3,5,3,3,2,3,3
37,3,3,3,3,5,3,3,3,2,3
37,3,3,3,5,3,3,2,3,3,3
37,3,3,3,5,3,3,3,3,2,3
37,3,3,3,5,3,3,3,3,3,2
37,3,3,5,2,3,3,3,3,3,3
37,3,3,5,3,3,2,3,3,3,3
37,3,3,5,3,3,3,3,2,3,3
37,3,3,5,3,3,3,3,3,3,2
37,3,5,2,3,3,3,3,3,3,3
37,3,5,3,2,3,3,3,3,3,3
37,3,5,3,3,2,3,3,3,3,3
37,3,5,3,3,3,3,3,2,3,3
37,3,5,3,3,3,3,3,3,2,3
37,5,2,3,3,3,3,3,3,3,3
37,5,3,2,3,3,3,3,3,3,3
37,5,3,3,2,3,3,3,3,3,3
37,5,3,3,3,2,3,3,3,3,3
37,5,3,3,3,3,2,3,3,3,3
37,5,3,3,3,3,3,2,3,3,3
38,2,3,4,5,3,4,5,5,4,3
38,2,3,5,4,3,5,4,4,5,3
38,2,4,3,5,4,3,5,5,3,4
38,2,4,5,3,4,5,3,3,5,4
38,2,5,3,4,5,3,4,4,3,5
38,2,5,4,3,5,4,3,3,4,5
38,3,2,4,5,3,5,4,4,5,3
38,3,2,5,4,3,4,5,5,4,3
38,3,3,4,5,2,5,4,5,4,3
38,3,3,5,4,2,4,5,4,5,3
38,3,4,2,5,5,3,4,4,3,5
38,3,4,3,5,5,2,4,5,3,4
38,3,4,4,5,5,5,4,2,3,3
38,3,4,5,2,5,4,3,3,4,5
38,3,4,5,3,5,4,2,3,5,4
38,3,4,5,4,5,4,5,3,2,3
38,3,4,5,5,5,4,4,3,3,2
38,3,5,2,4,4,3,5,5,3,4
38,3,5,3,4,4,2,5,4,3,5
38,3,5,4,2,4,5,3,3,5,4
38,3,5,4,3,4,5,2,3,4,5
38,3,5,4,4,4,5,5,3,3,2
38,3,5,4,5,4,5,4,3,2,3
38,3,5,5,4,4,4,5,2,3,3
38,4,2,3,5,4,5,3,3,5,4
38,4,2,5,3,4,3,5,5,3,4
38,4,3,2,5,5,4,3,3,4,5
38,4,3,3,5,5,5,3,2,4,4
38,4,3,4,5,5,2,3,5,4,3
38,4,3,5,2,5,3,4,4,3,5
38,4,3,5,3,5,3,5,4,2,4
38,4,3,5,4,5,3,2,4,5,3
38,4,3,5,5,5,3,3,4,4,2
38,4,4,3,5,2,5,3,5,3,4
38,4,4,5,3,2,3,5,3,5,4
38,4,5,2,3,3,4,5,5,4,3
38,4,5,3,2,3,5,4,4,5,3
38,4,5,3,3,3,5,5,4,4,2
38,4,5,3,4,3,5,2,4,3,5
38,4,5,3,5,3,5,3,4,2,4
38,4,5,4,3,3,2,5,3,4,5
38,4,5,5,3,3,3,5,2,4,4
38,5,2,3,4,5,4,3,3,4,5
38,5,2,4,3,5,3,4,4,3,5
38,5,3,2,4,4,5,3,3,5,4
38,5,3,3,4,4,4,3,2,5,5
38,5,3,4,2,4,3,5,5,3,4
38,5,3,4,3,4,3,4,5,2,5
38,5,3,4,4,4,3,3,5,5,2
38,5,3,4,5,4,3,2,5,4,3
38,5,3,5,4,4,2,3,4,5,3
38,5,4,2,3,3,5,4,4,5,3
38,5,4,3,2,3,4,5,5,4,3
38,5,4,3,3,3,4,4,5,5,2
38,5,4,3,4,3,4,3,5,2,5
38,5,4,3,5,3,4,2,5,3,4
38,5,4,4,3,3,3,4,2,5,5
38,5,4,5,3,3,2,4,3,5,4
38,5,5,3,4,2,4,3,4,3,5
38,5,5,4,3,2,3,4,3,4,5
39,2,4,4,6,6,6,4,4,2,6
39,2,4,4,6,6,6,4,4,6,2
39,2,4,6,4,6,4,6,2,4,6
39,2,4,6,4,6,4,6,6,4,2
39,2,4,6,6,6,4,4,2,6,4
39,2,4,6,6,6,4,4,6,2,4
39,2,6,4,4,4,6,6,2,6,4
39,2,6,4,4,4,6,6,6,2,4
39,2,6,4,6,4,6,4,2,4,6
39,2,6,4,6,4,6,4,6,4,2
39,2,6,6,4,4,4,6,4,2,6
39,2,6,6,4,4,4,6,4,6,2
39,4,2,4,6,6,4,2,6,4,6
39,4,2,4,6,6,4,6,6,4,2
39,4,2,6,4,6,2,4,4,6,6
39,4,2,6,4,6,6,4,4,6,2
39,4,2,6,6,6,2,6,4,4,4
39,4,2,6,6,6,6,2,4,4,4
39,4,4,2,6,4,6,2,6,6,4
39,4,4,2,6,4,6,6,6,2,4
39,4,4,6,2,4,2,6,6,6,4
39,4,4,6,2,4,6,6,2,6,4
39,4,4,6,6,4,2,6,6,2,4
39,4,4,6,6,4,6,2,2,6,4
39,4,6,2,4,2,6,4,4,6,6
39,4,6,2,4,6,6,4,4,2,6
39,4,6,2,6,2,6,6,4,4,4
39,4,6,2,6,6,6,2,4,4,4
39,4,6,4,2,2,4,6,6,4,6
39,4,6,4,2,6,4,6,2,4,6
39,4,6,4,6,2,4,6,6,4,2
39,4,6,4,6,6,4,2,2,4,6
39,4,6,6,2,2,6,6,4,4,4
39,4,6,6,2,6,2,6,4,4,4
39,4,6,6,4,2,6,4,4,6,2
39,4,6,6,4,6,2,4,4,2,6
39,6,2,4,4,4,2,6,6,6,4
39,6,2,4,4,4,6,2,6,6,4
39,6,2,4,6,4,2,4,6,4,6
39,6,2,4,6,4,6,4,6,4,2
39,6,2,6,4,4,4,2,4,6,6
39,6,2,6,4,4,4,6,4,6,2
39,6,4,2,4,2,4,6,6,4,6
39,6,4,2,4,6,4,2,6,4,6
39,6,4,2,6,2,4,4,6,6,4
39,6,4,2,6,6,4,4,6,2,4
39,6,4,4,2,2,6,4,4,6,6
39,6,4,4,2,6,2,4,4,6,6
39,6,4,4,6,2,6,4,4,6,2
39,6,4,4,6,6,2,4,4,2,6
39,6,4,6,2,2,4,4,6,6,4
39,6,4,6,2,6,4,4,2,6,4
39,6,4,6,4,2,4,6,6,4,2
39,6,4,6,4,6,4,2,2,4,6
39,6,6,2,4,4,4,2,4,6,6
39,6,6,2,4,4,4,6,4,2,6
39,6,6,4,2,4,2,4,6,4,6
39,6,6,4,2,4,6,4,2,4,6
39,6,6,4,4,4,2,6,6,2,4
39,6,6,4,4,4,6,2,2,6,4
40,3,3,4,5,4,5,4,5,4,3
40,3,3,5,4,4,4,5,4,5,3
40,3,4,3,5,5,4,4,5,3,4
40,3,4,4,5,3,5,4,4,5,3
40,3,4,4,5,5,3,4,4,3,5
40,3,4,4,5,5,5,4,4,3,3
40,3,4,5,3,5,4,4,3,5,4
40,3,4,5,4,3,4,5,5,4,3
40,3,4,5,4,5,4,3,3,4,5
40,3,4,5,4,5,4,5,3,4,3
40,3,4,5,5,5,4,4,3,3,4
40,3,5,3,4,4,4,5,4,3,5
40,3,5,4,3,4,5,4,3,4,5
40,3,5,4,4,4,3,5,5,3,4
40,3,5,4,4,4,5,3,3,5,4
40,3,5,4,4,4,5,5,3,3,4
40,3,5,4,5,4,5,4,3,4,3
40,3,5,5,4,4,4,5,4,3,3
40,4,3,3,5,5,5,3,4,4,4
40,4,3,4,5,3,4,5,5,4,3
40,4,3,4,5,5,4,3,3,4,5
40,4,3,4,5,5,4,3,5,4,3
40,4,3,5,3,5,3,5,4,4,4
40,4,3,5,4,3,5,4,4,5,3
40,4,3,5,4,5,3,4,4,3,5
40,4,3,5,4,5,3,4,4,5,3
40,4,3,5,5,5,3,3,4,4,4
40,4,4,3,5,4,3,5,5,3,4
40,4,4,3,5,4,5,3,3,5,4
40,4,4,3,5,4,5,3,5,3,4
40,4,4,5,3,4,3,5,3,5,4
40,4,4,5,3,4,3,5,5,3,4
40,4,4,5,3,4,5,3,3,5,4
40,4,5,3,3,3,5,5,4,4,4
40,4,5,3,4,3,5,4,4,3,5
40,4,5,3,4,3,5,4,4,5,3
40,4,5,3,4,5,3,4,4,3,5
40,4,5,3,5,3,5,3,4,4,4
40,4,5,4,3,3,4,5,3,4,5
40,4,5,4,3,3,4,5,5,4,3
40,4,5,4,3,5,4,3,3,4,5
40,4,5,5,3,3,3,5,4,4,4
40,5,3,3,4,4,4,3,4,5,5
40,5,3,4,3,4,3,4,5,4,5
40,5,3,4,4,4,3,3,5,5,4
40,5,3,4,4,4,3,5,5,3,4
40,5,3,4,4,4,5,3,3,5,4
40,5,3,4,5,4,3,4,5,4,3
40,5,3,5,4,4,4,3,4,5,3
40,5,4,3,3,3,4,4,5,5,4
40,5,4,3,4,3,4,3,5,4,5
40,5,4,3,4,3,4,5,5,4,3
40,5,4,3,4,5,4,3,3,4,5
40,5,4,3,5,3,4,4,5,3,4
40,5,4,4,3,3,3,4,4,5,5
40,5,4,4,3,3,5,4,4,5,3
40,5,4,4,3,5,3,4,4,3,5
40,5,4,5,3,3,4,4,3,5,4
40,5,5,3,4,4,4,3,4,3,5
40,5,5,4,3,4,3,4,3,4,5
41,3,3,4,4,6,4,4,4,4,3
41,3,4,3,4,4,6,4,4,3,4
41,3,4,4,3,4,4,6,3,4,4
41,3,4,4,4,4,4,4,3,3,6
41,3,4,4,4,4,4,4,3,6,3
41,3,4,4,4,4,4,4,6,3,3
41,3,4,4,6,4,4,3,3,4,4
41,3,4,6,4,4,3,4,4,3,4
41,3,6,4,4,3,4,4,4,4,3
41,4,3,3,4,4,4,3,6,4,4
41,4,3,4,3,4,3,4,4,6,4
41,4,3,4,4,4,3,3,4,4,6
41,4,3,4,4,4,3,6,4,4,3
41,4,3,4,4,4,6,3,4,4,3
41,4,3,4,6,4,3,4,4,3,4
41,4,3,6,4,4,4,3,3,4,4
41,4,4,3,3,3,4,4,4,4,6
41,4,4,3,4,3,4,3,4,6,4
41,4,4,3,4,3,4,6,4,3,4
41,4,4,3,4,6,4,3,4,3,4
41,4,4,3,6,3,4,4,4,4,3
41,4,4,4,3,3,3,4,6,4,4
41,4,4,4,3,3,6,4,3,4,4
41,4,4,4,3,6,3,4,3,4,4
41,4,4,6,3,3,4,4,4,4,3
41,4,6,3,4,4,4,3,3,4,4
41,4,6,4,3,4,3,4,4,3,4
41,6,3,4,4,3,4,4,4,4,3
41,6,4,3,4,4,3,4,4,3,4
41,6,4,4,3,4,4,3,3,4,4
42,3,3,4,6,6,6,4,6,4,3
42,3,3,6,4,6,4,6,4,6,3
42,3,4,3,6,6,6,4,6,3,4
42,3,4,4,6,6,6,4,6,3,3
42,3,4,6,3,6,4,6,3,6,4
42,3,4,6,4,6,4,6,3,6,3
42,3,4,6,6,6,3,4,4,3,6
42,3,4,6,6,6,4,3,3,4,6
42,3,4,6,6,6,4,4,3,3,6
42,3,6,3,4,4,6,6,4,3,6
42,3,6,4,3,4,6,6,3,4,6
42,3,6,4,4,4,6,6,3,3,6
42,3,6,4,6,3,6,4,4,6,3
42,3,6,4,6,4,6,3,3,6,4
42,3,6,4,6,4,6,4,3,6,3
42,3,6,6,4,3,4,6,6,4,3
42,3,6,6,4,4,3,6,6,3,4
42,3,6,6,4,4,4,6,6,3,3
42,4,3,3,6,6,6,3,6,4,4
42,4,3,4,6,6,6,3,6,4,3
42,4,3,6,3,6,3,6,4,6,4
42,4,3,6,4,6,3,6,4,6,3
42,4,3,6,6,6,3,3,4,4,6
42,4,3,6,6,6,3,4,4,3,6
42,4,3,6,6,6,4,3,3,4,6
42,4,4,3,6,6,6,3,6,3,4
42,4,4,6,3,6,3,6,3,6,4
42,4,6,3,3,3,6,6,4,4,6
42,4,6,3,4,3,6,6,4,3,6
42,4,6,3,6,3,6,3,4,6,4
42,4,6,3,6,3,6,4,4,6,3
42,4,6,3,6,4,6,3,3,6,4
42,4,6,4,3,3,6,6,3,4,6
42,4,6,6,3,3,3,6,6,4,4
42,4,6,6,3,3,4,6,6,4,3
42,4,6,6,3,4,3,6,6,3,4
42,6,3,3,4,4,4,3,6,6,6
42,6,3,4,3,4,3,4,6,6,6
42,6,3,4,4,4,3,3,6,6,6
42,6,3,4,6,3,4,6,6,4,3
42,6,3,4,6,4,3,6,6,3,4
42,6,3,4,6,4,3,6,6,4,3
42,6,3,6,4,3,6,4,4,6,3
42,6,3,6,4,4,6,3,3,6,4
42,6,3,6,4,4,6,3,4,6,3
42,6,4,3,3,3,4,4,6,6,6
42,6,4,3,4,3,4,3,6,6,6
42,6,4,3,6,3,4,6,6,3,4
42,6,4,3,6,3,4,6,6,4,3
42,6,4,3,6,4,3,6,6,3,4
42,6,4,4,3,3,3,4,6,6,6
42,6,4,6,3,3,6,4,3,6,4
42,6,4,6,3,3,6,4,4,6,3
42,6,4,6,3,4,6,3,3,6,4
42,6,6,3,4,6,3,4,4,3,6
42,6,6,3,4,6,4,3,3,4,6
42,6,6,3,4,6,4,3,4,3,6
42,6,6,4,3,6,3,4,3,4,6
42,6,6,4,3,6,3,4,4,3,6
42,6,6,4,3,6,4,3,3,4,6
43,3,4,4,6,4,4,6,6,4,4
43,3,4,6,4,4,6,4,4,6,4
43,3,6,4,4,6,4,4,4,4,6
43,4,3,4,6,4,6,4,4,6,4
43,4,3,6,4,4,4,6,6,4,4
43,4,4,3,6,6,4,4,4,4,6
43,4,4,4,6,3,6,4,6,4,4
43,4,4,4,6,6,3,4,6,4,4
43,4,4,4,6,6,6,4,3,4,4
43,4,4,6,3,6,4,4,4,4,6
43,4,4,6,4,3,4,6,4,6,4
43,4,4,6,4,6,4,3,4,6,4
43,4,4,6,4,6,4,6,4,3,4
43,4,4,6,6,6,4,4,4,4,3
43,4,6,3,4,4,4,6,6,4,4
43,4,6,4,3,4,6,4,4,6,4
43,4,6,4,4,4,3,6,4,4,6
43,4,6,4,4,4,6,3,4,4,6
43,4,6,4,4,4,6,6,4,4,3
43,4,6,4,6,4,6,4,4,3,4
43,4,6,6,4,4,4,6,3,4,4
43,6,3,4,4,6,4,4,4,4,6
43,6,4,3,4,4,6,4,4,6,4
43,6,4,4,3,4,4,6,6,4,4
43,6,4,4,4,4,4,4,3,6,6
43,6,4,4,4,4,4,4,6,3,6
43,6,4,4,4,4,4,4,6,6,3
43,6,4,4,6,4,4,3,6,4,4
43,6,4,6,4,4,3,4,4,6,4
43,6,6,4,4,3,4,4,4,4,6
44,3,4,5,5,6,5,5,6,6,3
44,3,5,4,5,5,6,5,6,3,6
44,3,5,5,4,5,5,6,3,6,6
44,3,5,5,6,5,5,4,3,6,6
44,3,5,5,6,5,5,6,3,4,6
44,3,5,5,6,5,5,6,3,6,4
44,3,5,6,5,5,4,5,6,3,6
44,3,5,6,5,5,6,5,4,3,6
44,3,5,6,5,5,6,5,6,3,4
44,3,6,5,5,4,5,5,6,6,3
44,3,6,5,5,6,5,5,4,6,3
44,3,6,5,5,6,5,5,6,4,3
44,4,3,5,5,6,6,6,5,5,3
44,4,5,3,5,6,6,6,5,3,5
44,4,5,5,3,6,6,6,3,5,5
44,4,6,6,6,3,5,5,5,5,3
44,4,6,6,6,5,3,5,5,3,5
44,4,6,6,6,5,5,3,3,5,5
44,5,3,4,5,5,6,3,6,5,6
44,5,3,5,4,5,3,6,5,6,6
44,5,3,5,6,5,3,4,5,6,6
44,5,3,5,6,5,3,6,5,4,6
44,5,3,5,6,5,3,6,5,6,4
44,5,3,6,5,5,4,3,6,5,6
44,5,3,6,5,5,6,3,4,5,6
44,5,3,6,5,5,6,3,6,5,4
44,5,4,3,5,6,5,3,6,6,5
44,5,4,5,3,6,3,5,6,6,5
44,5,5,3,4,3,5,6,5,6,6
44,5,5,3,6,3,5,4,5,6,6
44,5,5,3,6,3,5,6,5,4,6
44,5,5,3,6,3,5,6,5,6,4
44,5,5,4,3,3,6,5,6,5,6
44,5,5,6,3,3,4,5,6,5,6
44,5,5,6,3,3,6,5,4,5,6
44,5,5,6,3,3,6,5,6,5,4
44,5,6,3,5,4,5,3,6,6,5
44,5,6,3,5,6,5,3,4,6,5
44,5,6,3,5,6,5,3,6,4,5
44,5,6,5,3,4,3,5,6,6,5
44,5,6,5,3,6,3,5,4,6,5
44,5,6,5,3,6,3,5,6,4,5
44,6,3,5,5,4,6,6,5,5,3
44,6,3,5,5,6,4,6,5,5,3
44,6,3,5,5,6,6,4,5,5,3
44,6,4,6,6,3,5,5,5,5,3
44,6,4,6,6,5,3,5,5,3,5
44,6,4,6,6,5,5,3,3,5,5
44,6,5,3,5,4,6,6,5,3,5
44,6,5,3,5,6,4,6,5,3,5
44,6,5,3,5,6,6,4,5,3,5
44,6,5,5,3,4,6,6,3,5,5
44,6,5,5,3,6,4,6,3,5,5
44,6,5,5,3,6,6,4,3,5,5
44,6,6,4,6,3,5,5,5,5,3
44,6,6,4,6,5,3,5,5,3,5
44,6,6,4,6,5,5,3,3,5,5
44,6,6,6,4,3,5,5,5,5,3
44,6,6,6,4,5,3,5,5,3,5
44,6,6,6,4,5,5,3,3,5,5
45,3,5,5,6,5,5,6,6,5,5
45,3,5,6,5,5,6,5,5,6,5
45,3,6,5,5,6,5,5,5,5,6
45,5,3,5,6,5,6,5,5,6,5
45,5,3,6,5,5,5,6,6,5,5
45,5,5,3,6,6,5,5,5,5,6
45,5,5,5,6,3,6,5,6,5,5
45,5,5,5,6,6,3,5,6,5,5
45,5,5,5,6,6,6,5,3,5,5
45,5,5,6,3,6,5,5,5,5,6
45,5,5,6,5,3,5,6,5,6,5
45,5,5,6,5,6,5,3,5,6,5
45,5,5,6,5,6,5,6,5,3,5
45,5,5,6,6,6,5,5,5,5,3
45,5,6,3,5,5,5,6,6,5,5
45,5,6,5,3,5,6,5,5,6,5
45,5,6,5,5,5,3,6,5,5,6
45,5,6,5,5,5,6,3,5,5,6
45,5,6,5,5,5,6,6,5,5,3
45,5,6,5,6,5,6,5,5,3,5
45,5,6,6,5,5,5,6,3,5,5
45,6,3,5,5,6,5,5,5,5,6
45,6,5,3,5,5,6,5,5,6,5
45,6,5,5,3,5,5,6,6,5,5
45,6,5,5,5,5,5,5,3,6,6
45,6,5,5,5,5,5,5,6,3,6
45,6,5,5,5,5,5,5,6,6,3
45,6,5,5,6,5,5,3,6,5,5
45,6,5,6,5,5,3,5,5,6,5
45,6,6,5,5,3,5,5,5,5,6
46,3,5,5,6,6,6,5,5,3,6
46,3,5,5,6,6,6,5,5,6,3
46,3,5,6,5,6,5,6,3,5,6
46,3,5,6,5,6,5,6,6,5,3
46,3,5,6,6,6,5,5,3,6,5
46,3,5,6,6,6,5,5,6,3,5
46,3,6,5,5,5,6,6,3,6,5
46,3,6,5,5,5,6,6,6,3,5
46,3,6,5,6,5,6,5,3,5,6
46,3,6,5,6,5,6,5,6,5,3
46,3,6,6,5,5,5,6,5,3,6
46,3,6,6,5,5,5,6,5,6,3
46,5,3,5,6,6,5,3,6,5,6
46,5,3,5,6,6,5,6,6,5,3
46,5,3,6,5,6,3,5,5,6,6
46,5,3,6,5,6,6,5,5,6,3
46,5,3,6,6,6,3,6,5,5,5
46,5,3,6,6,6,6,3,5,5,5
46,5,5,3,6,5,6,3,6,6,5
46,5,5,3,6,5,6,6,6,3,5
46,5,5,6,3,5,3,6,6,6,5
46,5,5,6,3,5,6,6,3,6,5
46,5,5,6,6,5,3,6,6,3,5
46,5,5,6,6,5,6,3,3,6,5
46,5,6,3,5,3,6,5,5,6,6
46,5,6,3,5,6,6,5,5,3,6
46,5,6,3,6,3,6,6,5,5,5
46,5,6,3,6,6,6,3,5,5,5
46,5,6,5,3,3,5,6,6,5,6
46,5,6,5,3,6,5,6,3,5,6
46,5,6,5,6,3,5,6,6,5,3
46,5,6,5,6,6,5,3,3,5,6
46,5,6,6,3,3,6,6,5,5,5
46,5,6,6,3,6,3,6,5,5,5
46,5,6,6,5,3,6,5,5,6,3
46,5,6,6,5,6,3,5,5,3,6
46,6,3,5,5,5,3,6,6,6,5
46,6,3,5,5,5,6,3,6,6,5
46,6,3,5,6,5,3,5,6,5,6
46,6,3,5,6,5,6,5,6,5,3
46,6,3,6,5,5,5,3,5,6,6
46,6,3,6,5,5,5,6,5,6,3
46,6,5,3,5,3,5,6,6,5,6
46,6,5,3,5,6,5,3,6,5,6
46,6,5,3,6,3,5,5,6,6,5
46,6,5,3,6,6,5,5,6,3,5
46,6,5,5,3,3,6,5,5,6,6
46,6,5,5,3,6,3,5,5,6,6
46,6,5,5,6,3,6,5,5,6,3
46,6,5,5,6,6,3,5,5,3,6
46,6,5,6,3,3,5,5,6,6,5
46,6,5,6,3,6,5,5,3,6,5
46,6,5,6,5,3,5,6,6,5,3
46,6,5,6,5,6,5,3,3,5,6
46,6,6,3,5,5,5,3,5,6,6
46,6,6,3,5,5,5,6,5,3,6
46,6,6,5,3,5,3,5,6,5,6
46,6,6,5,3,5,6,5,3,5,6
46,6,6,5,5,5,3,6,6,3,5
46,6,6,5,5,5,6,3,3,6,5
47,4,4,5,6,4,5,6,6,5,4
47,4,4,5,6,4,6,5,5,6,4
47,4,4,5,6,4,6,5,6,5,4
47,4,4,6,5,4,5,6,5,6,4
47,4,4,6,5,4,5,6,6,5,4
47,4,4,6,5,4,6,5,5,6,4
47,4,5,4,6,5,4,6,6,4,5
47,4,5,4,6,6,4,5,5,4,6
47,4,5,4,6,6,4,5,6,4,5
47,4,5,5,6,6,6,5,4,4,4
47,4,5,6,4,5,6,4,4,6,5
47,4,5,6,4,6,5,4,4,5,6
47,4,5,6,4,6,5,4,4,6,5
47,4,5,6,5,6,5,6,4,4,4
47,4,5,6,6,6,5,5,4,4,4
47,4,6,4,5,5,4,6,5,4,6
47,4,6,4,5,5,4,6,6,4,5
47,4,6,4,5,6,4,5,5,4,6
47,4,6,5,4,5,6,4,4,5,6
47,4,6,5,4,5,6,4,4,6,5
47,4,6,5,4,6,5,4,4,5,6
47,4,6,5,5,5,6,6,4,4,4
47,4,6,5,6,5,6,5,4,4,4
47,4,6,6,5,5,5,6,4,4,4
47,5,4,4,6,5,6,4,4,6,5
47,5,4,4,6,6,5,4,4,5,6
47,5,4,4,6,6,6,4,4,5,5
47,5,4,5,6,6,4,4,6,5,4
47,5,4,6,4,5,4,6,6,4,5
47,5,4,6,4,6,4,5,5,4,6
47,5,4,6,4,6,4,6,5,4,5
47,5,4,6,5,6,4,4,5,6,4
47,5,4,6,6,6,4,4,5,5,4
47,5,5,4,6,4,6,4,6,4,5
47,5,5,6,4,4,4,6,4,6,5
47,5,6,4,4,4,5,6,6,5,4
47,5,6,4,4,4,6,5,5,6,4
47,5,6,4,4,4,6,6,5,5,4
47,5,6,4,5,4,6,4,5,4,6
47,5,6,4,6,4,6,4,5,4,5
47,5,6,5,4,4,4,6,4,5,6
47,5,6,6,4,4,4,6,4,5,5
47,6,4,4,5,5,5,4,4,6,6
47,6,4,4,5,5,6,4,4,6,5
47,6,4,4,5,6,5,4,4,5,6
47,6,4,5,4,5,4,5,6,4,6
47,6,4,5,4,5,4,6,6,4,5
47,6,4,5,4,6,4,5,5,4,6
47,6,4,5,5,5,4,4,6,6,4
47,6,4,5,6,5,4,4,6,5,4
47,6,4,6,5,5,4,4,5,6,4
47,6,5,4,4,4,5,5,6,6,4
47,6,5,4,4,4,5,6,6,5,4
47,6,5,4,4,4,6,5,5,6,4
47,6,5,4,5,4,5,4,6,4,6
47,6,5,4,6,4,5,4,6,4,5
47,6,5,5,4,4,4,5,4,6,6
47,6,5,6,4,4,4,5,4,6,5
47,6,6,4,5,4,5,4,5,4,6
47,6,6,5,4,4,4,5,4,5,6
48,4,4,4,6,5,6,4,6,4,4
48,4,4,4,6,6,5,4,6,4,4
48,4,4,4,6,6,6,4,5,4,4
48,4,4,5,6,6,4,4,4,4,6
48,4,4,6,4,5,4,6,4,6,4
48,4,4,6,4,6,4,5,4,6,4
48,4,4,6,4,6,4,6,4,5,4
48,4,4,6,5,6,4,4,4,4,6
48,4,4,6,6,6,4,4,4,4,5
48,4,5,4,6,4,6,4,4,6,4
48,4,5,6,4,4,4,6,6,4,4
48,4,6,4,4,4,5,6,4,4,6
48,4,6,4,4,4,6,5,4,4,6
48,4,6,4,4,4,6,6,4,4,5
48,4,6,4,5,4,6,4,4,6,4
48,4,6,4,6,4,6,4,4,5,4
48,4,6,5,4,4,4,6,6,4,4
48,4,6,6,4,4,4,6,5,4,4
48,5,4,4,6,4,4,6,6,4,4
48,5,4,6,4,4,6,4,4,6,4
48,5,6,4,4,6,4,4,4,4,6
48,6,4,4,4,4,4,4,5,6,6
48,6,4,4,4,4,4,4,6,5,6
48,6,4,4,4,4,4,4,6,6,5
48,6,4,4,5,4,4,6,6,4,4
48,6,4,4,6,4,4,5,6,4,4
48,6,4,5,4,4,6,4,4,6,4
48,6,4,6,4,4,5,4,4,6,4
48,6,5,4,4,6,4,4,4,4,6
48,6,6,4,4,5,4,4,4,4,6
49,4,4,6,6,6,6,6,6,6,6
49,4,6,4,6,6,6,6,6,6,6
49,4,6,6,4,6,6,6,6,6,6
49,4,6,6,6,4,6,6,6,6,6
49,4,6,6,6,6,4,6,6,6,6
49,4,6,6,6,6,6,4,6,6,6
49,6,4,4,6,6,6,6,6,6,6
49,6,4,6,4,6,6,6,6,6,6
49,6,4,6,6,4,6,6,6,6,6
49,6,4,6,6,6,6,6,4,6,6
49,6,4,6,6,6,6,6,6,4,6
49,6,6,4,4,6,6,6,6,6,6
49,6,6,4,6,6,4,6,6,6,6
49,6,6,4,6,6,6,6,4,6,6
49,6,6,4,6,6,6,6,6,6,4
49,6,6,6,4,6,6,4,6,6,6
49,6,6,6,4,6,6,6,6,4,6
49,6,6,6,4,6,6,6,6,6,4
49,6,6,6,6,4,4,6,6,6,6
49,6,6,6,6,4,6,4,6,6,6
49,6,6,6,6,4,6,6,4,6,6
49,6,6,6,6,4,6,6,6,4,6
49,6,6,6,6,6,4,4,6,6,6
49,6,6,6,6,6,4,6,4,6,6
49,6,6,6,6,6,4,6,6,6,4
49,6,6,6,6,6,6,4,6,4,6
49,6,6,6,6,6,6,4,6,6,4
49,6,6,6,6,6,6,6,4,4,6
49,6,6,6,6,6,6,6,4,6,4
49,6,6,6,6,6,6,6,6,4,4
50,4,5,5,6,6,6,5,5,6,6
50,4,5,6,5,6,5,6,6,5,6
50,4,5,6,6,6,5,5,6,6,5
50,4,6,5,5,5,6,6,6,6,5
50,4,6,5,6,5,6,5,6,5,6
50,4,6,6,5,5,5,6,5,6,6
50,5,4,5,6,6,5,6,6,5,6
50,5,4,6,5,6,6,5,5,6,6
50,5,4,6,6,6,6,6,5,5,5
50,5,5,4,6,5,6,6,6,6,5
50,5,5,6,4,5,6,6,6,6,5
50,5,5,6,6,5,4,6,6,6,5
50,5,5,6,6,5,6,4,6,6,5
50,5,5,6,6,5,6,6,4,6,5
50,5,5,6,6,5,6,6,6,4,5
50,5,6,4,5,6,6,5,5,6,6
50,5,6,4,6,6,6,6,5,5,5
50,5,6,5,4,6,5,6,6,5,6
50,5,6,5,6,4,5,6,6,5,6
50,5,6,5,6,6,5,4,6,5,6
50,5,6,5,6,6,5,6,4,5,6
50,5,6,5,6,6,5,6,6,5,4
50,5,6,6,4,6,6,6,5,5,5
50,5,6,6,5,4,6,5,5,6,6
50,5,6,6,5,6,4,5,5,6,6
50,5,6,6,5,6,6,5,5,4,6
50,5,6,6,5,6,6,5,5,6,4
50,5,6,6,6,4,6,6,5,5,5
50,5,6,6,6,6,4,6,5,5,5
50,5,6,6,6,6,6,4,5,5,5
50,6,4,5,5,5,6,6,6,6,5
50,6,4,5,6,5,6,5,6,5,6
50,6,4,6,5,5,5,6,5,6,6
50,6,5,4,5,6,5,6,6,5,6
50,6,5,4,6,6,5,5,6,6,5
50,6,5,5,4,6,6,5,5,6,6
50,6,5,5,6,4,6,5,5,6,6
50,6,5,5,6,6,4,5,5,6,6
50,6,5,5,6,6,6,5,5,4,6
50,6,5,5,6,6,6,5,5,6,4
50,6,5,6,4,6,5,5,6,6,5
50,6,5,6,5,4,5,6,6,5,6
50,6,5,6,5,6,5,4,6,5,6
50,6,5,6,5,6,5,6,4,5,6
50,6,5,6,5,6,5,6,6,5,4
50,6,5,6,6,4,5,5,6,6,5
50,6,5,6,6,6,5,5,4,6,5
50,6,5,6,6,6,5,5,6,4,5
50,6,6,4,5,5,5,6,5,6,6
50,6,6,5,4,5,6,5,6,5,6
50,6,6,5,5,5,4,6,6,6,5
50,6,6,5,5,5,6,4,6,6,5
50,6,6,5,5,5,6,6,4,6,5
50,6,6,5,5,5,6,6,6,4,5
50,6,6,5,6,5,4,5,6,5,6
50,6,6,5,6,5,6,5,4,5,6
50,6,6,5,6,5,6,5,6,5,4
50,6,6,6,5,5,5,4,5,6,6
50,6,6,6,5,5,5,6,5,4,6
50,6,6,6,5,5,5,6,5,6,4
