catalog_id,n,m,graph6,gamma,i,alpha,gamma_infinity_one_guard,theta,gamma_witness,minimum_dominating_set_count,i_witness,alpha_witness,greatest_eternal_family_size,greatest_eternal_family_sha256
MMV-001,10,26,IEhbtj{ro,2,2,3,3,4,8 9,1,8 9,0 1 2,86,cc564091912f49e1d6b1bf32da2cbc9fe9883dba16da69ba500226565a4dcd71
MMV-002,10,27,IEhbtn{ro,2,2,3,3,4,6 8,3,6 8,0 1 2,92,aaa87686772966823245923d299a1b7311b05720815eb062f1139218d401e7a1
MMV-003,11,35,JQyurj]yt|?,2,2,2,3,4,0 1,20,0 1,0 1,125,840db1fd42c702ac5e04ab58d1be851f4f6fc50acd4a9b95e65f595a0057c9c9
MMV-004,11,33,JEhbtj{rvu?,2,2,3,3,4,1 10,2,5 10,0 1 2,118,6a63603ddac484938e9dc6f278e204461115295b7849955462d15affa8d420df
MMV-005,11,33,JEhbtj{rvx?,2,2,3,3,4,8 9,2,8 9,0 1 2,115,0ae9d7a28ae7226d2e4701940b10f454cb96f4aafff3630a09fa47be907e8182
MMV-006,11,33,JEhbtj{rvf?,2,2,3,3,4,8 9,2,8 9,0 1 2,112,88fa78270cfbd01c043350d83bc5ab7864e1d19f9f93e79c9d08bff724475b05
MMV-007,11,33,JEhbtj{ruv?,2,2,3,3,4,5 10,3,5 10,0 1 2,112,88fa78270cfbd01c043350d83bc5ab7864e1d19f9f93e79c9d08bff724475b05
MMV-008,11,33,JEhbtj{rvT_,2,2,3,3,4,7 10,2,7 10,0 1 2,110,c063f8e4bca567045e84a332b42e838fb6cb9e72356d9436dd7e39387e6ee5c4
MMV-009,11,33,JEhbtj{rtt_,2,2,3,3,4,5 10,3,5 10,0 1 2,110,c063f8e4bca567045e84a332b42e838fb6cb9e72356d9436dd7e39387e6ee5c4
MMV-010,11,33,JEhbtj{rrt_,2,2,3,3,4,7 10,3,7 10,0 1 2,112,923012ea0f64e0d5696a42a3b832a6564fd91bd4f597c0bad2bc036a492b4445
MMV-011,11,34,JEhbtj{rv}?,2,3,3,3,4,0 10,4,0 1 2,0 1 2,125,385d3d8db1d84250c643c352d0178da3689a417262e3da1bf3ddfa8f657a5dbf
MMV-012,11,34,JEhbtj{rv|?,2,2,3,3,4,0 10,5,7 10,0 1 2,122,eb1a4ac3952ef2aa11a9135d45b4e2e6971ce6d1ed90ac44e69903b47a0141a1
MMV-013,11,34,JEhbtj{rvv?,2,2,3,3,4,1 10,5,5 10,0 1 2,122,63cb54899d0786216f257a6af377688383d91c5eb2c096ffe82b3bafb25f6c3d
MMV-014,11,34,JEhbtj{rv^?,2,2,3,3,4,0 10,5,8 9,0 1 2,112,33e650a5867d33f55c5d573ace677455a670c5e241d44347b5a4f523c81bb33c
MMV-015,11,34,JEhbtj{rvx_,2,2,3,3,4,2 10,4,8 9,0 1 2,115,0ae9d7a28ae7226d2e4701940b10f454cb96f4aafff3630a09fa47be907e8182
MMV-016,11,34,JEhbtj{rvt_,2,2,3,3,4,2 10,5,5 10,0 1 2,120,a63be2134859bac7054b21572052317557bacad2b6261a8664add8a07de025cc
MMV-017,11,34,JEhbtj{rvl_,2,2,3,3,4,0 10,4,8 9,0 1 2,110,ad8ce1d9ae294d1b91a911dd67048da2dd71f8dedc3bc513026b16fd4c1df5ae
MMV-018,11,34,JEhbtj{rv\_,2,2,3,3,4,0 10,4,3 10,0 1 2,119,be8e4a3c970adaf95a2b1393bcda88e7d1438f0e75373909e3269053ef6f7bdc
MMV-019,11,34,JEhbtj{rvf_,2,2,3,3,4,2 10,4,8 9,0 1 2,112,88fa78270cfbd01c043350d83bc5ab7864e1d19f9f93e79c9d08bff724475b05
MMV-020,11,34,JEhbtj{rtv_,2,2,3,3,4,1 10,5,1 10,0 1 2,120,6392e89991bc8a2f9b52543372427ea3f9ba093cd5da8fc298ad21585a193d26
MMV-021,11,35,JEhbtj{rv~?,2,2,3,3,4,0 10,8,8 9,0 1 2,128,d6d135c73ab12bc41edb7b20d55ea79484cfba379e2b611454e73de550425691
MMV-022,11,35,JEhbtj{rv|_,2,2,3,3,4,0 10,7,7 10,0 1 2,125,d9fbe29a298b57b02030e25744a9504868da36567218050b954d249fdc44b994
MMV-023,11,35,JEhbtj{rvv_,2,2,3,3,4,1 10,7,5 10,0 1 2,125,8d2f1e0d4265e7aa5dd0efca8decc793ed199fd2ff86e34a63934a37ce297aef
MMV-024,11,36,JEhbtj{rv~_,1,1,3,3,4,10,1,10,0 1 2,131,1f87ead40ea9287101caadb37fa9817711f210d8248789fc528f787fe6c9a991
MMV-025,11,34,JEhbtnm~E|?,2,2,3,3,4,0 8,6,2 3,0 1 2,112,fc4cbfc2388821979080b8829d608856d8d12848629f7ee6b9b0dc8ffda2435d
MMV-026,11,34,JEhbtnm~FZ?,2,2,3,3,4,0 8,6,2 3,0 1 2,124,a022f5fab771d2346443490cb3178d01adbe28c016d5a37337ea87c2c54f9052
MMV-027,11,34,JEhbtnm~D]_,2,2,3,3,4,0 8,6,1 10,0 1 2,122,1d2aa7c6d267140a338078dd6dd27c0b2e8adb3516dce3cbbcaaff51d293abf6
MMV-028,11,34,JEhbtnm~@}_,2,2,3,3,4,2 3,5,2 3,0 1 2,110,c592221a29290747e75ab28f57fa3a9a761ede2d69f6f4205bf145bb9b134be4
MMV-029,11,34,JEhbtnN~Fu?,2,2,3,3,4,1 10,4,5 10,0 1 2,124,32cfaf3155e0db7088c5b3c06b5e44d8d05a8f36d6a201e1bb39a70737176d83
MMV-030,11,34,JEhbtnN~Bv?,2,2,3,3,4,6 9,4,6 9,0 1 2,121,edad8ab63f3f4dfbb2747062d7e8bc21bb6f3a3aefcfcb00086ee102eb9c63e7
MMV-031,11,34,JEhbtnN~Fw_,2,2,3,3,4,6 9,6,6 9,0 1 2,128,a6e9d716b4df80f70a869b00bb2e2d89d62fde8364b1273508eeecbfa53aca9b
MMV-032,11,34,JEhbtnN~Fe_,2,2,3,3,4,6 9,4,6 9,0 1 2,118,a80789e2dd40f3809f52d8e756b14465986ac27daabb6273f124155163b07198
MMV-033,11,34,JEhbtnN~Eu_,2,2,3,3,4,5 10,5,5 10,0 1 2,118,a80789e2dd40f3809f52d8e756b14465986ac27daabb6273f124155163b07198
MMV-034,11,34,JEhbtnN~Bu_,2,2,3,3,4,6 9,5,6 9,0 1 2,112,85137501b6d1d66abcb6c873e61489e8c084027ce7ad00de0b0e8ecf2e388617
MMV-035,11,34,JEhbtnN~Ef_,2,2,3,3,4,2 10,5,2 10,0 1 2,118,a80789e2dd40f3809f52d8e756b14465986ac27daabb6273f124155163b07198
MMV-036,11,35,JEhbtnN~F}?,2,2,3,3,4,0 10,6,6 9,0 1 2,131,e4a99abf37bfc00f88122a0bbf378e1cc6e55f639d496d3e09f14a7a0e9ab9c1
MMV-037,11,35,JEhbtnN~Fv?,2,2,3,3,4,1 10,7,5 10,0 1 2,128,149ac004e28fd372af86e1c2362c65e2055f80010e0e57f9039b2744c5f2fdb0
MMV-038,11,35,JEhbtnN~F{_,2,2,3,3,4,0 10,8,6 9,0 1 2,131,b78566157d2cba8aa46fafb389e75a4c2fb45f4d02228bbf2a756228833ae852
MMV-039,11,35,JEhbtnN~Fu_,2,2,3,3,4,1 10,7,5 10,0 1 2,128,731381898dedcf0ea68088f1c778eacc25ed2a36712d4048108e8ebd35370880
MMV-040,11,35,JEhbtnN~F]_,2,2,3,3,4,0 10,7,6 9,0 1 2,118,e7570d3c8cdd4f9a95da3a2cb3e224834f4eeb3c704979539df84ff37092aa45
MMV-041,11,35,JEhbtnN~Ff_,2,2,3,3,4,2 10,6,6 9,0 1 2,118,a80789e2dd40f3809f52d8e756b14465986ac27daabb6273f124155163b07198
MMV-042,11,35,JEhbtnN~Ev_,2,2,3,3,4,2 10,7,2 10,0 1 2,126,36136cba915abe2dece8f1ce281f3382c196915d89736cff8c1ccbfa462f51fe
MMV-043,11,35,JEhbtnN~Bv_,2,2,3,3,4,6 9,6,6 9,0 1 2,121,edad8ab63f3f4dfbb2747062d7e8bc21bb6f3a3aefcfcb00086ee102eb9c63e7
MMV-044,11,36,JEhbtnN~F~?,2,2,3,3,4,0 10,10,6 9,0 1 2,134,774858d3c6f0f0a16d329f0451fff0dedefd46147fd0e4de691a6e7492ff12ab
MMV-045,11,36,JEhbtnN~F}_,2,2,3,3,4,0 10,10,6 9,0 1 2,134,e545c5c52b76f1e4cf07bda00908991b60bc3fad5c69d973c19eef262c412391
MMV-046,11,36,JEhbtnN~Fv_,2,2,3,3,4,1 10,9,5 10,0 1 2,131,fff2eff5eebea09ce41a2c91cd05ea99f19ffbdc6082cb6851be542fab9ed956
MMV-047,11,37,JEhbtnN~F~_,1,1,3,3,4,10,1,10,0 1 2,137,40c3f498366da0b718f32ef721730cefccbb0e1f777af82ce64715e362eb0b6c
MMV-048,11,35,JEhvUtn~D{_,2,2,3,3,4,0 5,21,0 5,0 1 2,119,1f0bf818a19898a93248718e2ebc304f21ead2a72799e125b46838bb6d120038
MMV-049,11,35,JEhutz{xr\_,2,2,3,3,4,0 5,13,0 5,0 1 2,133,c9b9663fd60eeb3b6e4c4002979dc98ace92b211018c562fdc429ab7fc5d7646
MMV-050,11,35,JEhru^u~Fj?,2,2,3,3,4,0 8,10,1 4,0 1 2,130,c0ddf5a8553f52b84cd25c57f14d23a4b28213c994e4ae7e03fa04bb03bfe763
MMV-051,11,35,JEhru]v~Et_,2,2,3,3,4,3 4,8,3 4,0 1 2,118,7899b98f8cf070f1dcde0785acb563b9174862e7d342b60ed669c0cc6236b2d4
MMV-052,11,35,JEjbtnN~Dm_,2,2,3,3,4,0 6,7,0 6,0 1 2,118,6c41f72a64325b4673604bac661c09b67361a281fdddfbb07e147c0b159df3c6
MMV-053,11,36,JEnfbz\zbv?,2,2,3,3,4,0 7,15,0 7,0 1 2,139,b782c8df2e3cc5534e2aae201c736fd059c96b5e8f9c353b1f993b985d1c9071
MMV-054,11,32,JCXetqu|uz?,2,2,3,3,4,9 10,1,9 10,0 1 2,110,030c7871b8b82fe8aa72f61e75dd30aecbe1e4bc09753120da13465f01170075
MMV-055,11,32,JCXetq}vVm?,2,2,3,3,4,4 10,1,4 10,0 1 2,112,5909ecb0f289fbb8f87adc10b1c270a0d95ba97e04b66f2db6f002642cede8a3
MMV-056,11,33,JCXetq}|uz?,2,2,3,3,4,4 9,3,4 9,0 1 2,118,c471637afe9c36a88248ffbe3522af1d7533e9ea9132fe016721229cb52c48e7
