catalog_id,n,graph6,k,claim,four_coloring_of_complement,node_count,trace_sha256,claim_sha256,certificate_sha256,certificate_bytes,certificate_path,verified
MMV-001,10,IEhbtj{ro,3,theta=4,0 1 2 0 2 1 2 0 1 3,94,6fb63eb593aee4a839f8379e5844423a09c8d9c83f7e7799d89b2f2bf1f76939,0079b08162bb4c856e433fddc7c42c12bd576276d9a2abe989610485e8da6d70,f6b9b1e6901c6ced76d6e216cd26a46632aaf14e23f1c6eb77c5dc53641cc7ef,4751,certificates/mmv2022_theta_k3/MMV-001-theta-gt-3.ndjson,yes
MMV-002,10,IEhbtn{ro,3,theta=4,0 1 2 0 2 1 2 0 1 3,94,6fb63eb593aee4a839f8379e5844423a09c8d9c83f7e7799d89b2f2bf1f76939,9ee751f44fb9410a624f832705984313ab42a541912739cbc52edd2b951ca6d7,adf75e9fbc64462a2dc5642270a45cc5cbec4c709ac8eea148593313f026c948,4751,certificates/mmv2022_theta_k3/MMV-002-theta-gt-3.ndjson,yes
MMV-003,11,JQyurj]yt|?,3,theta=4,1 0 1 0 2 1 2 0 3 2 1,316,1bbd78fff34baf452e5733262419cb7e465fd676e9aa87c99eb835230b17729c,ceaf72150d413d41aa5ea160fc617feab90868d3fd7addb5b0af6604048a0f4a,dfc27cccc20ce988bac17c5566a578e29076059eaa1bcad2998fc99bb8906fc0,15056,certificates/mmv2022_theta_k3/MMV-003-theta-gt-3.ndjson,yes
MMV-004,11,JEhbtj{rvu?,3,theta=4,1 0 2 1 2 0 2 1 0 3 1,94,6fb63eb593aee4a839f8379e5844423a09c8d9c83f7e7799d89b2f2bf1f76939,3aa37945999fa4dc2251fb99f3585a1d73e4f80e058a99a29bfd92566ed76187,ab5999293083d0e49ecbdea044031ac898d7b2e52d5fc92b6dc8cec05a272597,4753,certificates/mmv2022_theta_k3/MMV-004-theta-gt-3.ndjson,yes
MMV-005,11,JEhbtj{rvx?,3,theta=4,1 2 0 1 0 2 0 1 2 3 2,94,6fb63eb593aee4a839f8379e5844423a09c8d9c83f7e7799d89b2f2bf1f76939,8b3481ae224c7704034552bb20f12a2a48f289f1d34fb9a519584b2512950fc4,843ba2340b30a9750e91a90ff7606230070ca683026eb89b9a6257459cd99069,4753,certificates/mmv2022_theta_k3/MMV-005-theta-gt-3.ndjson,yes
MMV-006,11,JEhbtj{rvf?,3,theta=4,0 2 1 2 0 1 2 1 3 0 2,94,6fb63eb593aee4a839f8379e5844423a09c8d9c83f7e7799d89b2f2bf1f76939,0b0c759a09fddef48ec79d2b831f00ab5682d17b42a3e46d62b0b8886305f1dd,dbf3e9b488d35a3c3328953a11a91279d4334cc4323d932a0add638610e30898,4753,certificates/mmv2022_theta_k3/MMV-006-theta-gt-3.ndjson,yes
MMV-007,11,JEhbtj{ruv?,3,theta=4,1 2 0 2 1 0 2 0 3 1 2,94,6fb63eb593aee4a839f8379e5844423a09c8d9c83f7e7799d89b2f2bf1f76939,ab40874028aed6958aee211f957dd6fdae5704f15e03bf348b0a31d8c3b648e2,11cb3382febc85da1da409c183f8bccee28b06a9b48164cd7f06a76f9b75cd17,4753,certificates/mmv2022_theta_k3/MMV-007-theta-gt-3.ndjson,yes
MMV-008,11,JEhbtj{rvT_,3,theta=4,0 1 2 0 2 1 2 0 1 3 2,94,6fb63eb593aee4a839f8379e5844423a09c8d9c83f7e7799d89b2f2bf1f76939,ba4d91041198d26117b8f68728b59e508f34cea7b1ae54540d1deda489f52ba1,cd8847fd19d5d71b49557a99bbf5a21842a9d27a656caa80209bae97eb524fa6,4753,certificates/mmv2022_theta_k3/MMV-008-theta-gt-3.ndjson,yes
MMV-009,11,JEhbtj{rtt_,3,theta=4,1 0 2 1 2 0 2 1 0 3 2,94,6fb63eb593aee4a839f8379e5844423a09c8d9c83f7e7799d89b2f2bf1f76939,44347a3cfc54e5e9552f990b470bf5fa7557b7574bfe37bc2d00530564730c68,dafcf122ce97eb070a3b33b6641279977e4c4fafaaa16a924b8b8a31c2667354,4753,certificates/mmv2022_theta_k3/MMV-009-theta-gt-3.ndjson,yes
MMV-010,11,JEhbtj{rrt_,3,theta=4,0 1 2 0 2 1 2 0 1 3 2,94,6fb63eb593aee4a839f8379e5844423a09c8d9c83f7e7799d89b2f2bf1f76939,213330960b65b34821b41a7423919411c8bf8dfabf17d37086f997de61cc049c,a5c93b8160c16ef67db8305a5fa8a1816d7a58fad90360ac588878497c0a7439,4753,certificates/mmv2022_theta_k3/MMV-010-theta-gt-3.ndjson,yes
MMV-011,11,JEhbtj{rv}?,3,theta=4,0 1 2 0 2 1 2 0 1 3 0,94,6fb63eb593aee4a839f8379e5844423a09c8d9c83f7e7799d89b2f2bf1f76939,160b34256c34ff6ead21c75186f3f1e0ded89082d3501bddd2e979d6208a4708,57a3e3c9d32a6ece992d00b5b89315d190776488cca88ed5b08b2ad14ea82398,4753,certificates/mmv2022_theta_k3/MMV-011-theta-gt-3.ndjson,yes
MMV-012,11,JEhbtj{rv|?,3,theta=4,0 1 2 0 2 1 2 0 3 1 2,94,6fb63eb593aee4a839f8379e5844423a09c8d9c83f7e7799d89b2f2bf1f76939,2a1599e43beefbef8922989286217b8763d30c123240eb5cbf1e5dc25ef9fa3a,5b40f727c17ec25456dbfb480bd0f654da80a6fd425f6f67462a452af0d61cc6,4753,certificates/mmv2022_theta_k3/MMV-012-theta-gt-3.ndjson,yes
MMV-013,11,JEhbtj{rvv?,3,theta=4,1 0 2 1 2 0 2 1 3 0 1,94,6fb63eb593aee4a839f8379e5844423a09c8d9c83f7e7799d89b2f2bf1f76939,dc242dc8ae37f5ffbb8de4d84d7c55a6d706e09023f6322d09026b3930b49898,64826f794da67bfdc9f2deca06c5607c8866358c1965558e791c4339d02b08bc,4753,certificates/mmv2022_theta_k3/MMV-013-theta-gt-3.ndjson,yes
MMV-014,11,JEhbtj{rv^?,3,theta=4,0 2 1 0 1 2 1 0 3 2 1,94,6fb63eb593aee4a839f8379e5844423a09c8d9c83f7e7799d89b2f2bf1f76939,c7985a3cc79705154a2b56d344e5c3a6b4c3d87c46abe753caa4408bbcad5240,f122a213e801a9de8c4c885f07a6e7881927fdc5997c84ba205c7b3b563a5557,4753,certificates/mmv2022_theta_k3/MMV-014-theta-gt-3.ndjson,yes
MMV-015,11,JEhbtj{rvx_,3,theta=4,1 2 0 1 0 2 0 1 2 3 2,94,6fb63eb593aee4a839f8379e5844423a09c8d9c83f7e7799d89b2f2bf1f76939,c5f65e52f761fac8a583b9909e05d56aaef1af6c84657fcf60f38247b3ef400a,ffd483105e9c8c21e52acfcd9f1ad1cea48d2046be72a53e61b8f86caf182b28,4753,certificates/mmv2022_theta_k3/MMV-015-theta-gt-3.ndjson,yes
MMV-016,11,JEhbtj{rvt_,3,theta=4,1 2 0 2 1 0 2 0 1 3 1,94,6fb63eb593aee4a839f8379e5844423a09c8d9c83f7e7799d89b2f2bf1f76939,03f94d6eb272696a7c864c55dfbcaad48376e9e8a8422dd45ad02047e38d3cbe,311f75c6a5cb7ab282760fc8af621dd6cf84890963aeffe2578cd5d32deb5630,4753,certificates/mmv2022_theta_k3/MMV-016-theta-gt-3.ndjson,yes
MMV-017,11,JEhbtj{rvl_,3,theta=4,0 2 1 2 0 1 2 1 0 3 2,94,6fb63eb593aee4a839f8379e5844423a09c8d9c83f7e7799d89b2f2bf1f76939,b89e820ce59583df43a9ab9711fccec84f99d0bdd47825ccfb7d2859c7ef37ea,2308ef786d776679e23cd0aad3bcecc67cd4d17b61c6c1169fc25ac994277e00,4753,certificates/mmv2022_theta_k3/MMV-017-theta-gt-3.ndjson,yes
MMV-018,11,JEhbtj{rv\_,3,theta=4,0 2 1 0 1 2 1 0 3 2 1,94,6fb63eb593aee4a839f8379e5844423a09c8d9c83f7e7799d89b2f2bf1f76939,21adff15a3edbd2325dfdf7923d35b401319960d9fac899fe61bc52e449ccabb,02cae9fcc8244241fc944250bf6192929b4d02710540a8625093e507e5e3e017,4754,certificates/mmv2022_theta_k3/MMV-018-theta-gt-3.ndjson,yes
MMV-019,11,JEhbtj{rvf_,3,theta=4,0 2 1 2 0 1 2 1 0 3 2,94,6fb63eb593aee4a839f8379e5844423a09c8d9c83f7e7799d89b2f2bf1f76939,9181f482618a9ba6e9a2bd4e006c1ca45bda37cc83234ea9d4b1723d8b01f4f7,360dcbb3014f6939d04ec1a8f87b1367388832b7927909d2c6f9e093413cd2a1,4753,certificates/mmv2022_theta_k3/MMV-019-theta-gt-3.ndjson,yes
MMV-020,11,JEhbtj{rtv_,3,theta=4,1 0 2 1 2 0 2 1 0 3 1,94,6fb63eb593aee4a839f8379e5844423a09c8d9c83f7e7799d89b2f2bf1f76939,9e2365a395a7fd3a1fefbb35f7fa565e91c584f7e733f70aded73c5418a0915d,9f253a6967399796764de8a1c39cdd4e453da201dc00490cbf2dd7d5e036164c,4753,certificates/mmv2022_theta_k3/MMV-020-theta-gt-3.ndjson,yes
MMV-021,11,JEhbtj{rv~?,3,theta=4,0 1 2 0 2 1 2 0 3 1 0,94,6fb63eb593aee4a839f8379e5844423a09c8d9c83f7e7799d89b2f2bf1f76939,bb3576b74d89d059f581013b314dbeab11c90fe4f823b4709596d0265d3d65dc,244e9ecd36e15eaab0037cfa9e7dd3607a673a64f322a73c54ea4cc9687562a8,4753,certificates/mmv2022_theta_k3/MMV-021-theta-gt-3.ndjson,yes
MMV-022,11,JEhbtj{rv|_,3,theta=4,0 1 2 0 2 1 2 0 1 3 1,94,6fb63eb593aee4a839f8379e5844423a09c8d9c83f7e7799d89b2f2bf1f76939,59d291a593c11bb236dd11b1f9d3b516d0def667efe8baf83e8020c7c6f47917,8a27de7c09c4aab12521bdd96c64768eaa3acf6f10f8356d2b703559abdb6120,4753,certificates/mmv2022_theta_k3/MMV-022-theta-gt-3.ndjson,yes
MMV-023,11,JEhbtj{rvv_,3,theta=4,1 0 2 1 2 0 2 1 0 3 1,94,6fb63eb593aee4a839f8379e5844423a09c8d9c83f7e7799d89b2f2bf1f76939,06b395fef9a4ad761d3a6e58f51572afa30c4783c1eca234b0dacfc2183bd5ea,c28b8a81deb2e646a1357e35f74fc5943797be28b89306937a3a4a71a151bd8b,4753,certificates/mmv2022_theta_k3/MMV-023-theta-gt-3.ndjson,yes
MMV-024,11,JEhbtj{rv~_,3,theta=4,0 1 2 0 2 1 2 0 1 3 0,94,6fb63eb593aee4a839f8379e5844423a09c8d9c83f7e7799d89b2f2bf1f76939,e61c11592a8370cb405beeb6ba24b80ce49efbecbec81f3acc09d35ccc2ff32c,3476b372da6ea93297ed60d3231f8be082a6a3dc74180a6f869173582d935e98,4753,certificates/mmv2022_theta_k3/MMV-024-theta-gt-3.ndjson,yes
MMV-025,11,JEhbtnm~E|?,3,theta=4,0 1 2 0 2 1 2 0 2 1 3,106,5f89dfcc3519c74ddbb1e630fcac932e591ca6eefd15bb49b9706aa068e5c12c,160a2d5ccab7b3cae22aba90c70a65e6208690ba0cd2dd8ad34ab18fa48721e1,903c52edd8727bf630b897f594ae9ccdb46b6a2d52febd05245060707f3a8081,5318,certificates/mmv2022_theta_k3/MMV-025-theta-gt-3.ndjson,yes
MMV-026,11,JEhbtnm~FZ?,3,theta=4,0 2 1 0 1 2 1 0 1 2 3,106,5f89dfcc3519c74ddbb1e630fcac932e591ca6eefd15bb49b9706aa068e5c12c,43fbf2ff1cf5decda04780dbdffb43e667d5a03b26963e04f69f7e5d24a6b216,bfb8a61035e60d9b805c711827a601c08a5ef50dd9f5e0250e1d40d8c88d7744,5318,certificates/mmv2022_theta_k3/MMV-026-theta-gt-3.ndjson,yes
MMV-027,11,JEhbtnm~D]_,3,theta=4,1 0 2 0 1 2 0 2 1 3 2,106,5f89dfcc3519c74ddbb1e630fcac932e591ca6eefd15bb49b9706aa068e5c12c,7c6fbd453bf81e16ca1e45e6071575c4d39ee43bdb616c5e9564d156a843a3e6,dbca53651ec38ecc4838addca148a5975735b1ef6bb3a7df2167ef123d8b2c8b,5318,certificates/mmv2022_theta_k3/MMV-027-theta-gt-3.ndjson,yes
MMV-028,11,JEhbtnm~@}_,3,theta=4,0 1 2 0 2 1 2 0 1 3 2,106,5f89dfcc3519c74ddbb1e630fcac932e591ca6eefd15bb49b9706aa068e5c12c,c264c807f7d3af4538c987a193c1880f749c2b6716c1c2e5e9546f4b5ff3c30e,d6705b540aef0070c89d92451c37c444820f2ac99cbfc83a09a11fd67061115b,5318,certificates/mmv2022_theta_k3/MMV-028-theta-gt-3.ndjson,yes
MMV-029,11,JEhbtnN~Fu?,3,theta=4,1 0 2 1 2 0 2 3 0 1 2,94,6fb63eb593aee4a839f8379e5844423a09c8d9c83f7e7799d89b2f2bf1f76939,7b59b97177567c464fed5734897ba1be98cd4782ccfba6f22dafe6af8f10f38d,0c66e295788a70c6765c26ec16f690cb50246d8a63e21d2afc1ff88f6c7802ea,4753,certificates/mmv2022_theta_k3/MMV-029-theta-gt-3.ndjson,yes
MMV-030,11,JEhbtnN~Bv?,3,theta=4,0 1 2 0 2 1 2 0 3 1 2,94,6fb63eb593aee4a839f8379e5844423a09c8d9c83f7e7799d89b2f2bf1f76939,b55bcf7c80bc0d954016d4fcbbafddc061eab7c63134bc610dfedfbd7a33cacf,0be60217df93ab181344cec1e64bbae16ca00f3461552dd6f55b09e87204f089,4753,certificates/mmv2022_theta_k3/MMV-030-theta-gt-3.ndjson,yes
MMV-031,11,JEhbtnN~Fw_,3,theta=4,0 1 2 0 2 1 2 0 1 3 3,94,6fb63eb593aee4a839f8379e5844423a09c8d9c83f7e7799d89b2f2bf1f76939,48925bc104f3a8de52397c735dd7aef3ca91bba46949faa6804bf7901a6ae972,3fb378b64476e723efaa014c10680af879b6a5f491f0d085ef203c8b87e82ff2,4753,certificates/mmv2022_theta_k3/MMV-031-theta-gt-3.ndjson,yes
MMV-032,11,JEhbtnN~Fe_,3,theta=4,0 2 1 2 0 1 2 1 0 3 2,94,6fb63eb593aee4a839f8379e5844423a09c8d9c83f7e7799d89b2f2bf1f76939,53ca8555698e3954f865ed4d3280cb47a76e17410be48296b45ac95469aa5aee,914249e019fd96362305253f2baed79e0f3e4976c703d46909d611e5958112ca,4753,certificates/mmv2022_theta_k3/MMV-032-theta-gt-3.ndjson,yes
MMV-033,11,JEhbtnN~Eu_,3,theta=4,1 2 0 2 1 0 2 0 1 3 2,94,6fb63eb593aee4a839f8379e5844423a09c8d9c83f7e7799d89b2f2bf1f76939,dd426a4b2c68f3d35ce65edb403581c65353cb671d7c6dc4a39c8bda64fab83a,3829005ea6bdbaaa4db84ba71ad43b2393b852d3020a42b86a9dbbdb3cd790ca,4753,certificates/mmv2022_theta_k3/MMV-033-theta-gt-3.ndjson,yes
MMV-034,11,JEhbtnN~Bu_,3,theta=4,0 1 2 0 2 1 2 0 1 3 2,94,6fb63eb593aee4a839f8379e5844423a09c8d9c83f7e7799d89b2f2bf1f76939,85b2e87cf101cd7efac3dd63ccb9bad8f852645ce171cf375ca332033f905f29,122dfcff9697c8bd6fd4ff92228d71f6c290f7a44d32b2a73714b95fdcfedc3b,4753,certificates/mmv2022_theta_k3/MMV-034-theta-gt-3.ndjson,yes
MMV-035,11,JEhbtnN~Ef_,3,theta=4,1 2 0 1 0 2 0 1 2 3 1,94,6fb63eb593aee4a839f8379e5844423a09c8d9c83f7e7799d89b2f2bf1f76939,c963460a6f0625a16d7142081f03af109527fa25c9303d02d9956848c6d071cd,f04e58bfe531f85bb62cd0eb99c10348cf9b14ec62bbbbc647d8e9c7fa3eba3c,4753,certificates/mmv2022_theta_k3/MMV-035-theta-gt-3.ndjson,yes
MMV-036,11,JEhbtnN~F}?,3,theta=4,0 1 2 0 2 1 2 3 1 0 2,94,6fb63eb593aee4a839f8379e5844423a09c8d9c83f7e7799d89b2f2bf1f76939,0430c88c87da542b61ea1f1cf27690be85c2f14ae55443ce262416a07686f8a9,43b0267baaa0677c40850bda54c31d056492d9993267fa7869cd9168c5d17844,4753,certificates/mmv2022_theta_k3/MMV-036-theta-gt-3.ndjson,yes
MMV-037,11,JEhbtnN~Fv?,3,theta=4,1 0 2 1 2 0 2 1 3 0 1,94,6fb63eb593aee4a839f8379e5844423a09c8d9c83f7e7799d89b2f2bf1f76939,f0ebf90bbb87a5b22d0316ec823027642d659f76bc7b7a07ff4a39cfae9e9e6d,a5c9c973d172519ba5d66449f8f18be0454aaa987405c2b1563fbb8cd2368bca,4753,certificates/mmv2022_theta_k3/MMV-037-theta-gt-3.ndjson,yes
MMV-038,11,JEhbtnN~F{_,3,theta=4,0 1 2 0 2 1 2 0 1 3 2,94,6fb63eb593aee4a839f8379e5844423a09c8d9c83f7e7799d89b2f2bf1f76939,9d2b54bc158df3c7453b5c85fd5bd167ce724793c1d026a59e7c562f1afeb6e6,a445c6c90c8705dca01a1f9708c545ff8651b0fcde43924e082e3367d8b89377,4753,certificates/mmv2022_theta_k3/MMV-038-theta-gt-3.ndjson,yes
MMV-039,11,JEhbtnN~Fu_,3,theta=4,1 0 2 1 2 0 2 1 0 3 1,94,6fb63eb593aee4a839f8379e5844423a09c8d9c83f7e7799d89b2f2bf1f76939,c12bf6221796a6571ae704f591b78f8409944eef55278b8c309bd334e7ef97b4,289fa3a9419c2389a9a0ffdeba7ca9205caad9feafa0c8d4367cb5445b509533,4753,certificates/mmv2022_theta_k3/MMV-039-theta-gt-3.ndjson,yes
MMV-040,11,JEhbtnN~F]_,3,theta=4,0 2 1 0 1 2 1 0 2 3 1,94,6fb63eb593aee4a839f8379e5844423a09c8d9c83f7e7799d89b2f2bf1f76939,2eed9a7e004b46a1433931642130cfa3be8fffdb85243d0f1fbe7bf46f7b9f42,c2e9eae08ae409368f367901676ac1a7593208c3d9923ba59962eeaea5fdf7dc,4753,certificates/mmv2022_theta_k3/MMV-040-theta-gt-3.ndjson,yes
MMV-041,11,JEhbtnN~Ff_,3,theta=4,0 2 1 2 0 1 2 1 0 3 2,94,6fb63eb593aee4a839f8379e5844423a09c8d9c83f7e7799d89b2f2bf1f76939,899f74912fc0bd2b44f214175d9e955830a8031e668926af5be117950b904e67,24d67adf9d0a4f0aa4f088ed885ad8323019022e4c1762af155aae768c130103,4753,certificates/mmv2022_theta_k3/MMV-041-theta-gt-3.ndjson,yes
MMV-042,11,JEhbtnN~Ev_,3,theta=4,1 2 0 2 1 0 2 0 1 3 1,94,6fb63eb593aee4a839f8379e5844423a09c8d9c83f7e7799d89b2f2bf1f76939,0496e42e1dd559f3fdedfc0b90f2a9eb3129a7944dbc331039363883e7d4a380,e0493d57c5207c2749048c4bdafa8999b802ce41880bf0bc74770773ac23900c,4753,certificates/mmv2022_theta_k3/MMV-042-theta-gt-3.ndjson,yes
MMV-043,11,JEhbtnN~Bv_,3,theta=4,0 1 2 0 2 1 2 0 1 3 2,94,6fb63eb593aee4a839f8379e5844423a09c8d9c83f7e7799d89b2f2bf1f76939,69b8e2843f0b334a926fbf7e87169656e0516ba1292bf3419c39f819fd8b98ea,2e9adea05fb0654e655a6dbe27d1bd7e87d455f08b7840b245df95e73bfdc271,4753,certificates/mmv2022_theta_k3/MMV-043-theta-gt-3.ndjson,yes
MMV-044,11,JEhbtnN~F~?,3,theta=4,0 1 2 0 2 1 2 0 3 1 0,94,6fb63eb593aee4a839f8379e5844423a09c8d9c83f7e7799d89b2f2bf1f76939,1ea75435af0afe20690103b35c0c7417b877051e491992ccc1dff1d8c23bc678,25eca0488e7db42cd17adf305c392f4c3419883c52293429e455efd755bafe8e,4753,certificates/mmv2022_theta_k3/MMV-044-theta-gt-3.ndjson,yes
MMV-045,11,JEhbtnN~F}_,3,theta=4,0 1 2 0 2 1 2 0 1 3 0,94,6fb63eb593aee4a839f8379e5844423a09c8d9c83f7e7799d89b2f2bf1f76939,983f4132cb34f932ff909bef129e467fd9f32a9df695ea6390380e87d6f82779,24c9b93bcc427b1c16f8f72fca170ae57ec026ff82537086914556525df6cf79,4753,certificates/mmv2022_theta_k3/MMV-045-theta-gt-3.ndjson,yes
MMV-046,11,JEhbtnN~Fv_,3,theta=4,1 0 2 1 2 0 2 1 0 3 1,94,6fb63eb593aee4a839f8379e5844423a09c8d9c83f7e7799d89b2f2bf1f76939,ae84b858fcac5d4487d0bf67960c1d7b823d676c9cc0b280f6f0d00898cc8661,9b0a111e6dbfd669b9864a055fbae980fe557f014332be12087dafd14ea84bbb,4753,certificates/mmv2022_theta_k3/MMV-046-theta-gt-3.ndjson,yes
MMV-047,11,JEhbtnN~F~_,3,theta=4,0 1 2 0 2 1 2 0 1 3 0,94,6fb63eb593aee4a839f8379e5844423a09c8d9c83f7e7799d89b2f2bf1f76939,890e773efa2e8bcd5b421db7dfdb30f7b14d181c7b66139ff6fef478265a72dd,d15f57a0a6a3a2ff2954c3b3e14770698bcd0d43ad644e820980537461236b4a,4753,certificates/mmv2022_theta_k3/MMV-047-theta-gt-3.ndjson,yes
MMV-048,11,JEhvUtn~D{_,3,theta=4,0 1 2 0 2 1 2 0 2 1 3,232,35b54965e104bb5d2a6ffde91f3d3d2587f2be6b6a92f2ddd7f26db125df453c,a3e708cb186013c2aff86d22feb4f1293cbd11ec64df6e0eb3a7ca7cec2db185,4d59b9bc70ef64f8045a51fb007d9deb2e1b6bf91f3ace17772e086f0f9be6f1,11168,certificates/mmv2022_theta_k3/MMV-048-theta-gt-3.ndjson,yes
MMV-049,11,JEhutz{xr\_,3,theta=4,0 1 2 0 2 1 0 2 1 3 1,196,70ae8104c8743a3463f99184285ddfdf1b9b788c309d4990231993ade5af1d06,7134002260f8f9e6ac405b639bf40f71b7ea141594dd97b5e6303da2e4ea4552,30970f3969c595c0c62b3f82b3faff27a9853f6e565110b1f7f48d2c824dbef6,9489,certificates/mmv2022_theta_k3/MMV-049-theta-gt-3.ndjson,yes
MMV-050,11,JEhru^u~Fj?,3,theta=4,0 1 2 1 0 2 1 0 1 2 3,166,27c82bd2873844a9df93632740c9b0e8e51a7886b9e9a70d901d86784d01d51d,dccb10e0b19346f9454e348dce3b1b17f756ae90f620e6380203de4c2386d5ad,522d342429e4bc4c99cc0b6a0b0e14229ff0d450a4d06bb0671e946168d139a1,8096,certificates/mmv2022_theta_k3/MMV-050-theta-gt-3.ndjson,yes
MMV-051,11,JEhru]v~Et_,3,theta=4,1 2 0 2 0 2 0 1 1 2 3,154,3166f88e470a3ef460875d6dd36031c8c5beed59b3563fc82313e55fae36c9f3,242970bb001e64bcbf5248d7099ee00dd68e1698ddad6fbdb5b79c1f0453e070,e7c276741570080a331d0f5e3bebd44cee247ac331b0d1dd13804dc3e9263629,7532,certificates/mmv2022_theta_k3/MMV-051-theta-gt-3.ndjson,yes
MMV-052,11,JEjbtnN~Dm_,3,theta=4,2 0 1 2 1 0 1 2 0 3 2,148,2208e5c1280a3ee56dcda833c1767ea1910e48a056d6631bfc00333d531033b6,8f5033785f1e6ad52407a7f0a928b29a4e5e119edf733212925cbf3e6798ad55,1a520d69d9b132af2c9bc496ec4ce48446c26e7c56e0fdee726a64825c80548f,7256,certificates/mmv2022_theta_k3/MMV-052-theta-gt-3.ndjson,yes
MMV-053,11,JEnfbz\zbv?,3,theta=4,0 2 1 0 0 1 2 1 0 2 3,214,78b6ad0118fdee8d11bf235cc974fe56d13677ea87ea73c41d7b267868352506,a7a21b4736674cc20cf4d7c120316a6b0d232f571e5ea1a2eeed31a36540252b,aa7735ce09e989f75b10a80af848655e98f11a900506026335504de6f7f36ca5,10323,certificates/mmv2022_theta_k3/MMV-053-theta-gt-3.ndjson,yes
MMV-054,11,JCXetqu|uz?,3,theta=4,2 0 1 2 0 1 0 2 1 2 3,100,6142bfe7030966eb9a14f02e3ad4ad16abdd3f326d74bd2f47d46e1f7246ee6e,0c1c3206e02295ee99ae5283d4dab25df1876b3e00078694b11f2a6a7ad46348,3b9913607fb782229accc2615738ca0edf9adc53594674494b9cb84f532b8c2a,5042,certificates/mmv2022_theta_k3/MMV-054-theta-gt-3.ndjson,yes
MMV-055,11,JCXetq}vVm?,3,theta=4,2 0 1 2 1 0 2 1 2 0 3,100,6142bfe7030966eb9a14f02e3ad4ad16abdd3f326d74bd2f47d46e1f7246ee6e,0afe9659793a991fc9e3e74760e57adc324de20cb1e5dcdcd5f9f31619a765bc,7391f46723ed1f723fdb69d75b67121aa3ee563dbed3c537e9e9bae6e69278c4,5042,certificates/mmv2022_theta_k3/MMV-055-theta-gt-3.ndjson,yes
MMV-056,11,JCXetq}|uz?,3,theta=4,2 0 1 2 1 0 2 1 2 0 3,100,6142bfe7030966eb9a14f02e3ad4ad16abdd3f326d74bd2f47d46e1f7246ee6e,594212e42943dddc7c122c5cb543fe9454de573d4964ad9cff4a331f341e0cee,5a0bb07969551459999de41e318297dd1f2c063da65fbb5cef98ab0319fcb1e1,5042,certificates/mmv2022_theta_k3/MMV-056-theta-gt-3.ndjson,yes
