canonical_graph6,n,m,origin_count,gamma,alpha,earliest_forced_rank,latest_forced_rank,full_kernel_deletion_depth
K?CxqxjXus}d,12,34,4,3,4,,,
K?CxrLsYmvZi,12,34,2,3,4,,,
K?CxrTeumz]i,12,35,4,3,4,,,
K?Cxrhjuux[r,12,35,2,3,4,,,
K?Cxuv[x~i\T,12,37,2,3,4,,,
K?CyptfvNQ}p,12,35,4,3,4,,,
K?CypthXux}s,12,34,4,3,4,,,
K?Cypth\mx[x,12,34,4,3,4,,,
K?Cypv[x~R]p,12,36,4,3,4,,,
K?CyqxumfR{y,12,35,4,3,4,,,
K?CzRJXm}}]s,12,36,4,3,4,,,
K?CzZIxvUv]U,12,36,4,3,4,,,
K?DXqs{\fR{{,12,34,2,3,4,,,
K?DXrLg\mvVk,12,34,2,3,4,,,
K?DXrNZnV[]F,12,36,2,3,4,,,
K?DXrPeu|z]w,12,35,2,3,4,,,
K?DXrPvuty[r,12,35,2,3,4,,,
K?DXr\eulx]J,12,35,2,3,4,,,
K?DXrbZnV][u,12,36,2,3,4,,,
K?DXrnYnFR{u,12,36,2,3,4,,,
K?DXuu{x~R]p,12,37,2,3,4,,,
K?DXyoxX~X]X,12,34,1,3,4,,,
K?DXyoxx~X]X,12,35,1,3,4,,,
K?DXypsm^V[y,12,35,4,3,4,,,
K?DXzLsYlrZJ,12,34,2,3,4,,,
K?DXzMxu^h\R,12,36,2,3,4,,,
K?DXzTemMr}i,12,35,4,3,4,,,
K?DXzhjmUp{r,12,35,2,3,4,,,
K?DXzixuNU{u,12,36,4,3,4,,,
K?DX|rXx~i\T,12,37,2,3,4,,,
K?DYrMznVh\R,12,36,2,3,4,,,
K?DYriznFU{u,12,36,4,3,4,,,
K?DZZHqn]rVX,12,35,4,3,4,,,
K?DZZe|uTs{f,12,36,4,3,4,,,
K?DbbV]neyvk,12,36,1,3,4,,,
K?Dr]y{ulu[N,12,37,1,3,4,,,
K?E]J}y]nW}L,12,37,4,3,4,,,
K?E]b}y]N[{m,12,37,4,3,4,,,
K?E]jt{mVT{m,12,37,4,3,4,,,
K?FMDtynj}]k,12,37,2,3,4,,,
K?Jdzyx]exy],12,38,2,3,4,,,
K?KqjU^uN[}i,12,36,4,3,4,,,
K?Kqju]uN[{m,12,36,4,3,4,,,
K?KqrLmfuh~H,12,35,4,3,4,,,
K?Kqrlmfeh|J,12,35,4,3,4,,,
K?KrJY]t]v^Q,12,36,4,3,4,,,
K?KrjU\t]t\b,12,36,4,3,4,,,
K?KrjY[t]v\U,12,36,4,3,4,,,
K?KrrLkfUlzM,12,35,4,3,4,,,
K?LPjDm^S}ZL,12,34,4,3,4,,,
K?LPjDmfur~g,12,35,4,3,4,,,
K?LPjE^u^[~g,12,36,4,3,4,,,
K?LPj]]u^D~`,12,36,4,3,4,,,
K?LPj]]u^c|d,12,36,4,3,4,,,
K?LPjdmZS{zL,12,34,4,3,4,,,
K?LPjdmfer|i,12,35,4,3,4,,,
K?LPje]u^[|k,12,36,4,3,4,,,
K?LQrdlfli|p,12,35,4,3,4,,,
K?LZTa}uvJ}w,12,37,4,3,4,,,
K?MPi~Xw~\^a,12,37,4,3,4,,,
K?MPi~X{n\\i,12,37,4,3,4,,,
K?MdQzR\}}^c,12,37,4,3,4,,,
K?MlQxruun]e,12,37,4,3,4,,,
K?MtQrR\}}\k,12,37,4,3,4,,,
K?M|Qpruun[m,12,37,4,3,4,,,
K?SqhpbZs~^c,12,34,2,3,4,,,
K?Sqhpk[z]R{,12,33,2,3,4,,,
K?Sqhpkf~f\w,12,35,2,3,4,,,
K?SqhpnfvE~`,12,35,2,3,4,,,
K?SqhprZK}|w,12,34,2,3,4,,,
K?SqhprZs}\d,12,34,2,3,4,,,
K?Sqhp{fvF|w,12,35,2,3,4,,,
K?Sqhq^~FF|w,12,36,2,3,4,,,
K?Sr?|VMrX~o,12,33,2,3,4,,,
K?SrBY]t|v^o,12,36,2,3,4,,,
K?SrZY]t\r]R,12,36,2,3,4,,,
K?SrbY[t|v\s,12,36,2,3,4,,,
K?Srb\kfUlvU,12,35,2,3,4,,,
K?Srb]\tlt\b,12,36,2,3,4,,,
K?SrzDkfUjvM,12,35,2,3,4,,,
K?SrzE\t\r\b,12,36,2,2,4,,,
K?SrzY[t\r[V,12,36,2,3,4,,,
K?Syblhfld|p,12,35,4,3,4,,,
K?SzJY]k]f~Q,12,36,4,3,4,,,
K?SzjU\k]d|b,12,36,4,3,4,,,
K?SzjY[k]f|U,12,36,4,3,4,,,
K?SzrLkfTdyN,12,35,4,3,4,,,
K?TUXyvmvg|L,12,37,4,3,4,,,
K?TjRi[m}fUt,12,36,4,3,4,,,
K?TzRIXm}fUt,12,36,4,3,4,,,
K?VHrm}lvS}L,12,38,4,3,4,,,
K?VHtlvnfD~H,12,38,4,3,4,,,
K?VUXur\\y\F,12,37,4,3,4,,,
K?V]Htrmtj\F,12,37,4,2,4,,,
K?dP|lyw~Z^a,12,38,2,2,4,,,
K?dP|lyzfZ]M,12,38,2,3,4,,,
K?dU@}v]v{\e,12,37,2,2,4,,,
K?dUXyv]v`|h,12,37,2,3,4,,,
K?dUXyv]vw[N,12,37,2,3,4,,,
K?dUX}t]Vd|e,12,37,2,3,4,,,
K?dU`yv]v]\e,12,37,2,3,4,,,
K?dUxyt]VF|e,12,37,2,2,4,,,
K?dXzerxnZ^I,12,38,4,3,4,,,
K?d]P|rk^k|e,12,37,4,3,4,,,
K?d]Xxrk~g|L,12,37,4,3,4,,,
K?d]pxrk^M|e,12,37,4,3,4,,,
K?ePzlyxnZ^I,12,38,4,3,4,,,
K?eTjts^NZ\U,12,37,4,3,4,,,
K?eUP|v]Vk|e,12,37,4,3,4,,,
K?eUpxv]VM|e,12,37,4,3,4,,,
K?ebd|{^NTYr,12,37,2,2,4,,,
K?edRd}^Mm~g,12,37,4,3,4,,,
K?f@z}u[nw|M,12,38,4,2,4,,,
K?fHzlykvh|M,12,38,4,3,4,,,
K?iZ|dw\Mr{m,12,37,2,3,4,,,
K?i\Jly^Md~H,12,37,4,3,4,,,
K?i\jts^Mr[V,12,37,4,3,4,,,
K?j`r}u[m{zM,12,38,4,3,4,,,
K?jhrlykulzM,12,38,4,2,4,,,
K?r@tlunj}^K,12,38,2,3,4,,,
K?v@dlunj}\[,12,38,2,3,4,,,
K?vHllumju[N,12,38,2,2,4,,,
K?vM@iz]tmm{,12,37,2,3,4,,,
K@Ar|pxvM^\Y,12,38,4,3,4,,,
K@Az|pxr}x\X,12,39,1,3,4,,,
K@BDz}{^Ms|L,12,38,1,3,4,,,
K@DYTU}{nY}w,12,37,4,3,4,,,
K@DYtU{{nY{{,12,37,4,3,4,,,
K@D\Rm{{MV|q,12,37,4,3,4,,,
K@HJk}{uVT}e,12,37,4,3,4,,,
K@HRZy[fmR}T,12,36,4,3,4,,,
K@HYS}yzNe}s,12,37,4,3,4,,,
K@HZS}wzMf}s,12,37,4,3,4,,,
K@Hkqm|{NUzq,12,37,4,3,4,,,
K@Hkq}{qnb}q,12,37,4,3,4,,,
K@Hkq}{yfbyu,12,37,4,3,4,,,
K@HrZq[emZy],12,36,2,3,4,,,
K@Hr[yZr]f^B,12,37,2,3,4,,,
K@ILix^s^w|Y,12,37,4,3,4,,,
K@Ilqp\q}n]i,12,37,4,3,4,,,
K@Ki[nk}ej}[,12,37,4,3,4,,,
K@KilZwxmuy{,12,37,4,3,4,,,
K@Kq[^u}fRYj,12,37,2,3,4,,,
K@LQS]v{nY~o,12,37,4,2,4,,,
K@LYS]r}fJ}s,12,37,4,3,4,,,
K@LYTE^}fJ}w,12,37,4,3,4,,,
K@L[ZMrqnq}e,12,37,4,3,3,1,3,3
K@Lka}m}FFyu,12,37,4,3,3,2,3,3
K@LsQ]vsnq|q,12,37,4,3,3,2,3,3
K@LysUp{mZ{{,12,37,4,3,3,3,3,4
K@L{Q]rufb{u,12,37,4,2,3,,,
K@L{Qmr{NUxu,12,37,4,2,3,,,
K@L|AqZyul{{,12,37,4,3,3,3,4,4
K@OjJu\fmd~`,12,36,4,3,4,,,
K@OjJxyfK{yZ,12,35,4,3,4,,,
K@OjJy[fmf~S,12,36,4,3,4,,,
K@OjKy^s~w~W,12,37,4,3,4,,,
K@Oj{y\s~H~H,12,37,4,2,4,,,
K@PTRM^nNq~o,12,37,4,3,4,,,
K@PdZu]mMj~a,12,37,4,3,4,,,
K@QJIm}nVs~K,12,37,2,3,4,,,
K@QJJq{nun^S,12,37,4,3,4,,,
K@QJJu}nUk~D,12,37,4,2,4,,,
K@Qjry[mmb{t,12,37,4,3,3,1,3,3
K@UYjeem^T|k,12,37,4,3,4,,,
K@Uaje]m^[|k,12,37,4,3,4,,,
K@XTZy]k^KzF,12,37,4,2,3,,,
K@X\RaUn^NZ[,12,37,4,3,3,2,3,3
K@YQzemm]w{l,12,37,4,3,3,2,3,3
K@YTdx[\mV|s,12,37,4,3,3,2,3,3
K@YizeUm]p{l,12,37,4,3,3,2,3,3
K@^NDjZnaNmx,12,39,4,2,3,,,
K@`Jji|nfTZJ,12,37,2,3,3,3,3,3
K@`ZZeynUR}d,12,37,4,3,3,2,3,3
K@`ZbixneV|s,12,37,4,3,3,2,4,4
K@`\Dpm]}n^o,12,37,4,3,4,,,
K@`\D|m]ml^B,12,37,4,2,4,,,
K@`lLt]]]d~`,12,37,4,2,4,,,
K@d\lpk[]N|U,12,37,4,3,3,1,3,3
K@dd\d]]]J~`,12,37,4,3,3,2,3,3
K@ea{lm[^R~a,12,37,4,3,4,,,
K@ecjX^[nU~a,12,37,4,3,4,,,
K@iY|Hj\]f^B,12,37,4,3,4,,,
K@iZTL]\]f^B,12,37,4,3,4,,,
K@iZTl]\MF~B,12,37,4,3,3,2,3,3
K@ltjrks}]B~,12,40,2,2,4,,,
K@l|bfNuVKf~,12,41,1,2,3,,,
K@l|bfNuVKx~,12,41,1,2,3,,,
K@l|bfNuVK~~,12,43,1,1,3,,,
K@l|bfXrvLW~,12,40,4,2,3,,,
K@qz|pxtNEw~,12,40,1,2,3,,,
K@relyy^JuH~,12,40,2,2,3,,,
K@yztdsu]NW~,12,40,2,2,3,,,
KAHHbL}fc}~I,12,35,2,3,4,,,
KAHHbq^fnM~o,12,36,2,3,4,,,
KAHbsq\r|n^g,12,37,2,3,4,,,
KAHbzq[emZum,12,36,2,3,4,,,
KAHb{u\r\j^B,12,37,2,2,4,,,
KAHzsq\q|f[j,12,37,2,3,3,1,3,3
KAL@G{^[jY~o,12,33,1,3,4,,,
KAL@Jdlfk}~o,12,35,1,3,4,,,
KAL@J|qZK{rt,12,34,1,3,4,,,
KAL@J}]fnc|d,12,36,1,2,4,,,
KAL@K}^{nY~o,12,37,1,2,4,,,
KALrZq[elJw^,12,36,2,3,3,2,3,3
KALr[yZh]F~B,12,37,2,3,3,2,3,3
KAQZb]il\|^E,12,37,4,3,4,,,
KAXLrmdlK|~E,12,37,4,3,4,,,
KAYZa]bl\|^E,12,37,4,3,4,,,
KA`Hx}rx^x^Q,12,38,4,2,4,,,
KArP`ufZ|}^S,12,38,4,3,3,3,4,4
KAvP`tflt^\U,12,38,4,3,3,3,3,4
KBL_O[vZafzw,12,33,4,3,4,,,
KBYAZmlldtze,12,37,4,3,3,2,3,3
KBYiRmFkltze,12,37,4,3,3,2,3,3
KBYza]bikjzF,12,37,4,3,3,2,3,3
KBZLma|yo^mx,12,39,4,3,4,,,
KBsr\ymtNEw~,12,40,4,2,3,,,
KBstZ]{p^cw~,12,40,4,2,3,,,
KCMlqp\W}N}i,12,37,4,3,3,2,3,3
KCR@xun\vy^E,12,38,2,2,4,,,
KCRXpun\vq[V,12,38,2,2,3,,,
KCRXxuj[vJ~E,12,38,2,2,3,,,
KCVPxtfg~Y~E,12,38,4,3,3,3,4,4
KCVXptfh~d\J,12,38,2,2,3,,,
KC\ajUdk||Ze,12,37,4,3,3,1,3,3
KCbPxtn[vY~E,12,38,4,3,4,,,
KCbXptn\vd\J,12,38,2,2,4,,,
KCvHplvYtM}F,12,38,4,2,3,,,
KCvUHgr]zZT\,12,37,4,3,3,2,3,3
KDKJ|XlvMn[y,12,39,4,3,4,,,
KDKJ|Xl|MnXy,12,39,4,2,4,,,
KDL|RVXtvLX~,12,41,4,2,3,,,
KDL|RVptu\X~,12,41,4,2,3,,,
KDQLKtj^Rl~c,12,37,4,3,4,,,
KDTBjUdj[|~c,12,37,4,3,4,,,
KDW|ZjbvMuW~,12,40,2,2,3,,,
KDW|Zjwp}uW~,12,40,2,2,3,,,
KDYD[tL\Zl~c,12,37,4,3,4,,,
KDZFxyl\Upw^,12,39,2,2,4,,,
KD[zLNqr]uW~,12,40,4,2,3,,,
KDgzZjqr]uW~,12,40,4,2,3,,,
KDoz|Xd}MfW~,12,40,4,2,3,,,
KDszZiey]fW~,12,40,4,2,3,,,
KDwr|XdvMfW~,12,40,4,2,3,,,
KD{rZier]fW~,12,40,4,2,3,,,
KEGLzy|^fHxx,12,39,2,3,4,,,
KEIztt{q^Kx~,12,41,2,2,3,,,
KEKLzylZfhw},12,39,2,2,4,,,
KEMztTk{]NX~,12,41,2,2,3,,,
KEotZY|^feW~,12,40,2,2,4,,,
KErHPMz]tmm{,12,38,1,3,3,3,4,4
KF?lzylZexx],12,39,2,2,4,,,
KFIztTku]NX~,12,41,2,2,3,,,
KFlp\Lis}ZJ~,12,41,4,2,3,,,
KFlp\Lis}ZZ~,12,42,2,2,3,,,
KFodZY|^emW~,12,40,2,2,3,,,
KFslZYt\eFw~,12,40,2,2,3,,,
KHr~DuUUhrh~,12,40,4,2,3,,,
KHz^CuuTprh~,12,40,4,2,3,,,
KI?g|c|vNU~o,12,36,4,3,4,,,
KI?g|d[Yxz^o,12,34,4,3,4,,,
KI?x{}mzUt~K,12,39,2,2,4,,,
KIAXPkzunY~o,12,36,4,3,4,,,
KIKyFfitk~Ty,12,38,2,3,4,,,
KIK{|Zit^eX~,12,41,2,2,3,,,
KISGh]qN^\]w,12,35,4,3,4,,,
KISKhclN^l\w,12,35,4,3,4,,,
KISOXkmm^l\w,12,35,2,3,4,,,
KISOXyjzflUy,12,36,4,3,4,,,
KISO\onzflUy,12,36,4,3,4,,,
KISPP}MzNlUy,12,36,4,3,4,,,
KITglON{|lVX,12,36,4,3,4,,,
KITj_miB|ivL,12,35,4,3,4,,,
KITj_milS^vM,12,36,4,3,4,,,
KITohWzbvSu\,12,35,4,3,4,,,
KITohYNylevX,12,36,4,3,4,,,
KIToloMJ~TU\,12,35,4,3,4,,,
KITrO]VmTdtj,12,36,4,3,4,,,
KITshWNylrUZ,12,36,4,3,4,,,
KITshWxB~Su\,12,35,4,3,4,,,
KIWHpm]|MySz,12,36,4,3,4,,,
KIW\@wNunlUy,12,36,4,3,4,,,
KIXPdMYRxz^o,12,35,2,3,4,,,
KIXWXgZhvdv[,12,35,4,3,4,,,
KIXWpIN{|uUx,12,36,2,3,4,,,
KIXZ_seb|rUl,12,35,2,3,4,,,
KIX[XgZ{lrSz,12,36,4,3,4,,,
KIXsxGNu\bvX,12,36,4,3,4,,,
KI[G|WuK}i{t,12,35,4,3,4,,,
KI[HW{tkmk{l,12,35,4,3,4,,,
KI[H`]]tVLuy,12,36,4,3,4,,,
KI[L`W^tVLuy,12,36,4,2,4,,,
KI[oxYJs^Luy,12,36,4,3,4,,,
KI[o|ONs^Luy,12,36,4,3,4,,,
KI\OXgZjvLU\,12,35,4,3,4,,,
KI\_Xi^tdUuZ,12,36,4,3,4,,,
KI\_\g^tdTuZ,12,36,4,3,4,,,
KI]GxWrK~LYj,12,35,2,3,4,,,
KI_XPkvzUt~o,12,36,2,3,4,,,
KIz^cueMXjh~,12,40,2,2,4,,,
KJC\@[}qmm|i,12,36,4,3,4,,,
KJC_|W}pnUzi,12,36,4,3,4,,,
KJGPW}{rNMzY,12,36,2,3,4,,,
KJO\Ogfu~ZVw,12,36,4,3,4,,,
KJO\Og~uvYSz,12,36,4,3,4,,,
KJOg_}eYy|Vw,12,34,4,3,4,,,
KJOg_}ey}|Vw,12,36,4,3,4,,,
KJOgom}yuySz,12,36,4,3,4,,,
KJOk`w^ym{Sz,12,36,4,3,3,2,3,3
KJP\WgzySrsz,12,36,4,3,4,,,
KJP\WoTH~Rv[,12,35,4,3,4,,,
KJPhOg^huuv[,12,35,4,3,4,,,
KJPitojFPLav,12,33,2,3,4,,,
KJPlOwTH}tv[,12,35,4,3,4,,,
KJSOxYjrVLuy,12,36,4,3,4,,,
KJSO|OnrVLuy,12,36,4,3,4,,,
KJSPP]]rVLuy,12,36,4,3,4,,,
KJSk`W^qvLuy,12,36,4,3,3,2,3,3
KJTH[gZx\Tux,12,36,4,3,4,,,
KJTLWgXx\nT],12,36,4,3,4,,,
KJT_g}gJ}\U\,12,35,4,3,4,,,
KJT`[g^rTTuZ,12,36,4,3,3,1,3,3
KJTa[kiF\Xu\,12,35,4,3,4,,,
KJTchO^rtZUZ,12,36,4,3,4,,,
KJWX`]]qmisz,12,36,4,3,4,,,
KJWg|_^q]ksz,12,36,4,3,3,1,3,3
KJXKxGZt\Rux,12,36,4,3,4,,,
KJXPGwZju\U\,12,35,4,3,4,,,
KJXQ\K[ElZu],12,35,2,3,4,,,
KJXTGwXrl^U],12,36,4,3,4,,,
KJXT`W\rdNr],12,36,2,3,3,2,3,3
KKSx|NJ}VhW~,12,40,4,2,3,,,
KLNvPqNsqZj~,12,41,4,2,3,,,
KLmckXtZafh^,12,37,2,2,3,,,
KMKHY}}bvk{m,12,39,4,2,3,,,
KMw`k\^nfiW~,12,40,4,2,3,,,
KNKH[|Njel{m,12,39,4,2,3,,,
KNw`i]mfujW~,12,40,4,2,3,,,
KPHIbhjFo|~o,12,34,2,3,4,,,
KPL{qvhxulB~,12,40,4,2,3,,,
KPf^VGx\ivH~,12,40,4,2,3,,,
KP}VMWtVjfH~,12,40,4,2,3,,,
KQ?x{|mr^s~K,12,39,2,2,3,,,
KQK{zZF{vpX~,12,41,2,2,3,,,
KQoxk|m}fbW~,12,40,2,2,4,,,
KQ{pk|m{eJw~,12,40,2,2,3,,,
KQ{xkleq~bW~,12,40,2,2,3,,,
KQ}^eKuLZRh~,12,40,4,2,3,,,
KR?xy]NzUt~K,12,39,2,2,3,,,
KRH?ZWvUo|~o,12,34,4,3,4,,,
KRKy[^it^eX~,12,41,2,2,3,,,
KRNvPpNssZj~,12,41,4,2,3,,,
KRW?i[m\Y|Vw,12,34,4,3,4,,,
KR`Nxw|xMqw^,12,39,1,2,3,,,
KRwxi]FunbW~,12,40,4,2,3,,,
KRz^e?xLYVo~,12,38,2,3,3,3,4,4
KR{pi]NxUdw~,12,40,2,2,3,,,
KR~VKWtKyVh~,12,40,4,2,3,,,
KSwxi|eunbW~,12,40,4,2,3,,,
KSz^ateMXjh~,12,40,2,2,3,,,
KS{pi|mxUdw~,12,40,2,2,3,,,
KUKj{xL|NFX~,12,41,4,2,3,,,
KV?hZ}]VnSxl,12,39,4,2,3,,,
KVGj{x\xMUx~,12,41,4,2,3,,,
KVKizYMt^FX~,12,41,4,2,3,,,
KV^`P\Vrcfz~,12,42,4,2,3,,,
KVspZ\UbnBw~,12,40,4,2,3,,,
KVzKj@tUpVo~,12,38,4,2,3,,,
KWEz|pxrMeb~,12,40,1,2,3,,,
KWlueAv]u]Bn,12,38,2,3,4,,,
KWmVmXtUpxh~,12,40,4,2,3,,,
KWutuWV[zxH~,12,40,4,2,3,,,
KXEzst[y]NB~,12,40,2,2,3,,,
KXlv?}VUuXz~,12,42,2,2,3,,,
KXmU^G\\ivH~,12,40,4,2,3,,,
KYu~cSVLZRh~,12,40,4,2,3,,,
KZu^LOtDyVh~,12,40,4,2,3,,,
KZuu\OVFZFh~,12,40,4,2,3,,,
K[]eaIz\u]Bn,12,38,4,2,3,,,
K[vtQ\wKwnh~,12,40,4,2,3,,,
K\ZCQb^xp}Bz,12,38,2,2,4,,,
K\ZE?r^jrmBz,12,38,2,3,4,,,
K\]bG{^smYz~,12,42,1,2,3,,,
K\hjejJFo|j~,12,41,2,2,3,,,
K\r\RLwEwnh~,12,40,4,2,3,,,
K\vcZT[Dxfh~,12,40,4,2,3,,,
K]?H[|]nj}\k,12,39,2,3,3,5,6,6
K]?kyy|^fUX~,12,41,2,2,3,,,
K]he_Yv]u]Bn,12,38,2,3,3,3,5,5
K]lvEAVUpZ`~,12,38,2,3,4,,,
K]sO\lujj]W~,12,40,1,2,3,,,
K]y\atsBxNh~,12,40,4,2,3,,,
K^?g|\mfi}XN,12,39,1,2,3,,,
K^DmCQnfrMj\,12,38,4,2,4,,,
K^G\ZY\VeFx~,12,41,1,2,3,,,
K^h`]YVUo|j~,12,41,4,2,3,,,
K^oE\X\\tl@~,12,39,2,2,3,,,
K^qkrT[Hwnh~,12,40,2,2,3,,,
K^qkrT[Hwnn~,12,42,2,2,3,,,
K^qku@jVPNa~,12,38,2,2,3,,,
K^rHGqfYynRZ,12,38,2,3,4,,,
K^rLJTUeXNb^,12,39,2,3,3,2,4,4
K_Phsut}nmNk,12,38,4,3,4,,,
K_Phvesf~tNk,12,38,4,3,4,,,
K_Pjszs{tvFm,12,38,4,3,4,,,
K_XR[ns}TvFm,12,38,4,3,3,3,4,4
K_Xa{ns}TvFm,12,38,4,3,4,,,
K`PJ[zs{tvFm,12,38,4,2,3,,,
KaytA`~fvMFZ,12,38,4,2,4,,,
Kcyqb@~fvMFZ,12,38,4,2,4,,,
Kg?ruykvlvNk,12,38,4,3,4,,,
KgCbtj[j}}Nk,12,38,4,2,3,,,
KgF]tij]rxC~,12,39,2,2,3,,,
KgN]tYrYrha~,12,39,4,3,3,3,4,4
KgN^tYRYZha~,12,39,4,2,3,,,
KgWPumsvl^Nk,12,38,4,3,3,3,4,4
KhF^sUtYZYa~,12,39,4,2,4,,,
KhF}teLYYtc~,12,39,4,2,3,,,
KhOHs]tvnmNk,12,38,4,2,3,,,
Ki?g|d[Yxz^o,12,35,4,3,4,,,
KiJmtUT]X|A~,12,39,4,2,3,,,
KiN^TYR[W|c~,12,39,4,2,3,,,
Ki^VCulDx\ez,12,39,4,2,3,,,
Ki^VDYZBxmev,12,39,2,2,4,,,
KjBNSut^P|@~,12,39,4,2,3,,,
KjJ]TYrYo|a~,12,39,4,3,3,3,4,4
KjJmSyrUp\a~,12,39,4,2,3,,,
KjJmTuTUg|c~,12,39,4,3,4,,,
KjJmTuTUh\a~,12,39,4,2,3,,,
KjJmTuT[g^bv,12,39,4,2,3,,,
KjJmtUT[W^bv,12,39,4,2,3,,,
KjnMdAjFrJa~,12,38,4,3,3,2,3,3
Klof\xwR[la~,12,39,4,2,3,,,
Ko?r\r^~AynX,12,38,4,2,4,,,
Ko?ydv\~b\NX,12,38,4,2,4,,,
Ko?zLr^~AunX,12,38,4,3,4,,,
Ko@RTzZ~@|nw,12,38,4,2,4,,,
Ko@ZTzZ~@tmx,12,38,4,3,4,,,
Ko@r]yz}@yjV,12,38,4,3,4,,,
KoCjLr^~Aumx,12,38,4,3,3,3,4,4
KoCqeyz~b]Lt,12,38,2,2,4,,,
KoCxqxjXus}d,12,36,4,3,4,,,
KoCxrLsYmvZi,12,36,2,3,4,,,
KoCxrTeumz]i,12,37,4,3,4,,,
KoCxrhjuux[r,12,37,2,3,3,2,3,3
KoCyptfvNQ}p,12,37,4,3,3,3,4,4
KoCypthXux}s,12,36,4,3,4,,,
KoCypth\mx[x,12,36,4,3,4,,,
KoCyqxumfR{y,12,37,4,2,3,,,
KoDJLzZ~@tmx,12,38,4,3,3,3,4,4
KoDXqs{\fR{{,12,36,2,2,4,,,
KoDXrLg\mvVk,12,36,2,3,4,,,
KoDXrPeu|z]w,12,37,2,3,4,,,
KoDXrPvuty[r,12,37,2,3,4,,,
KoDXr\eulx]J,12,37,2,3,4,,,
KoDXyoxXzXMX,12,34,1,3,4,,,
KoDXyoxX~X]X,12,36,1,3,3,1,3,3
KoDXyoxx~X]X,12,37,1,2,3,,,
KoDXypsm^V[y,12,37,4,2,4,,,
KoDXzLsYlrZJ,12,36,2,3,4,,,
KoDXzTemMr}i,12,37,4,2,4,,,
KoDXzhjmUp{r,12,37,2,3,3,3,3,3
KoDZZHqn]rVX,12,37,4,3,4,,,
KoDbMyz}@}ju,12,38,2,3,3,5,6,6
KoHRTjZ~?~nw,12,38,4,3,3,3,4,4
KoHb|jZ}?zjj,12,38,4,3,4,,,
KoHr\jZ}?vjj,12,38,4,3,3,2,3,3
KoKqrLmfuh~H,12,37,4,3,4,,,
KoKqrlmfeh|J,12,37,4,3,3,1,3,3
KoKrrLkfUlzM,12,37,4,3,4,,,
KoLPjDm^S}ZL,12,36,4,3,4,,,
KoLPjDmfur~g,12,37,4,3,4,,,
KoLPjdmZS{zL,12,36,4,3,4,,,
KoLPjdmfer|i,12,37,4,3,4,,,
KoLQrdlfli|p,12,37,4,3,4,,,
KoLjLf\}?viz,12,38,4,3,3,3,4,4
KoMu~oNTZTmf,12,39,4,2,4,,,
KoMu~oVTZTlf,12,39,4,2,3,,,
KoOjlrV~?znX,12,38,4,2,3,,,
KoOr\rV~?znX,12,38,4,3,3,3,4,4
KoSqhpbZs~^c,12,36,2,3,4,,,
KoSqhpkf~f\w,12,37,2,2,4,,,
KoSqhpnfvE~`,12,37,2,3,3,1,3,3
KoSqhprZK}|w,12,36,2,3,4,,,
KoSqhprZs}\d,12,36,2,3,4,,,
KoSqhp{fvF|w,12,37,2,2,4,,,
KoSr?|VMrX~o,12,35,2,3,4,,,
KoSrb\kfUlvU,12,37,2,3,4,,,
KoSrzDkfUjvM,12,37,2,3,4,,,
KoSyblhfld|p,12,37,4,3,4,,,
KoSzrLkfTdyN,12,37,4,3,4,,,
KoYu~_VMyzLf,12,39,4,3,3,5,6,6
KoZT~_NLYvne,12,39,4,2,4,,,
KpOjJxyfK{yZ,12,37,4,3,4,,,
KpZT^_VFyVnd,12,39,4,3,3,3,4,4
Kp]e~_VByjlf,12,39,4,2,3,,,
Kp]e~_VDyZlf,12,39,4,3,3,5,6,6
KqHHbL}fc}~I,12,37,2,3,4,,,
KqIu^o^DzwlV,12,39,4,2,3,,,
KqJL_p~xs}NJ,12,38,2,2,3,,,
KqJcop~rtmNJ,12,38,2,2,4,,,
KqL@G{^[jY~o,12,35,1,3,4,,,
KqL@Jdlfk}~o,12,37,1,3,4,,,
KqL@J|qZK{rt,12,36,1,3,4,,,
KqYu^_VBxvne,12,39,4,2,3,,,
Kqnsr?^]PNw^,12,38,4,3,3,3,3,4
Kr^T^?VBxjh^,12,39,4,3,3,4,4,4
KrjB|jWUW^c~,12,39,4,2,3,,,
Krqb}iwFW^k^,12,39,2,3,4,,,
Krqb}iw[W^`~,12,39,2,3,3,5,6,6
KrrDthx\_^`~,12,39,1,3,3,5,6,6
KrusZ@VMvB`~,12,38,2,3,3,2,3,3
Krv`zahDyNp^,12,39,4,2,3,,,
Krv`|`TBzFp^,12,39,4,2,3,,,
KrzP|`pB{Nh^,12,39,2,3,3,4,5,5
KsWU|zcVX|K^,12,39,2,2,4,,,
KsXTxzduQ\e^,12,39,2,2,4,,,
KsuvB?^TxvLj,12,38,2,2,4,,,
KtC@]~mXqxnb,12,38,4,3,4,,,
KtZB|ZoUW^a~,12,39,4,2,3,,,
Ktw?}ld\H^ju,12,38,4,2,3,,,
Ku?o|vmQzYnb,12,38,4,3,3,3,4,4
Ku?r|rkRWzlZ,12,38,4,3,3,3,4,4
Ku@p|riRWvlj,12,38,4,3,3,3,4,4
KuC@|zmRZklj,12,38,4,3,4,,,
KuDoLviQx|ly,12,38,4,3,4,,,
KuKALnm^?~ly,12,38,4,3,3,2,4,4
KuOoLvmYo~nq,12,38,4,3,4,,,
KuY~?\N]Pfa~,12,39,4,2,3,,,
Ku[OLneYp|h},12,38,4,3,3,3,4,4
Kufb`O~TtUhn,12,38,4,2,3,,,
Kuhc~HwRxnB^,12,39,2,2,3,,,
Kuhe\hwFzNB^,12,39,2,3,3,3,5,5
Kuk?~LsZHnh},12,38,2,2,3,,,
KunDJ?^Fzell,12,38,1,2,3,,,
Kv?P|ZNYjYjj,12,38,4,2,4,,,
KvCBLZNVP|ly,12,38,4,2,4,,,
KvFLR@ZNS^k},12,38,2,3,4,,,
KvK?|NNZImlj,12,38,4,2,3,,,
KvLOLNJYg~ly,12,38,4,2,3,,,
KvYAxzLj_nk^,12,39,2,3,4,,,
KvYmG\jVPfa~,12,39,4,2,3,,,
KvqbYkyF[Zk^,12,39,2,2,4,,,
Kvqb_XVMs^lm,12,38,2,2,3,,,
KwGisj^mqmnh,12,38,4,2,3,,,
KwGjsutvQnJf,12,38,4,2,3,,,
KwHA{i~upynh,12,38,4,3,4,,,
KwHQ[i~upunh,12,38,4,3,3,2,4,4
KwHQ[yvuptnh,12,38,4,3,3,2,3,3
KwHRSutvP|j{,12,38,4,2,3,,,
KwHR[m|uPujf,12,38,4,2,3,,,
KwHR[}tuPtjf,12,38,4,2,3,,,
KwHZSf\nQmf\,12,38,4,2,3,,,
KwOb{~TmQxff,12,38,2,3,4,,,
KwOiszVmplnh,12,38,4,3,3,2,3,3
KwOjcf\nQ}f{,12,38,2,3,3,3,4,4
KwOjsu|tPmjf,12,38,4,3,3,2,3,3
KwPZSvTnPlf\,12,38,4,2,3,,,
KwS`Kyztq|nw,12,38,4,2,3,,,
KwTJSu|tPmev,12,38,4,2,4,,,
KxQL}gNLYvne,12,39,4,2,3,,,
KxQT]wNMy|Mf,12,39,4,2,3,,,
KxQ\]gNKyvne,12,39,4,2,3,,,
KxUE|wNRXlmf,12,39,4,2,3,,,
KxUE|xkRXlq^,12,39,4,2,4,,,
KxYLmgNNY|I^,12,39,4,2,3,,,
KxYMlgVRX|j],12,39,4,2,3,,,
Kx]\MgNRhfi^,12,39,4,2,3,,,
KyUT}WVJXVmf,12,39,4,2,3,,,
KyUU\wNIxlmf,12,39,4,2,3,,,
Ky]\mGVJXVi^,12,39,4,2,3,,,
Ky]uCa^Tp]d^,12,38,4,3,4,,,
KycbxzhtS\a~,12,39,4,2,3,,,
KycdzzKJYlq^,12,39,4,2,4,,,
KycdzzgbYla~,12,39,4,2,3,,,
Kyct}hwbXNh^,12,39,4,2,3,,,
KyurC_~Ts]d^,12,38,4,3,4,,,
KzUmCa^Rp]e^,12,38,4,3,4,,,
KzqQ{yeMYNd^,12,39,4,2,3,,,
KzqQ{yeMYVc~,12,39,4,2,3,,,
KzqQ{ye[W^d^,12,39,4,2,3,,,
KzqSyYdTxvD^,12,39,4,3,3,3,4,4
Kzqa[`VMszd},12,38,4,3,3,2,3,3
KzqcykyRXZq^,12,39,2,2,3,,,
K{LOLnYIz{h},12,38,4,3,3,1,3,3
K{R\qsNJjben,12,39,4,2,3,,,
K{Sd}g|]I]o~,12,39,4,2,3,,,
K{^Tas{ByNc~,12,39,2,2,3,,,
K{dE|XwVXnC~,12,39,4,2,3,,,
K|KA{jNJZYiz,12,38,4,2,3,,,
K|S@KnNVP|ly,12,38,4,3,3,3,4,4
K|S@{jNHzYjj,12,38,4,3,3,3,4,4
K|UB]Y]MXmg~,12,39,4,2,3,,,
K|Y]G[nVQfe^,12,39,4,2,3,,,
K|ZAxZDL{vB^,12,39,4,2,3,,,
K|ZEGonL{zJZ,12,38,2,2,3,,,
K|f@iPjVXmp|,12,38,4,3,3,3,4,4
K|fA{WtLzVH^,12,39,4,2,3,,,
K}GR~JWN[^@~,12,39,2,2,3,,,
K}K@{mlXqxhn,12,38,4,3,3,2,3,3
K}KsAEnfr]j{,12,38,1,3,4,,,
K}KyCE^jrVIz,12,38,2,3,3,3,4,4
K}LOKufYp|h},12,38,4,3,3,3,3,3
K}L[@E^jqml\,12,38,4,2,3,,,
K}MB[{{TlJh^,12,39,4,2,4,,,
K}MB[}kThrg~,12,39,4,3,3,4,4,4
K}QkyxiBxje^,12,39,2,2,3,,,
K}SoKmjQx|ly,12,38,4,2,3,,,
K}UkP_~dq]k^,12,38,4,3,4,,,
K}Uk`O~dq]k^,12,38,4,2,4,,,
K}ctIO~Ts]lN,12,38,4,3,3,3,4,4
K}dTHO~Ts]lN,12,38,4,3,3,3,4,4
K}e`{XTLzVH^,12,39,4,2,3,,,
K}f`_S~TtUhn,12,38,4,2,3,,,
K}gwKtJWy|e},12,38,4,2,3,,,
K}hDZX]M[ma~,12,39,4,2,3,,,
K}hKHa^Vpuk|,12,38,4,3,4,,,
K}hK`I^Vpuk|,12,38,4,2,4,,,
K}hXcC~erMhn,12,38,4,3,3,1,3,3
K}iP{XpXyv@~,12,39,2,2,3,,,
K~Dk?UnfrMj\,12,38,4,2,3,,,
K~`E\X\Lpt`~,12,39,2,2,3,,,
