index,ordinal,record_id,year,doi,arxiv,title,oa_url,screening
openalex_fmu,1,https://openalex.org/W2088029700,2014,https://doi.org/10.1016/j.difgeo.2014.01.001,,Curvature of Hessian manifolds,https://www.sciencedirect.com/science/article/pii/S0926224514000023/pdf,title screened
openalex_fmu,2,https://openalex.org/W3094764150,2020,https://doi.org/10.1140/epjp/s13360-020-00877-9,,Dually flat structures induced from monotone metrics on a two-level quantum state space,https://link.springer.com/content/pdf/10.1140/epjp/s13360-020-00877-9.pdf,title screened
openalex_fmu,3,https://openalex.org/W2737860289,2017,https://doi.org/10.1016/j.anihpc.2017.07.003,,Hessian surfaces and local Lagrangian embeddings,,title screened
openalex_kurose,1,https://openalex.org/W2888146396,2020,https://doi.org/10.3390/e22101100,,An Elementary Introduction to Information Geometry,https://doi.org/10.3390/e22101100,title screened
openalex_kurose,2,https://openalex.org/W2110861437,2004,https://doi.org/10.1162/08997660460734047,,"Divergence Function, Duality, and Convex Analysis",,title screened
openalex_kurose,3,https://openalex.org/W2618472290,2019,https://doi.org/10.5507/prf.19.24455358,,Differential Geometry of Special Mappings,,title screened
openalex_kurose,4,https://openalex.org/W602944961,2003,https://doi.org/10.1007/978-1-4613-0247-6,,Advances in Mechanics and Mathematics,,title screened
openalex_kurose,5,https://openalex.org/W2066137238,2011,https://doi.org/10.3390/e13061170,,Geometry of q-Exponential Family of Probability Distributions,https://www.mdpi.com/1099-4300/13/6/1170/pdf?version=1424784813,title screened
openalex_kurose,6,https://openalex.org/W2156061307,2008,https://doi.org/10.1007/978-3-540-69393-2,,Information Geometry: Near Randomness and Near Independence,,title screened
openalex_kurose,7,https://openalex.org/W2018422625,2012,https://doi.org/10.1016/j.physa.2012.04.016,,"Geometry of deformed exponential families: Invariant, dually-flat and conformal geometries",https://pure.teikyo.jp/en/publications/21a0893a-63cc-4cd7-aee6-175439ab8773,title screened
openalex_kurose,8,https://openalex.org/W2193424816,2015,https://doi.org/10.3390/e17127866,,A Novel Approach to Canonical Divergences within Information Geometry,https://www.mdpi.com/1099-4300/17/12/7866/pdf?version=1449658890,title screened
openalex_kurose,9,https://openalex.org/W2068889624,2007,https://doi.org/10.1016/j.physleta.2007.05.104,,Geometry of distributions associated with Tsallis statistics and properties of relative entropy minimization,,title screened
openalex_kurose,10,https://openalex.org/W2955697456,2019,https://doi.org/10.2969/aspm/05710303,,Statistical manifolds and affine differential geometry,,title screened
openalex_kurose,11,https://openalex.org/W2081728937,2013,https://doi.org/10.3390/e15125384,,Nonparametric Information Geometry: From Divergence Function to Referential-Representational Biduality on Statistical Manifolds,https://doi.org/10.3390/e15125384,title screened
openalex_kurose,12,https://openalex.org/W2030533745,1998,https://doi.org/10.14492/hokmj/1351001292,,On realization of conformally-projectively flat statistical manifolds and the divergences,https://projecteuclid.org/journals/hokkaido-mathematical-journal/volume-27/issue-2/On-realization-of-conformally-projectively-flat-statistical-manifolds-and-the/10.14492/hokmj/1351001292.pdf,title screened
openalex_kurose,13,https://openalex.org/W2051343356,2014,https://doi.org/10.1016/j.difgeo.2014.06.003,,Hessian structures on deformed exponential families and their conformal structures,https://www.sciencedirect.com/science/article/pii/S0926224514000886/pdf,title screened
openalex_kurose,14,https://openalex.org/W4211152522,2019,https://doi.org/10.5507/prf.19.24455365,,Differential Geometry of Special Mappings,,title screened
openalex_kurose,15,https://openalex.org/W4405319069,2024,https://doi.org/10.1088/1475-7516/2024/12/034,,Length-preserving biconnection gravity and its cosmological implications,,title screened
openalex_kurose,16,https://openalex.org/W1985821416,2010,https://doi.org/10.1088/1742-6596/201/1/012012,,A dually flat structure on the space of escort distributions,https://iopscience.iop.org/article/10.1088/1742-6596/201/1/012012/pdf,title screened
openalex_kurose,17,https://openalex.org/W1532573874,2015,https://doi.org/10.3390/e17085729,,Deformed Algebras and Generalizations of Independence on Deformed Exponential Families,https://www.mdpi.com/1099-4300/17/8/5729/pdf?version=1439195122,title screened
openalex_kurose,18,https://openalex.org/W2135841622,2009,https://doi.org/10.1140/epjb/e2009-00170-y,,Geometric study for the Legendre duality of generalized entropies and its application to the porous medium equation,https://arxiv.org/pdf/0904.1530,title screened
openalex_kurose,19,https://openalex.org/W2066922016,2015,https://doi.org/10.1016/j.physa.2015.03.023,,Dually flat geometries of the deformed exponential family,,title screened
openalex_kurose,20,https://openalex.org/W4383197106,2023,https://doi.org/10.1016/j.physa.2023.129017,,Informative fractal dimension associated with nonmetricity in information geometry,https://doi.org/10.1016/j.physa.2023.129017,title screened
openalex_kurose,21,https://openalex.org/W3175465654,2021,,,Towards a Canonical Divergence within Information Geometry,,title screened
openalex_kurose,22,https://openalex.org/W2264074518,2005,,,Topics in Information Geometry,,title screened
openalex_kurose,23,https://openalex.org/W2766869245,2017,https://doi.org/10.1007/978-3-319-68445-1_26,,A Sequential Structure of Statistical Manifolds on Deformed Exponential Family,https://nitech.repo.nii.ac.jp/records/6551,title screened
openalex_kurose,24,https://openalex.org/W1992840719,2002,https://doi.org/10.4036/iis.2002.89,,Conformal-Projective Geometry of Statistical Manifolds,https://www.jstage.jst.go.jp/article/iis/8/1/8_1_89/_pdf,title screened
openalex_kurose,25,https://openalex.org/W1512660147,1999,https://doi.org/10.32917/hmj/1206125160,,Geometry of contrast functions and conformal geometry,https://projecteuclid.org/journals/hiroshima-mathematical-journal/volume-29/issue-1/Geometry-of-contrast-functions-and-conformal-geometry/10.32917/hmj/1206125160.pdf,title screened
openalex_kurose,26,https://openalex.org/W2026987897,2012,https://doi.org/10.1142/s0217984912500637,,CONFORMAL GEOMETRY OF ESCORT PROBABILITY AND ITS APPLICATIONS,https://teikyo-u.repo.nii.ac.jp/records/2009914,title screened
openalex_kurose,27,https://openalex.org/W2561819439,2016,https://doi.org/10.3390/e19010007,,A Sequence of Escort Distributions and Generalizations of Expectations on q-Exponential Family,https://www.mdpi.com/1099-4300/19/1/7/pdf?version=1482888790,title screened
openalex_kurose,28,https://openalex.org/W9756691,2014,https://doi.org/10.1007/978-3-319-05317-2_3,,Hessian Structures and Divergence Functions on Deformed Exponential Families,,title screened
openalex_kurose,29,https://openalex.org/W1995728449,2013,https://doi.org/10.1007/s10455-013-9390-0,,A five-dimensional Riemannian manifold with an irreducible SO(3)-structure as a model of abstract statistical manifold,https://link.springer.com/content/pdf/10.1007/s10455-013-9390-0.pdf,title screened
openalex_kurose,30,https://openalex.org/W1972151645,2007,https://doi.org/10.1007/s10958-007-0488-4,,Dual symmetric statistical manifolds,,title screened
openalex_kurose,31,https://openalex.org/W2901705192,2018,https://doi.org/10.1007/978-3-030-02520-5_3,,Statistical Manifolds Admitting Torsion and Partially Flat Spaces,,title screened
openalex_kurose,32,https://openalex.org/W2110368364,2000,https://doi.org/10.32917/hmj/1206124606,,Foliations and divergences of flat statistical manifolds,https://projecteuclid.org/journals/hiroshima-mathematical-journal/volume-30/issue-3/Foliations-and-divergences-of-flat-statistical-manifolds/10.32917/hmj/1206124606.pdf,title screened
openalex_kurose,33,https://openalex.org/W2781889729,2018,https://doi.org/10.1007/s41884-018-0012-6,,Logarithmic divergences from optimal transport and Rényi geometry,https://arxiv.org/pdf/1712.03610,title screened
openalex_kurose,34,https://openalex.org/W2969514515,2019,https://doi.org/10.1007/978-3-030-26980-7_43,,Logarithmic Divergences: Geometry and Interpretation of Curvature,,title screened
openalex_kurose,35,https://openalex.org/W4212840680,2017,https://doi.org/10.3390/books978-3-03842-425-3,,Differential Geometrical Theory of Statistics,https://mdpi-res.com/bookfiles/book/313/Differential_Geometrical_Theory_of_Statistics.pdf,title screened
openalex_kurose,36,https://openalex.org/W2791591961,2018,https://doi.org/10.3390/e20030186,,Conformal Flattening for Deformed Information Geometries on the Probability Simplex †,https://www.mdpi.com/1099-4300/20/3/186/pdf?version=1521075086,title screened
openalex_kurose,37,https://openalex.org/W4210290955,2022,https://doi.org/10.3390/e24020193,,λ-Deformation: A Canonical Framework for Statistical Manifolds of Constant Curvature,https://www.mdpi.com/1099-4300/24/2/193/pdf?version=1643291027,title screened
openalex_kurose,38,https://openalex.org/W2901861155,2018,https://doi.org/10.1007/978-3-030-02520-5_4,,Conformal Flattening on the Probability Simplex and Its Applications to Voronoi Partitions and Centroids,,title screened
openalex_kurose,39,https://openalex.org/W3037206985,2003,,,An affine embedding of the gamma manifold,https://jglobal.jst.go.jp/en/detail?JGLOBAL_ID=201902219376679137,title screened
openalex_kurose,40,https://openalex.org/W2505615175,2016,https://doi.org/10.1016/j.difgeo.2016.06.006,,Transformations and coupling relations for affine connections,https://doi.org/10.1016/j.difgeo.2016.06.006,title screened
openalex_kurose,41,https://openalex.org/W2811058830,2021,https://doi.org/10.1007/s41884-021-00047-5,,Towards a canonical divergence within information geometry,https://arxiv.org/pdf/1806.11363,title screened
openalex_kurose,42,https://openalex.org/W1545034190,2009,https://doi.org/10.1007/978-3-642-00826-9_5,,Computational Geometry from the Viewpoint of Affine Differential Geometry,,title screened
openalex_kurose,43,https://openalex.org/W2766257770,2017,https://doi.org/10.1007/978-3-319-68445-1_18,,"Statistical Manifolds Admitting Torsion, Pre-contrast Functions and Estimating Functions",,title screened
openalex_kurose,44,https://openalex.org/W3201869583,2021,https://doi.org/10.1016/bs.host.2021.06.001,,Pythagoras theorem in information geometry and applications to generalized linear models,,title screened
openalex_kurose,45,https://openalex.org/W1986706633,2015,https://doi.org/10.1063/1.4906003,,Harmonic maps relative to α-connections of statistical manifolds,,title screened
openalex_kurose,46,https://openalex.org/W2224123707,2014,https://doi.org/10.1007/978-3-319-05317-2_4,,Harmonic Maps Relative to $$\alpha $$ α -Connections,,title screened
openalex_kurose,47,https://openalex.org/W164966627,2013,https://doi.org/10.1007/978-3-642-40020-9_83,,Harmonic Maps Relative to α-Connections on Hessian Domains,,title screened
openalex_kurose,48,https://openalex.org/W4388651333,2023,https://doi.org/10.3390/math11224614,,Quasi-Statistical Schouten–van Kampen Connections on the Tangent Bundle,https://www.mdpi.com/2227-7390/11/22/4614/pdf?version=1699629548,title screened
openalex_kurose,49,https://openalex.org/W4309720022,2022,https://doi.org/10.3390/a15110435,,Generalizing the Alpha-Divergences and the Oriented Kullback–Leibler Divergences with Quasi-Arithmetic Means,https://www.mdpi.com/1999-4893/15/11/435/pdf?version=1669102989,title screened
openalex_kurose,50,https://openalex.org/W4414166457,2025,https://doi.org/10.1007/s41884-025-00172-5,,Homogeneous statistical manifolds,,title screened
openalex_kurose,51,https://openalex.org/W4409538620,2025,https://doi.org/10.1016/j.geomphys.2025.105502,,On statistical almost contact manifolds,,title screened
openalex_kurose,52,https://openalex.org/W2727676506,2017,https://doi.org/10.3390/e19070344,,α-Connections and a Symmetric Cubic Form on a Riemannian Manifold,https://www.mdpi.com/1099-4300/19/7/344/pdf?version=1499697901,title screened
openalex_kurose,53,https://openalex.org/W2112432890,2009,https://doi.org/10.1007/978-0-387-75714-8_13,,Dualistic Riemannian Manifold Structure Induced from Convex Functions,,title screened
openalex_kurose,54,https://openalex.org/W81769706,2014,https://doi.org/10.1007/978-3-319-05317-2_2,,Geometry on Positive Definite Matrices Deformed by V-Potentials and Its Submanifold Structure,,title screened
openalex_kurose,55,https://openalex.org/W2766712485,2017,https://doi.org/10.1007/978-3-319-68445-1_29,,On Affine Immersions of the Probability Simplex and Their Conformal Flattening,,title screened
openalex_kurose,56,https://openalex.org/W4310154553,2022,https://doi.org/10.3390/e24121736,,Extended Divergence on a Foliation by Deformed Probability Simplexes,https://www.mdpi.com/1099-4300/24/12/1736/pdf?version=1669639830,title screened
openalex_kurose,57,https://openalex.org/W3128259744,2021,https://doi.org/10.1016/j.difgeo.2021.101734,,Complex affine distributions,https://doi.org/10.1016/j.difgeo.2021.101734,title screened
openalex_kurose,58,https://openalex.org/W4220759266,2022,https://doi.org/10.3390/math10071061,,Conformal Control Tools for Statistical Manifolds and for γ-Manifolds,https://www.mdpi.com/2227-7390/10/7/1061/pdf?version=1648211784,title screened
openalex_kurose,59,https://openalex.org/W4361302202,2023,https://doi.org/10.3390/psf2022005053,,A Foliation by Deformed Probability Simplexes for Transition of α-Parameters,https://www.mdpi.com/2673-9984/5/1/53/pdf?version=1679984700,title screened
openalex_kurose,60,https://openalex.org/W3082429766,2020,https://doi.org/10.48550/arxiv.2008.13394,,On a constant curvature statistical manifold,https://arxiv.org/pdf/2008.13394,title screened
openalex_kurose,61,https://openalex.org/W1892514668,2012,https://doi.org/10.48550/arxiv.1212.4748,,On a Semi-symmetric Non-metric Connection Satisfying the Schur`s Theorem on a Riemannian Manifold,https://arxiv.org/pdf/1212.4748,title screened
openalex_kurose,62,https://openalex.org/W2296252967,2015,https://doi.org/10.1007/978-3-319-25040-3_36,,Transformations and Coupling Relations for Affine Connections,,title screened
openalex_kurose,63,https://openalex.org/W2564311015,2014,,,Harmonic Maps Relative to α-Connections,,title screened
openalex_kurose,64,https://openalex.org/W2912851780,2019,https://doi.org/10.17654/gt022010073,,LOCAL EXISTENCE OF STATISTICAL DIFFEOMORPHISMS,https://eprints.lib.hokudai.ac.jp/dspace/bitstream/2115/75440/2/JP%20JGT22-1_73-95.pdf,title screened
openalex_kurose,65,https://openalex.org/W2949763162,2019,https://doi.org/10.48550/arxiv.1906.09103,,Logarithmic divergences: geometry and interpretation of curvature,https://arxiv.org/pdf/1906.09103,title screened
openalex_kurose,66,https://openalex.org/W2969530727,2015,,,Dualistic structures on generalized warped products,https://arxiv.org/pdf/1501.00308,title screened
openalex_kurose,67,https://openalex.org/W3005824432,2020,,,The {\alpha}-divergences associated with a pair of strictly comparable quasi-arithmetic means,http://arxiv.org/pdf/2001.09660.pdf,title screened
openalex_kurose,68,https://openalex.org/W3136731916,2021,https://doi.org/10.1007/s41884-021-00056-4,,The Bonnet theorem for statistical manifolds,https://arxiv.org/pdf/2103.10102,title screened
openalex_kurose,69,https://openalex.org/W3173306523,2021,https://doi.org/10.1016/bs.host.2021.07.005,,Information geometry and classical Cramér–Rao-type inequalities,https://arxiv.org/pdf/2104.01061,title screened
openalex_kurose,70,https://openalex.org/W4210964474,2019,https://doi.org/10.3390/books978-3-03897-470-3,,New Trends in Statistical Physics of Complex Systems,https://mdpi-res.com/bookfiles/book/1110/New_Trends_in_Statistical_Physics_of_Complex_Systems.pdf,title screened
openalex_kurose,71,https://openalex.org/W4313646085,2023,https://doi.org/10.1063/5.0124768,,Affine geometric description of thermodynamics,,title screened
openalex_kurose,72,https://openalex.org/W4379384592,2023,https://doi.org/10.1007/s41884-023-00110-3,,A certain ODE-system defining the geometric divergence,,title screened
openalex_kurose,73,https://openalex.org/W4415339564,2025,https://doi.org/10.1007/978-3-032-03918-7_9,,A Foliation by Escort Distributions of Exponential Families and Extended Divergence,,title screened
openalex_kurose,74,https://openalex.org/W4417073591,2025,https://doi.org/10.1007/s41884-025-00185-0,,Geodesic connectedness on statistical manifolds with cubic forms divisible by the metric,,title screened
openalex_kurose,75,https://openalex.org/W7127273991,2026,https://doi.org/10.1007/s41884-025-00189-w,,A Commentary on Nagaoka-Amari 1982,,title screened
openalex_kurose,76,https://openalex.org/W7131104968,2026,https://doi.org/10.47000/tjmcs.1789376,,Extending Information Geometry: Quasi-Statistical Structures on Metallic-Like Pseudo-Riemannian Manifolds,https://dergipark.org.tr/en/download/article-file/5266116,title screened
openalex_kurose,77,https://openalex.org/W7160259193,2026,https://doi.org/10.1140/epjc/s10052-026-15711-2,,Cosmological test of a length-preserving biconnection gravity,https://link.springer.com/content/pdf/10.1140/epjc/s10052-026-15711-2.pdf,title screened
s2_fmu,1,fb115a4a4e91fd33a471124ac9db584e77503e31,2020,10.1140/epjp/s13360-020-00877-9,,Dually flat structures induced from monotone metrics on a two-level quantum state space,https://link.springer.com/content/pdf/10.1140/epjp/s13360-020-00877-9.pdf,title screened
s2_fmu,2,7015af3c3ff55f7bacf098ff79f30702f5d3eaf7,2017,10.1016/J.ANIHPC.2017.07.003,,Hessian surfaces and local Lagrangian embeddings,https://doi.org/10.1016/j.anihpc.2017.07.003,title screened
s2_fmu,3,f22d3c2a017f8dd7fdeda526c24f8f517f2ccc5a,2014,10.1016/J.DIFGEO.2014.01.001,,Curvature of Hessian manifolds,https://www.sciencedirect.com/science/article/pii/S0926224514000023/pdf,title screened
s2_fmu,4,e0a98a715c6bb89b483c1545b0746a9a3ca28c41,2013,,1312.1103,Curvature of Hessian Manfiolds,,title screened
s2_fmu,5,c8fdaa87a61aae568683a5d7c6a60f5f19326b78,2014,,,Conformal-projective flatness of tangent bundle with complete lift statistical structure,,title screened
s2_fmu,6,363cd4812b9610530bbee7238917d5a26e897cc5,1999,,,1 0 Ju l 2 00 0 Space of Kähler metrics 1 The Space of Kähler metrics,,title screened
s2_kurose,1,1a3401ee9203d5306a803bcb1fafd80b628c531c,2026,10.3390/e28060629,,Extended Divergence on a Foliation by Continuous-Type Escort Distributions,https://doi.org/10.3390/e28060629,title screened
s2_kurose,2,c0b3dae82c5738bbad10b26213a6ccc254aa1d32,2026,,2605.30300,Invariant statistical connections on the multivariate centered Gaussian model and their moduli spaces,,title screened
s2_kurose,3,5ab8c99cc84b08c248b29cb5b5e718c8f69c7545,2026,,2605.01703,"Equiaffine immersion, projective flatness and quasi-Codazzi structure",,title screened
s2_kurose,4,4f006dcb821392923e03892d508f2ca95ff4a0f9,2026,10.47000/tjmcs.1789376,,Extending Information Geometry: Quasi-Statistical Structures on Metallic-Like Pseudo-Riemannian Manifolds,https://dergipark.org.tr/en/download/article-file/5266116,title screened
s2_kurose,5,5a8b046b3a99efbebc153d30991f53340e00c6b2,2026,10.1007/s41884-025-00189-w,,A Commentary on Nagaoka-Amari 1982,,title screened
s2_kurose,6,9f422fe02b0f3ce976dfab44d1ce74da6014f1a1,2025,,2512.21532,Divergence and Deformed Exponential Family,,title screened
s2_kurose,7,8c750fe4dbefd07628ef4acee4e46fe89e49cd08,2025,10.1007/s41884-025-00185-0,,Geodesic connectedness on statistical manifolds with cubic forms divisible by the metric,,title screened
s2_kurose,8,192fd28ed390ae0468e59b662e47a9544f238d96,2025,10.1016/j.geomphys.2025.105502,,On Statsitical Almost Contact Manifolds,,title screened
s2_kurose,9,115208942f264e94733eb57d6c30be58e3177daf,2025,,2503.10024,Geodesic Connectedness on Statistical Manifolds with Divisible Cubic Forms,,title screened
s2_kurose,10,f1b455df21e32f15e9446ae1916220836d26f9e7,2024,10.1007/s41884-025-00172-5,2408.01647,Homogeneous statistical manifolds,,title screened
s2_kurose,11,9b2aff18592934ca45d659492a4e3ae3d25d8470,2024,10.1088/1475-7516/2024/12/034,2407.13024,Length-preserving biconnection gravity and its cosmological implications,,title screened
s2_kurose,12,69c17b99e65865c78dab7ad03f8d6d16130966c3,2023,10.3390/math11224614,,Quasi-Statistical Schouten–van Kampen Connections on the Tangent Bundle,https://www.mdpi.com/2227-7390/11/22/4614/pdf?version=1699629548,title screened
s2_kurose,13,ddfd003bfa9de803044c04450b04a3c78b4f98a1,2023,10.1016/j.physa.2023.129017,,Informative fractal dimension associated with nonmetricity in information geometry,https://doi.org/10.1016/j.physa.2023.129017,title screened
s2_kurose,14,17231694b082286d8aca8df2567e112eb9b5f069,2023,10.1007/s41884-023-00110-3,,A certain ODE-system defining the geometric divergence,,title screened
s2_kurose,15,cc1ceac23501d057338b04ff5a34a1a93e4071bc,2023,10.3390/psf2022005053,,A Foliation by Deformed Probability Simplexes for Transition of α-Parameters,https://www.mdpi.com/2673-9984/5/1/53/pdf?version=1679984700,title screened
s2_kurose,16,1bc4d52ee6040bfa2f58a59ff60e52ac6b04312a,2022,10.3390/e24121736,,Extended Divergence on a Foliation by Deformed Probability Simplexes,https://www.mdpi.com/1099-4300/24/12/1736/pdf?version=1669639830,title screened
s2_kurose,17,47cfd97817f4a9e084dc3261817d8027fa3f7c65,2022,10.1063/5.0124768,2209.01529,Affine geometric description of thermodynamics,https://arxiv.org/pdf/2209.01529,title screened
s2_kurose,18,e6c8d13ba08ee5f85da54e38f2df61395cb73c15,2022,10.3390/math10071061,,Conformal Control Tools for Statistical Manifolds and for γ-Manifolds,https://www.mdpi.com/2227-7390/10/7/1061/pdf?version=1648211784,title screened
s2_kurose,19,5e2245e5d042433c7fb63e9a89fc7b6cf9965647,2022,,2202.09894,Third-order affine-invariant (systems of) PDEs in two independent variables as vanishing of the Fubini-Pick invariant,,title screened
s2_kurose,20,11dfc0a68ca16d1a9b83240ffc3c12a845305aac,2022,10.3390/e24020193,,λ-Deformation: A Canonical Framework for Statistical Manifolds of Constant Curvature,https://www.mdpi.com/1099-4300/24/2/193/pdf?version=1643291027,title screened
s2_kurose,21,9a833d02ef91e6b6488ac1c76aa84c6724310bca,2021,10.1016/bs.host.2021.07.005,2104.01061,Information geometry and classical Cramér–Rao-type inequalities,https://arxiv.org/pdf/2104.01061,title screened
s2_kurose,22,d3dd9313403eba240fb1f052dde109cee51ac064,2021,10.1016/J.DIFGEO.2021.101734,,Complex affine distributions,https://doi.org/10.1016/j.difgeo.2021.101734,title screened
s2_kurose,23,56653ab6da75b86abdc4927e9eab70761ddadf08,2021,10.1007/s41884-021-00056-4,2103.10102,The Bonnet theorem for statistical manifolds,https://arxiv.org/pdf/2103.10102,title screened
s2_kurose,24,abec4ec10c4565ba2cee3a1ab84d1e23d7fc8055,2021,10.1111/insr.12464,,Information geometry,https://doi.org/10.1007/s11537-020-1920-5,title screened
s2_kurose,25,9e7331173e05b0c3726336274e36c82f579a41b5,2020,10.1007/s41884-022-00065-x,2008.13394,On a constant curvature statistical manifold,,title screened
s2_kurose,26,1f2506ca27009d2bad643a84b6d2b83041822874,2020,10.3390/a15110435,2001.09660,Generalizing the Alpha-Divergences and the Oriented Kullback-Leibler Divergences with Quasi-Arithmetic Means,https://www.mdpi.com/1999-4893/15/11/435/pdf?version=1669102989,title screened
s2_kurose,27,85b6aa554b65f926ce89cd96dc0eacc0ce3fcc16,2019,10.1007/978-3-030-26980-7_43,1906.09103,Logarithmic Divergences: Geometry and Interpretation of Curvature,,title screened
s2_kurose,28,9cae6f94b99caf749a60801d8ac8541585bd3783,2019,,,Optimal transport and information geometry,,title screened
s2_kurose,29,a94b4388016844c04beadb2157cf818f98723773,2019,10.17654/gt022010073,,LOCAL EXISTENCE OF STATISTICAL DIFFEOMORPHISMS,https://eprints.lib.hokudai.ac.jp/dspace/bitstream/2115/75440/2/JP%20JGT22-1_73-95.pdf,title screened
s2_kurose,30,629c9483a4ec05a6b1a6224e1364b603db803cae,2018,10.1007/978-3-030-02520-5_4,,Conformal Flattening on the Probability Simplex and Its Applications to Voronoi Partitions and Centroids,,title screened
s2_kurose,31,906fbdf1cac6825f042321573c4b5fee5beb214b,2018,10.1007/978-3-030-02520-5_3,,Statistical Manifolds Admitting Torsion and Partially Flat Spaces,,title screened
s2_kurose,32,639a27b8fc688177a8f04d389861247580d0fbba,2018,10.3390/e22101100,1808.08271,An Elementary Introduction to Information Geometry,https://doi.org/10.3390/e22101100,title screened
s2_kurose,33,c37af7b9eba5237347a6f414ab204c9e78d652e9,2018,10.1007/s41884-021-00047-5,1806.11363,Towards a canonical divergence within information geometry,https://arxiv.org/pdf/1806.11363,title screened
s2_kurose,34,eaddaca2c8c110dc8edd1835ed7ae63e0dd65798,2018,,1803.02538,Affine Immersions and Statistical Manifolds,,title screened
s2_kurose,35,5d30da21868b6cdc0069ff7a2a5f2789cca38e70,2018,10.3390/e20030186,,Conformal Flattening for Deformed Information Geometries on the Probability Simplex,https://www.mdpi.com/1099-4300/20/3/186/pdf?version=1521075086,title screened
s2_kurose,36,fa3247edf8359274de3ee444606a61b70988a817,2017,10.1007/s41884-018-0012-6,1712.03610,Logarithmic divergences from optimal transport and Rényi geometry,https://arxiv.org/pdf/1712.03610,title screened
s2_kurose,37,34744fd83ea08e971eb9a8cd52f855b348da0e9a,2017,10.1007/978-3-319-68445-1_18,,"Statistical Manifolds Admitting Torsion, Pre-contrast Functions and Estimating Functions",,title screened
s2_kurose,38,f1ce25abc3771270663d431eb90c7659a9a2f707,2017,10.1007/978-3-319-68445-1_29,,On Affine Immersions of the Probability Simplex and Their Conformal Flattening,,title screened
s2_kurose,39,d5f700681474a34480864758269184101e6fac68,2017,10.1007/978-3-319-68445-1_26,,A Sequential Structure of Statistical Manifolds on Deformed Exponential Family,https://nitech.repo.nii.ac.jp/records/6551,title screened
s2_kurose,40,20b724c501e691a355ae94f0d2971edac2951c24,2017,10.3390/e19070344,,α-Connections and a Symmetric Cubic Form on a Riemannian Manifold,https://www.mdpi.com/1099-4300/19/7/344/pdf?version=1499697901,title screened
s2_kurose,41,5dbbf388684858a29254318c3049c7f3b8c31c91,2016,10.3390/e19010007,,A Sequence of Escort Distributions and Generalizations of Expectations on q-Exponential Family,https://www.mdpi.com/1099-4300/19/1/7/pdf?version=1482888790,title screened
s2_kurose,42,7cd96cc921a4a131d878f3e6acf086532b1ded79,2016,,1608.01107,Constancy of curvature and conformal-projective flatness of statistical manifolds,,title screened
s2_kurose,43,7983882f5c131ce18dd8f7af4ecb34a8bb7bfcfb,2015,,,Geometric Structures on a Statistical Manifold and Geometry of Estimation,,title screened
s2_kurose,44,098dc6d7d2340ccb29614fd5da5cef397d0f8e66,2015,10.3390/E17127866,,A Novel Approach to Canonical Divergences within Information Geometry,https://www.mdpi.com/1099-4300/17/12/7866/pdf?version=1449658890,title screened
s2_kurose,45,ac853c66672d6646acb00fbc9fb8b15f4984fef9,2015,10.1007/978-3-319-25040-3_36,,Transformations and Coupling Relations for Affine Connections,https://doi.org/10.1016/j.difgeo.2016.06.006,title screened
s2_kurose,46,56a5ba10bf907fcdfdbcd6390773da95b22ab04f,2015,10.1016/J.PHYSA.2015.03.023,,Dually flat geometries of the deformed exponential family,,title screened
s2_kurose,47,ec0d81701b00178dee717cf41052bb1b252d0e33,2015,10.3390/e17085729,,Deformed Algebras and Generalizations of Independence on Deformed Exponential Families,https://www.mdpi.com/1099-4300/17/8/5729/pdf?version=1439195122,title screened
s2_kurose,48,ccdafff38545ad25fae1a6bad49294e0dc310e6a,2015,10.1063/1.4905987,,Geometry of F-likelihood estimators and F-Max-Ent theorem,,title screened
s2_kurose,49,5f596b29f6332d757515fbb5122bf1c052879d77,2015,10.1063/1.4906003,,Harmonic maps relative to α-connections of statistical manifolds,,title screened
s2_kurose,50,736c5fd412812a001e3b7f741cc2e64fe3ae7e4d,2015,,1501.00308,Non-diagonal metric on a product riemanniann manifold,,title screened
s2_kurose,51,7ce2726f5d9dae9e7aa8350db30e5710f4d05991,2014,10.1016/J.DIFGEO.2014.06.003,,Hessian structures on deformed exponential families and their conformal structures,https://www.sciencedirect.com/science/article/pii/S0926224514000886/pdf,title screened
s2_kurose,52,b887ba0e4c8438234e07e89720f7bcf988f75ce1,2014,,1406.7598,Statistical immersions between statistical manifolds of constant curvature,,title screened
s2_kurose,53,76efa2f30b292a6395cdf6e2aabf91ac66725677,2014,10.1007/S10455-013-9390-0,,A five-dimensional Riemannian manifold with an irreducible SO(3)-structure as a model of abstract statistical manifold,https://link.springer.com/content/pdf/10.1007/s10455-013-9390-0.pdf,title screened
s2_kurose,54,4be570dd0dcb107b213fcece2af2f5063244aa94,2013,10.3390/e15125384,,Nonparametric Information Geometry: From Divergence Function to Referential-Representational Biduality on Statistical Manifolds,https://doi.org/10.3390/e15125384,title screened
s2_kurose,55,cdd55317f639521e3ded816fc4b32a5038e20361,2013,10.1007/978-3-642-40020-9_83,,Harmonic Maps Relative to α-Connections on Hessian Domains,,title screened
s2_kurose,56,5084003860ea8233d1d4a628534eeb32617453a0,2013,10.1016/J.DIFGEO.2015.04.005,1302.3167,Equiaffine Structure and Conjugate Ricci-symmetry of a Statistical Manifold,https://www.sciencedirect.com/science/article/pii/S0926224515000674/pdf,title screened
s2_kurose,57,a1cb0a8b380e3b833ea58dbac72e6681334b5d56,2012,,1212.4748,On a Semi-symmetric Non-metric Connection Satisfying the Schur`s Theorem on a Riemannian Manifold,,title screened
s2_kurose,58,04b6c9a63819b365ecf840a4b76c34bd56e70749,2012,10.1016/J.PHYSA.2012.04.016,,"Geometry of deformed exponential families: Invariant, dually-flat and conformal geometries",https://pure.teikyo.jp/en/publications/21a0893a-63cc-4cd7-aee6-175439ab8773,title screened
s2_kurose,59,a74890959a402eeb5f2ceffd4cd111c096b9c9b5,2012,10.1142/S0217984912500637,,CONFORMAL GEOMETRY OF ESCORT PROBABILITY AND ITS APPLICATIONS,https://teikyo-u.repo.nii.ac.jp/records/2009914,title screened
s2_kurose,60,0d1d943787d8ee4609aa4bd4c51a57a3abb31378,2011,10.3390/e13061170,,Geometry of q-Exponential Family of Probability Distributions,https://www.mdpi.com/1099-4300/13/6/1170/pdf?version=1424784813,title screened
s2_kurose,61,c754f0f7a3eb6d7f8517dd3d3af2cc5cfbb02028,2010,10.1088/1742-6596/201/1/012012,,A dually flat structure on the space of escort distributions,https://iopscience.iop.org/article/10.1088/1742-6596/201/1/012012/pdf,title screened
s2_kurose,62,93db5fb733e5296c7bef3471e162f31049446ea2,2010,,1010.4965,Dually flat structure with escort probability and its application to alpha-Voronoi diagrams,,title screened
s2_kurose,63,077fadfe00d3f8159d0702c9db6cfed3b4c91aa3,2009,10.1140/epjb/e2009-00170-y,0904.1530,Geometric study for the Legendre duality of generalized entropies and its application to the porous medium equation,https://arxiv.org/pdf/0904.1530,title screened
s2_kurose,64,8b37ff0b1ea83449dd7b2f1d1ec707f3b71b780c,2009,10.1007/978-3-642-00826-9_5,,Computational Geometry from the Viewpoint of Affine Differential Geometry,,title screened
s2_kurose,65,ee955a375b3ee9596e7127d277ead2ec9bc1de22,2007,10.1007/S10958-007-0488-4,,Dual symmetric statistical manifolds,,title screened
s2_kurose,66,1a2236ba7b26c66e818f50c8737f5c8386618392,2007,10.1016/J.PHYSLETA.2007.05.104,,Geometry of distributions associated with Tsallis statistics and properties of relative entropy minimization,,title screened
s2_kurose,67,aa018c32bff60857af1b7a242368d0e95bad4ff7,2002,10.4036/IIS.2002.89,,Conformal-Projective Geometry of Statistical Manifolds,https://www.jstage.jst.go.jp/article/iis/8/1/8_1_89/_pdf,title screened
s2_kurose,68,a8e6a14310b32f6ca3b241591a928b3ca74491c7,2000,10.32917/HMJ/1206124606,,Foliations and divergences of flat statistical manifolds,https://projecteuclid.org/journals/hiroshima-mathematical-journal/volume-30/issue-3/Foliations-and-divergences-of-flat-statistical-manifolds/10.32917/hmj/1206124606.pdf,title screened
s2_kurose,69,5a8b6d529746a094ff9202c09d75057a61846fc9,2000,10.18910/12027,,1-conformally flat statistical submanifolds,,title screened
s2_kurose,70,359a742cd122b5e7fe2e9025d257394734e6aaae,1998,10.14492/HOKMJ/1351001292,,On realization of conformally-projectively flat statistical manifolds and the divergences,https://projecteuclid.org/journals/hokkaido-mathematical-journal/volume-27/issue-2/On-realization-of-conformally-projectively-flat-statistical-manifolds-and-the/10.14492/hokmj/1351001292.pdf,title screened
s2_kurose,71,e6b2cb0b2d025f35f40790716293ce1efe30c956,2021,10.1016/bs.host.2021.06.001,,Pythagoras theorem in information geometry and applications to generalized linear models,,title screened
s2_kurose,72,37195ce356551a38044c63f688368d99bd3208cb,2019,10.5507/PRF.19.24455358,,Differential Geometry of Special Mappings,,title screened
s2_kurose,73,0a5db44217ec4f08706c948e18749578cfbd82a6,2019,,,"Home Statistical Manifolds Admitting Torsion , Pre-contrast Functions and Estimating Functions 07 / 11 / 2017",,title screened
s2_kurose,74,5d1bd7fd125f175ce303e0835f9a039dd10d53fe,2018,,,D G ] 7 M ar 2 01 8 Affine Immersions and Statistical Manifolds,,title screened
s2_kurose,75,b3730db5137130f959322c27658bd2373158b29c,2017,,,Construction of a pre-contrast function on a deformed exponential family,,title screened
s2_kurose,76,2f81b9cfe629b3a2288f7e0a1c0e01cce2b91f40,2015,,,Dualistic structures on generalized warped products,,title screened
s2_kurose,77,c7ec519921b85bd8c8f2ac84522fdfd6c8afde0b,2014,10.1007/978-3-319-05317-2_3,,Hessian Structures and Divergence Functions on Deformed Exponential Families,,title screened
s2_kurose,78,fe5b50134c8991c473e195fe134774d9b0a81fa2,2014,,,Harmonic Maps Relative to α-Connections,,title screened
s2_kurose,79,339142070cbc0435ae2ac599f1bc518e61aa8464,2014,10.1007/978-3-319-05317-2_2,,Geometry on Positive Definite Matrices Deformed by V-Potentials and Its Submanifold Structure,,title screened
s2_kurose,80,a5f7a85c57e2f43f359042243d5a0e3fc0c8ca51,2014,10.1007/978-3-319-05317-2_4,,Harmonic Maps Relative to $$\alpha $$-Connections,,title screened
s2_kurose,81,7c997ec829245ce55fca589ef3fbdc2ee4bf3060,2010,10.2969/ASPM/05710303,,Statistical manifolds and affine differential geometry,,title screened
s2_kurose,82,5a24df54e3cd0262b394b937852cce3e7ed851bf,2010,10.1088/1742-6596/201/1/012012,,A dually flat structure on the space of escort distributions,https://iopscience.iop.org/article/10.1088/1742-6596/201/1/012012/pdf,title screened
s2_kurose,83,76024243e9cb05d16783d9afd3a700abd609a995,2009,10.1007/978-0-387-75714-8_13,,Dualistic Riemannian Manifold Structure Induced from Convex Functions,,title screened
s2_kurose,84,e18137c5f1addd0bf6d4ebb68a5b7a15de62bf72,2008,10.1007/978-3-540-69393-2,,Information Geometry: Near Randomness and Near Independence,,title screened
s2_kurose,85,55d3851401476f3a1a07ed619d2cca536e27ee4f,2005,,,Topics in Information Geometry,,title screened
s2_kurose,86,b3ac9c2cffeddc6e44ca875ccf8547633bead0f4,2004,10.1162/08997660460734047,,"Divergence Function, Duality, and Convex Analysis",,title screened
s2_kurose,87,748aa26b3f548d019017cb29baf00c17841e06f4,2003,,,Alpha connections and an affine embedding of the McKay bivariate gamma 3-manifold,,title screened
s2_kurose,88,2cf63677079fb0eb7d7a4386f3dc5e7bb17690f0,2003,,,An affine embedding of the gamma manifold,,title screened
s2_kurose,89,dafa386069841d7a2b0804502b261312a8e7a090,2002,10.1007/978-1-4613-0247-6,,Advances in mechanics and mathematics,,title screened
