started_UTC	stage	status	expected	runtime_s	command	log
2026-09-06T04:31:50.567509+00:00	download_tinytex	0	0	17.713	curl -fL --retry 2 https://github.com/rstudio/tinytex-releases/releases/download/v2022.04/TinyTeX-v2022.04.tgz -o /Users/alec/Documents/Math/maximally_collective_stable_turing_patterns_binary_complex_mass_action_networks/independent_full_referee_2026-09-05/software/scratch/TinyTeX-v2022.04.tgz	logs/download_tinytex.log
2026-09-06T04:32:08.281821+00:00	extract_tinytex	1	0	6.435	tar -xzf /Users/alec/Documents/Math/maximally_collective_stable_turing_patterns_binary_complex_mass_action_networks/independent_full_referee_2026-09-05/software/scratch/TinyTeX-v2022.04.tgz -C /Users/alec/Documents/Math/maximally_collective_stable_turing_patterns_binary_complex_mass_action_networks/independent_full_referee_2026-09-05/software/scratch/toolchain	logs/extract_tinytex.log
2026-09-06T04:33:38.013005+00:00	pinned_toolchain	0	0	40.925	bash environment/check_toolchain.sh	logs/pinned_toolchain.log
2026-09-06T04:34:42.739836+00:00	normal_dd_verify_contrast_bounds	0	0	0.396	python /Users/alec/Documents/Math/maximally_collective_stable_turing_patterns_binary_complex_mass_action_networks/independent_full_referee_2026-09-05/software/scratch/full/independent_verifier/dd_verify_contrast_bounds.py	logs/normal_dd_verify_contrast_bounds.log
2026-09-06T04:34:43.136331+00:00	optimized_dd_verify_contrast_bounds	1	1	0.04	python -O /Users/alec/Documents/Math/maximally_collective_stable_turing_patterns_binary_complex_mass_action_networks/independent_full_referee_2026-09-05/software/scratch/full/independent_verifier/dd_verify_contrast_bounds.py	logs/optimized_dd_verify_contrast_bounds.log
2026-09-06T04:34:43.176471+00:00	normal_dd_verify_critical_profile	0	0	0.296	python /Users/alec/Documents/Math/maximally_collective_stable_turing_patterns_binary_complex_mass_action_networks/independent_full_referee_2026-09-05/software/scratch/full/independent_verifier/dd_verify_critical_profile.py	logs/normal_dd_verify_critical_profile.log
2026-09-06T04:34:43.473088+00:00	optimized_dd_verify_critical_profile	1	1	0.041	python -O /Users/alec/Documents/Math/maximally_collective_stable_turing_patterns_binary_complex_mass_action_networks/independent_full_referee_2026-09-05/software/scratch/full/independent_verifier/dd_verify_critical_profile.py	logs/optimized_dd_verify_critical_profile.log
2026-09-06T04:34:43.514419+00:00	normal_dd_verify_cubic_sign	0	0	0.342	python /Users/alec/Documents/Math/maximally_collective_stable_turing_patterns_binary_complex_mass_action_networks/independent_full_referee_2026-09-05/software/scratch/full/independent_verifier/dd_verify_cubic_sign.py	logs/normal_dd_verify_cubic_sign.log
2026-09-06T04:34:43.856494+00:00	optimized_dd_verify_cubic_sign	1	1	0.038	python -O /Users/alec/Documents/Math/maximally_collective_stable_turing_patterns_binary_complex_mass_action_networks/independent_full_referee_2026-09-05/software/scratch/full/independent_verifier/dd_verify_cubic_sign.py	logs/optimized_dd_verify_cubic_sign.log
2026-09-06T04:34:43.895192+00:00	normal_dd_verify_diffusion_criterion	0	0	1.112	python /Users/alec/Documents/Math/maximally_collective_stable_turing_patterns_binary_complex_mass_action_networks/independent_full_referee_2026-09-05/software/scratch/full/independent_verifier/dd_verify_diffusion_criterion.py	logs/normal_dd_verify_diffusion_criterion.log
2026-09-06T04:34:45.007968+00:00	optimized_dd_verify_diffusion_criterion	1	1	0.041	python -O /Users/alec/Documents/Math/maximally_collective_stable_turing_patterns_binary_complex_mass_action_networks/independent_full_referee_2026-09-05/software/scratch/full/independent_verifier/dd_verify_diffusion_criterion.py	logs/optimized_dd_verify_diffusion_criterion.log
2026-09-06T04:34:45.050893+00:00	normal_dd_verify_harmonic_corrections	0	0	0.296	python /Users/alec/Documents/Math/maximally_collective_stable_turing_patterns_binary_complex_mass_action_networks/independent_full_referee_2026-09-05/software/scratch/full/independent_verifier/dd_verify_harmonic_corrections.py	logs/normal_dd_verify_harmonic_corrections.log
2026-09-06T04:34:45.347724+00:00	optimized_dd_verify_harmonic_corrections	1	1	0.041	python -O /Users/alec/Documents/Math/maximally_collective_stable_turing_patterns_binary_complex_mass_action_networks/independent_full_referee_2026-09-05/software/scratch/full/independent_verifier/dd_verify_harmonic_corrections.py	logs/optimized_dd_verify_harmonic_corrections.log
2026-09-06T04:34:45.389300+00:00	normal_dd_verify_mode_isolation	0	0	3.312	python /Users/alec/Documents/Math/maximally_collective_stable_turing_patterns_binary_complex_mass_action_networks/independent_full_referee_2026-09-05/software/scratch/full/independent_verifier/dd_verify_mode_isolation.py	logs/normal_dd_verify_mode_isolation.log
2026-09-06T04:34:48.701534+00:00	optimized_dd_verify_mode_isolation	1	1	0.038	python -O /Users/alec/Documents/Math/maximally_collective_stable_turing_patterns_binary_complex_mass_action_networks/independent_full_referee_2026-09-05/software/scratch/full/independent_verifier/dd_verify_mode_isolation.py	logs/optimized_dd_verify_mode_isolation.log
2026-09-06T04:34:48.739784+00:00	normal_dd_verify_order_m_minors	0	0	0.338	python /Users/alec/Documents/Math/maximally_collective_stable_turing_patterns_binary_complex_mass_action_networks/independent_full_referee_2026-09-05/software/scratch/full/independent_verifier/dd_verify_order_m_minors.py	logs/normal_dd_verify_order_m_minors.log
2026-09-06T04:34:49.078461+00:00	optimized_dd_verify_order_m_minors	1	1	0.038	python -O /Users/alec/Documents/Math/maximally_collective_stable_turing_patterns_binary_complex_mass_action_networks/independent_full_referee_2026-09-05/software/scratch/full/independent_verifier/dd_verify_order_m_minors.py	logs/optimized_dd_verify_order_m_minors.log
2026-09-06T04:34:49.117306+00:00	normal_dd_verify_stable_contrast	0	0	0.294	python /Users/alec/Documents/Math/maximally_collective_stable_turing_patterns_binary_complex_mass_action_networks/independent_full_referee_2026-09-05/software/scratch/full/independent_verifier/dd_verify_stable_contrast.py	logs/normal_dd_verify_stable_contrast.log
2026-09-06T04:34:49.411321+00:00	optimized_dd_verify_stable_contrast	1	1	0.041	python -O /Users/alec/Documents/Math/maximally_collective_stable_turing_patterns_binary_complex_mass_action_networks/independent_full_referee_2026-09-05/software/scratch/full/independent_verifier/dd_verify_stable_contrast.py	logs/optimized_dd_verify_stable_contrast.log
2026-09-06T04:34:49.452838+00:00	normal_frontier_verify_cubic_bound	0	0	0.351	python /Users/alec/Documents/Math/maximally_collective_stable_turing_patterns_binary_complex_mass_action_networks/independent_full_referee_2026-09-05/software/scratch/full/independent_verifier/frontier_verify_cubic_bound.py	logs/normal_frontier_verify_cubic_bound.log
2026-09-06T04:34:49.804195+00:00	optimized_frontier_verify_cubic_bound	1	1	0.041	python -O /Users/alec/Documents/Math/maximally_collective_stable_turing_patterns_binary_complex_mass_action_networks/independent_full_referee_2026-09-05/software/scratch/full/independent_verifier/frontier_verify_cubic_bound.py	logs/optimized_frontier_verify_cubic_bound.log
2026-09-06T04:34:49.845167+00:00	normal_frontier_verify_determinant_identity	0	0	5.246	python /Users/alec/Documents/Math/maximally_collective_stable_turing_patterns_binary_complex_mass_action_networks/independent_full_referee_2026-09-05/software/scratch/full/independent_verifier/frontier_verify_determinant_identity.py	logs/normal_frontier_verify_determinant_identity.log
2026-09-06T04:34:55.092455+00:00	optimized_frontier_verify_determinant_identity	1	1	0.076	python -O /Users/alec/Documents/Math/maximally_collective_stable_turing_patterns_binary_complex_mass_action_networks/independent_full_referee_2026-09-05/software/scratch/full/independent_verifier/frontier_verify_determinant_identity.py	logs/optimized_frontier_verify_determinant_identity.log
2026-09-06T04:34:55.168727+00:00	normal_frontier_verify_exposition_identities	0	0	1.763	python /Users/alec/Documents/Math/maximally_collective_stable_turing_patterns_binary_complex_mass_action_networks/independent_full_referee_2026-09-05/software/scratch/full/independent_verifier/frontier_verify_exposition_identities.py	logs/normal_frontier_verify_exposition_identities.log
2026-09-06T04:34:56.931733+00:00	optimized_frontier_verify_exposition_identities	1	1	0.041	python -O /Users/alec/Documents/Math/maximally_collective_stable_turing_patterns_binary_complex_mass_action_networks/independent_full_referee_2026-09-05/software/scratch/full/independent_verifier/frontier_verify_exposition_identities.py	logs/optimized_frontier_verify_exposition_identities.log
2026-09-06T04:34:56.972906+00:00	normal_frontier_verify_family	0	0	0.408	python /Users/alec/Documents/Math/maximally_collective_stable_turing_patterns_binary_complex_mass_action_networks/independent_full_referee_2026-09-05/software/scratch/full/independent_verifier/frontier_verify_family.py	logs/normal_frontier_verify_family.log
2026-09-06T04:34:57.381151+00:00	optimized_frontier_verify_family	1	1	0.041	python -O /Users/alec/Documents/Math/maximally_collective_stable_turing_patterns_binary_complex_mass_action_networks/independent_full_referee_2026-09-05/software/scratch/full/independent_verifier/frontier_verify_family.py	logs/optimized_frontier_verify_family.log
2026-09-06T04:34:57.422494+00:00	normal_frontier_verify_master_certificate	0	0	0.293	python /Users/alec/Documents/Math/maximally_collective_stable_turing_patterns_binary_complex_mass_action_networks/independent_full_referee_2026-09-05/software/scratch/full/independent_verifier/frontier_verify_master_certificate.py	logs/normal_frontier_verify_master_certificate.log
2026-09-06T04:34:57.715489+00:00	optimized_frontier_verify_master_certificate	1	1	0.041	python -O /Users/alec/Documents/Math/maximally_collective_stable_turing_patterns_binary_complex_mass_action_networks/independent_full_referee_2026-09-05/software/scratch/full/independent_verifier/frontier_verify_master_certificate.py	logs/optimized_frontier_verify_master_certificate.log
2026-09-06T04:34:57.756575+00:00	normal_frontier_verify_mode_certificates	0	0	2.077	python /Users/alec/Documents/Math/maximally_collective_stable_turing_patterns_binary_complex_mass_action_networks/independent_full_referee_2026-09-05/software/scratch/full/independent_verifier/frontier_verify_mode_certificates.py	logs/normal_frontier_verify_mode_certificates.log
2026-09-06T04:34:59.834487+00:00	optimized_frontier_verify_mode_certificates	1	1	0.041	python -O /Users/alec/Documents/Math/maximally_collective_stable_turing_patterns_binary_complex_mass_action_networks/independent_full_referee_2026-09-05/software/scratch/full/independent_verifier/frontier_verify_mode_certificates.py	logs/optimized_frontier_verify_mode_certificates.log
2026-09-06T04:34:59.875838+00:00	normal_frontier_verify_near_threshold	0	0	0.671	python /Users/alec/Documents/Math/maximally_collective_stable_turing_patterns_binary_complex_mass_action_networks/independent_full_referee_2026-09-05/software/scratch/full/independent_verifier/frontier_verify_near_threshold.py	logs/normal_frontier_verify_near_threshold.log
2026-09-06T04:35:00.547791+00:00	optimized_frontier_verify_near_threshold	1	1	0.041	python -O /Users/alec/Documents/Math/maximally_collective_stable_turing_patterns_binary_complex_mass_action_networks/independent_full_referee_2026-09-05/software/scratch/full/independent_verifier/frontier_verify_near_threshold.py	logs/optimized_frontier_verify_near_threshold.log
2026-09-06T04:35:00.589277+00:00	normal_frontier_verify_normal_form	0	0	1.653	python /Users/alec/Documents/Math/maximally_collective_stable_turing_patterns_binary_complex_mass_action_networks/independent_full_referee_2026-09-05/software/scratch/full/independent_verifier/frontier_verify_normal_form.py	logs/normal_frontier_verify_normal_form.log
2026-09-06T04:35:02.242883+00:00	optimized_frontier_verify_normal_form	1	1	0.041	python -O /Users/alec/Documents/Math/maximally_collective_stable_turing_patterns_binary_complex_mass_action_networks/independent_full_referee_2026-09-05/software/scratch/full/independent_verifier/frontier_verify_normal_form.py	logs/optimized_frontier_verify_normal_form.log
2026-09-06T04:35:02.284278+00:00	normal_frontier_verify_pareto	0	0	0.403	python /Users/alec/Documents/Math/maximally_collective_stable_turing_patterns_binary_complex_mass_action_networks/independent_full_referee_2026-09-05/software/scratch/full/independent_verifier/frontier_verify_pareto.py	logs/normal_frontier_verify_pareto.log
2026-09-06T04:35:02.687854+00:00	optimized_frontier_verify_pareto	1	1	0.038	python -O /Users/alec/Documents/Math/maximally_collective_stable_turing_patterns_binary_complex_mass_action_networks/independent_full_referee_2026-09-05/software/scratch/full/independent_verifier/frontier_verify_pareto.py	logs/optimized_frontier_verify_pareto.log
2026-09-06T04:35:02.726260+00:00	normal_frontier_verify_pareto_curve	0	0	3.591	python /Users/alec/Documents/Math/maximally_collective_stable_turing_patterns_binary_complex_mass_action_networks/independent_full_referee_2026-09-05/software/scratch/full/independent_verifier/frontier_verify_pareto_curve.py	logs/normal_frontier_verify_pareto_curve.log
2026-09-06T04:35:06.317974+00:00	optimized_frontier_verify_pareto_curve	1	1	0.038	python -O /Users/alec/Documents/Math/maximally_collective_stable_turing_patterns_binary_complex_mass_action_networks/independent_full_referee_2026-09-05/software/scratch/full/independent_verifier/frontier_verify_pareto_curve.py	logs/optimized_frontier_verify_pareto_curve.log
2026-09-06T04:35:06.356163+00:00	normal_verify_all_spectrum	0	0	1.374	python /Users/alec/Documents/Math/maximally_collective_stable_turing_patterns_binary_complex_mass_action_networks/independent_full_referee_2026-09-05/software/scratch/full/independent_verifier/verify_all_spectrum.py	logs/normal_verify_all_spectrum.log
2026-09-06T04:35:07.730987+00:00	optimized_verify_all_spectrum	1	1	0.039	python -O /Users/alec/Documents/Math/maximally_collective_stable_turing_patterns_binary_complex_mass_action_networks/independent_full_referee_2026-09-05/software/scratch/full/independent_verifier/verify_all_spectrum.py	logs/optimized_verify_all_spectrum.log
2026-09-06T04:35:07.770724+00:00	normal_verify_branch_stability	0	0	0.453	python /Users/alec/Documents/Math/maximally_collective_stable_turing_patterns_binary_complex_mass_action_networks/independent_full_referee_2026-09-05/software/scratch/full/independent_verifier/verify_branch_stability.py	logs/normal_verify_branch_stability.log
2026-09-06T04:35:07.934526+00:00	base_host_portable_preflight	2	2	0.011	bash replay.sh	logs/base_host_portable_preflight.log
2026-09-06T04:35:07.945833+00:00	base_host_top_preflight	2	2	0.021	bash release/one_command_replay.sh	logs/base_host_top_preflight.log
2026-09-06T04:35:07.966834+00:00	tests_without_tex	0	0	9.745	python -m pytest -q computation/tests	logs/tests_without_tex.log
2026-09-06T04:35:08.224617+00:00	optimized_verify_branch_stability	1	1	0.039	python -O /Users/alec/Documents/Math/maximally_collective_stable_turing_patterns_binary_complex_mass_action_networks/independent_full_referee_2026-09-05/software/scratch/full/independent_verifier/verify_branch_stability.py	logs/optimized_verify_branch_stability.log
2026-09-06T04:35:08.264523+00:00	normal_verify_contrast_bounds	0	0	0.242	python /Users/alec/Documents/Math/maximally_collective_stable_turing_patterns_binary_complex_mass_action_networks/independent_full_referee_2026-09-05/software/scratch/full/independent_verifier/verify_contrast_bounds.py	logs/normal_verify_contrast_bounds.log
2026-09-06T04:35:08.506770+00:00	optimized_verify_contrast_bounds	1	1	0.038	python -O /Users/alec/Documents/Math/maximally_collective_stable_turing_patterns_binary_complex_mass_action_networks/independent_full_referee_2026-09-05/software/scratch/full/independent_verifier/verify_contrast_bounds.py	logs/optimized_verify_contrast_bounds.log
2026-09-06T04:35:08.544887+00:00	normal_verify_critical_profile	0	0	0.293	python /Users/alec/Documents/Math/maximally_collective_stable_turing_patterns_binary_complex_mass_action_networks/independent_full_referee_2026-09-05/software/scratch/full/independent_verifier/verify_critical_profile.py	logs/normal_verify_critical_profile.log
2026-09-06T04:35:08.838097+00:00	optimized_verify_critical_profile	1	1	0.04	python -O /Users/alec/Documents/Math/maximally_collective_stable_turing_patterns_binary_complex_mass_action_networks/independent_full_referee_2026-09-05/software/scratch/full/independent_verifier/verify_critical_profile.py	logs/optimized_verify_critical_profile.log
2026-09-06T04:35:08.878606+00:00	normal_verify_cubic_sign	0	0	0.4	python /Users/alec/Documents/Math/maximally_collective_stable_turing_patterns_binary_complex_mass_action_networks/independent_full_referee_2026-09-05/software/scratch/full/independent_verifier/verify_cubic_sign.py	logs/normal_verify_cubic_sign.log
2026-09-06T04:35:09.278959+00:00	optimized_verify_cubic_sign	1	1	0.039	python -O /Users/alec/Documents/Math/maximally_collective_stable_turing_patterns_binary_complex_mass_action_networks/independent_full_referee_2026-09-05/software/scratch/full/independent_verifier/verify_cubic_sign.py	logs/optimized_verify_cubic_sign.log
2026-09-06T04:35:09.318877+00:00	normal_verify_current_numerical_provenance	0	0	0.402	python /Users/alec/Documents/Math/maximally_collective_stable_turing_patterns_binary_complex_mass_action_networks/independent_full_referee_2026-09-05/software/scratch/full/independent_verifier/verify_current_numerical_provenance.py	logs/normal_verify_current_numerical_provenance.log
2026-09-06T04:35:09.720808+00:00	optimized_verify_current_numerical_provenance	1	1	0.04	python -O /Users/alec/Documents/Math/maximally_collective_stable_turing_patterns_binary_complex_mass_action_networks/independent_full_referee_2026-09-05/software/scratch/full/independent_verifier/verify_current_numerical_provenance.py	logs/optimized_verify_current_numerical_provenance.log
2026-09-06T04:35:09.761580+00:00	normal_verify_diffusion_criterion	0	0	1.202	python /Users/alec/Documents/Math/maximally_collective_stable_turing_patterns_binary_complex_mass_action_networks/independent_full_referee_2026-09-05/software/scratch/full/independent_verifier/verify_diffusion_criterion.py	logs/normal_verify_diffusion_criterion.log
2026-09-06T04:35:10.963691+00:00	optimized_verify_diffusion_criterion	1	1	0.038	python -O /Users/alec/Documents/Math/maximally_collective_stable_turing_patterns_binary_complex_mass_action_networks/independent_full_referee_2026-09-05/software/scratch/full/independent_verifier/verify_diffusion_criterion.py	logs/optimized_verify_diffusion_criterion.log
2026-09-06T04:35:11.001830+00:00	normal_verify_exchange_of_stability	0	0	0.349	python /Users/alec/Documents/Math/maximally_collective_stable_turing_patterns_binary_complex_mass_action_networks/independent_full_referee_2026-09-05/software/scratch/full/independent_verifier/verify_exchange_of_stability.py	logs/normal_verify_exchange_of_stability.log
2026-09-06T04:35:11.350881+00:00	optimized_verify_exchange_of_stability	1	1	0.041	python -O /Users/alec/Documents/Math/maximally_collective_stable_turing_patterns_binary_complex_mass_action_networks/independent_full_referee_2026-09-05/software/scratch/full/independent_verifier/verify_exchange_of_stability.py	logs/optimized_verify_exchange_of_stability.log
2026-09-06T04:35:11.392105+00:00	normal_verify_family	0	0	0.729	python /Users/alec/Documents/Math/maximally_collective_stable_turing_patterns_binary_complex_mass_action_networks/independent_full_referee_2026-09-05/software/scratch/full/independent_verifier/verify_family.py	logs/normal_verify_family.log
2026-09-06T04:35:12.121585+00:00	optimized_verify_family	1	1	0.041	python -O /Users/alec/Documents/Math/maximally_collective_stable_turing_patterns_binary_complex_mass_action_networks/independent_full_referee_2026-09-05/software/scratch/full/independent_verifier/verify_family.py	logs/optimized_verify_family.log
2026-09-06T04:35:12.162722+00:00	normal_verify_generic_cubic_recurrence	0	0	0.839	python /Users/alec/Documents/Math/maximally_collective_stable_turing_patterns_binary_complex_mass_action_networks/independent_full_referee_2026-09-05/software/scratch/full/independent_verifier/verify_generic_cubic_recurrence.py	logs/normal_verify_generic_cubic_recurrence.log
2026-09-06T04:35:13.002238+00:00	optimized_verify_generic_cubic_recurrence	1	1	0.04	python -O /Users/alec/Documents/Math/maximally_collective_stable_turing_patterns_binary_complex_mass_action_networks/independent_full_referee_2026-09-05/software/scratch/full/independent_verifier/verify_generic_cubic_recurrence.py	logs/optimized_verify_generic_cubic_recurrence.log
2026-09-06T04:35:13.042226+00:00	normal_verify_harmonic_corrections	0	0	0.288	python /Users/alec/Documents/Math/maximally_collective_stable_turing_patterns_binary_complex_mass_action_networks/independent_full_referee_2026-09-05/software/scratch/full/independent_verifier/verify_harmonic_corrections.py	logs/normal_verify_harmonic_corrections.log
2026-09-06T04:35:13.330911+00:00	optimized_verify_harmonic_corrections	1	1	0.041	python -O /Users/alec/Documents/Math/maximally_collective_stable_turing_patterns_binary_complex_mass_action_networks/independent_full_referee_2026-09-05/software/scratch/full/independent_verifier/verify_harmonic_corrections.py	logs/optimized_verify_harmonic_corrections.log
2026-09-06T04:35:13.372191+00:00	normal_verify_improved_profile	0	0	4.434	python /Users/alec/Documents/Math/maximally_collective_stable_turing_patterns_binary_complex_mass_action_networks/independent_full_referee_2026-09-05/software/scratch/full/independent_verifier/verify_improved_profile.py	logs/normal_verify_improved_profile.log
2026-09-06T04:35:17.712199+00:00	minimal_replay	0	0	45.326	bash replay.sh	logs/minimal_replay.log
2026-09-06T04:35:17.806691+00:00	optimized_verify_improved_profile	1	1	0.041	python -O /Users/alec/Documents/Math/maximally_collective_stable_turing_patterns_binary_complex_mass_action_networks/independent_full_referee_2026-09-05/software/scratch/full/independent_verifier/verify_improved_profile.py	logs/optimized_verify_improved_profile.log
2026-09-06T04:35:17.848115+00:00	normal_verify_mode_certificates	0	0	5.611	python /Users/alec/Documents/Math/maximally_collective_stable_turing_patterns_binary_complex_mass_action_networks/independent_full_referee_2026-09-05/software/scratch/full/independent_verifier/verify_mode_certificates.py	logs/normal_verify_mode_certificates.log
2026-09-06T04:35:23.460087+00:00	optimized_verify_mode_certificates	1	1	0.041	python -O /Users/alec/Documents/Math/maximally_collective_stable_turing_patterns_binary_complex_mass_action_networks/independent_full_referee_2026-09-05/software/scratch/full/independent_verifier/verify_mode_certificates.py	logs/optimized_verify_mode_certificates.log
2026-09-06T04:35:23.501259+00:00	normal_verify_mode_isolation	0	0	3.35	python /Users/alec/Documents/Math/maximally_collective_stable_turing_patterns_binary_complex_mass_action_networks/independent_full_referee_2026-09-05/software/scratch/full/independent_verifier/verify_mode_isolation.py	logs/normal_verify_mode_isolation.log
2026-09-06T04:35:26.851239+00:00	optimized_verify_mode_isolation	1	1	0.041	python -O /Users/alec/Documents/Math/maximally_collective_stable_turing_patterns_binary_complex_mass_action_networks/independent_full_referee_2026-09-05/software/scratch/full/independent_verifier/verify_mode_isolation.py	logs/optimized_verify_mode_isolation.log
2026-09-06T04:35:26.892940+00:00	normal_verify_network_one_bad_minor	0	0	1.193	python /Users/alec/Documents/Math/maximally_collective_stable_turing_patterns_binary_complex_mass_action_networks/independent_full_referee_2026-09-05/software/scratch/full/independent_verifier/verify_network_one_bad_minor.py	logs/normal_verify_network_one_bad_minor.log
2026-09-06T04:35:28.086040+00:00	optimized_verify_network_one_bad_minor	1	1	0.041	python -O /Users/alec/Documents/Math/maximally_collective_stable_turing_patterns_binary_complex_mass_action_networks/independent_full_referee_2026-09-05/software/scratch/full/independent_verifier/verify_network_one_bad_minor.py	logs/optimized_verify_network_one_bad_minor.log
2026-09-06T04:35:28.127202+00:00	normal_verify_order_m_minors	0	0	0.289	python /Users/alec/Documents/Math/maximally_collective_stable_turing_patterns_binary_complex_mass_action_networks/independent_full_referee_2026-09-05/software/scratch/full/independent_verifier/verify_order_m_minors.py	logs/normal_verify_order_m_minors.log
2026-09-06T04:35:28.416658+00:00	optimized_verify_order_m_minors	1	1	0.039	python -O /Users/alec/Documents/Math/maximally_collective_stable_turing_patterns_binary_complex_mass_action_networks/independent_full_referee_2026-09-05/software/scratch/full/independent_verifier/verify_order_m_minors.py	logs/optimized_verify_order_m_minors.log
2026-09-06T04:35:28.456455+00:00	normal_verify_pareto_family	0	0	10.407	python /Users/alec/Documents/Math/maximally_collective_stable_turing_patterns_binary_complex_mass_action_networks/independent_full_referee_2026-09-05/software/scratch/full/independent_verifier/verify_pareto_family.py	logs/normal_verify_pareto_family.log
2026-09-06T04:35:38.863723+00:00	optimized_verify_pareto_family	1	1	0.042	python -O /Users/alec/Documents/Math/maximally_collective_stable_turing_patterns_binary_complex_mass_action_networks/independent_full_referee_2026-09-05/software/scratch/full/independent_verifier/verify_pareto_family.py	logs/optimized_verify_pareto_family.log
2026-09-06T04:35:38.906285+00:00	normal_verify_principal_minor_diffusion_ray	0	0	9.993	python /Users/alec/Documents/Math/maximally_collective_stable_turing_patterns_binary_complex_mass_action_networks/independent_full_referee_2026-09-05/software/scratch/full/independent_verifier/verify_principal_minor_diffusion_ray.py	logs/normal_verify_principal_minor_diffusion_ray.log
2026-09-06T04:35:44.401650+00:00	remote_release_tag	0	0	0.402	git ls-remote --tags https://github.com/AlecKriebel/Math.git refs/tags/maximally-collective-stable-turing-v1.0.9	logs/remote_release_tag.log
2026-09-06T04:35:44.804798+00:00	remote_release_api	0	0	0.237	curl -sS -w ' HTTP_STATUS=%{http_code} ' https://api.github.com/repos/AlecKriebel/Math/releases/tags/maximally-collective-stable-turing-v1.0.9	logs/remote_release_api.log
2026-09-06T04:35:45.042400+00:00	PDF_full_shipped	0	0	1.536	python computation/audit_pdfs.py --profile full --output-dir /Users/alec/Documents/Math/maximally_collective_stable_turing_patterns_binary_complex_mass_action_networks/independent_full_referee_2026-09-05/software/shipped_pdf_audit	logs/PDF_full_shipped.log
2026-09-06T04:35:46.578618+00:00	PDF_journal_shipped	0	0	1.252	python computation/audit_pdfs.py --profile journal --output-dir /Users/alec/Documents/Math/maximally_collective_stable_turing_patterns_binary_complex_mass_action_networks/independent_full_referee_2026-09-05/software/shipped_journal_pdf_audit	logs/PDF_journal_shipped.log
2026-09-06T04:35:48.899710+00:00	optimized_verify_principal_minor_diffusion_ray	1	1	0.041	python -O /Users/alec/Documents/Math/maximally_collective_stable_turing_patterns_binary_complex_mass_action_networks/independent_full_referee_2026-09-05/software/scratch/full/independent_verifier/verify_principal_minor_diffusion_ray.py	logs/optimized_verify_principal_minor_diffusion_ray.log
2026-09-06T04:35:48.941667+00:00	normal_verify_realization_space	0	0	0.545	python /Users/alec/Documents/Math/maximally_collective_stable_turing_patterns_binary_complex_mass_action_networks/independent_full_referee_2026-09-05/software/scratch/full/independent_verifier/verify_realization_space.py	logs/normal_verify_realization_space.log
2026-09-06T04:35:49.487131+00:00	optimized_verify_realization_space	1	1	0.041	python -O /Users/alec/Documents/Math/maximally_collective_stable_turing_patterns_binary_complex_mass_action_networks/independent_full_referee_2026-09-05/software/scratch/full/independent_verifier/verify_realization_space.py	logs/optimized_verify_realization_space.log
2026-09-06T04:35:49.528830+00:00	normal_verify_stable_contrast	0	0	0.288	python /Users/alec/Documents/Math/maximally_collective_stable_turing_patterns_binary_complex_mass_action_networks/independent_full_referee_2026-09-05/software/scratch/full/independent_verifier/verify_stable_contrast.py	logs/normal_verify_stable_contrast.log
2026-09-06T04:35:49.817091+00:00	optimized_verify_stable_contrast	1	1	0.041	python -O /Users/alec/Documents/Math/maximally_collective_stable_turing_patterns_binary_complex_mass_action_networks/independent_full_referee_2026-09-05/software/scratch/full/independent_verifier/verify_stable_contrast.py	logs/optimized_verify_stable_contrast.log
2026-09-06T04:35:49.858247+00:00	normal_verify_symbolic_certificates	0	0	27.852	python /Users/alec/Documents/Math/maximally_collective_stable_turing_patterns_binary_complex_mass_action_networks/independent_full_referee_2026-09-05/software/scratch/full/independent_verifier/verify_symbolic_certificates.py	logs/normal_verify_symbolic_certificates.log
2026-09-06T04:36:17.710742+00:00	optimized_verify_symbolic_certificates	1	1	0.039	python -O /Users/alec/Documents/Math/maximally_collective_stable_turing_patterns_binary_complex_mass_action_networks/independent_full_referee_2026-09-05/software/scratch/full/independent_verifier/verify_symbolic_certificates.py	logs/optimized_verify_symbolic_certificates.log
2026-09-06T04:37:43.345301+00:00	independent_exact_reconstruction	0	0	0.777	python independent_checks.py exact	logs/independent_exact_reconstruction.log
2026-09-06T04:37:44.123554+00:00	independent_mutations	0	0	2.9	python independent_checks.py mutations	logs/independent_mutations.log
2026-09-06T04:37:44.417897+00:00	mutation_reaction_multiplicity	1	1	0.242	python /Users/alec/Documents/Math/maximally_collective_stable_turing_patterns_binary_complex_mass_action_networks/independent_full_referee_2026-09-05/software/scratch/mutations/independent_verifier/verify_critical_profile.py	logs/mutation_reaction_multiplicity.log
2026-09-06T04:37:44.660668+00:00	mutation_diffusion_constant	1	1	0.241	python /Users/alec/Documents/Math/maximally_collective_stable_turing_patterns_binary_complex_mass_action_networks/independent_full_referee_2026-09-05/software/scratch/mutations/independent_verifier/verify_critical_profile.py	logs/mutation_diffusion_constant.log
2026-09-06T04:37:44.902793+00:00	mutation_zero_mode_gauge	1	1	0.241	python /Users/alec/Documents/Math/maximally_collective_stable_turing_patterns_binary_complex_mass_action_networks/independent_full_referee_2026-09-05/software/scratch/mutations/independent_verifier/verify_harmonic_corrections.py	logs/mutation_zero_mode_gauge.log
2026-09-06T04:37:45.144244+00:00	mutation_harmonic_recurrence	1	1	0.84	python /Users/alec/Documents/Math/maximally_collective_stable_turing_patterns_binary_complex_mass_action_networks/independent_full_referee_2026-09-05/software/scratch/mutations/independent_verifier/verify_generic_cubic_recurrence.py	logs/mutation_harmonic_recurrence.log
2026-09-06T04:37:45.984648+00:00	mutation_scaled_gauge	1	1	0.299	python /Users/alec/Documents/Math/maximally_collective_stable_turing_patterns_binary_complex_mass_action_networks/independent_full_referee_2026-09-05/software/scratch/mutations/independent_verifier/frontier_verify_normal_form.py 3	logs/mutation_scaled_gauge.log
2026-09-06T04:37:46.284176+00:00	mutation_wrapper_child_failure	1	1	0.352	python independent_verifier/verify_improved_profile.py	logs/mutation_wrapper_child_failure.log
2026-09-06T04:37:46.637796+00:00	mutation_numerical_source	1	1	0.291	python independent_verifier/verify_current_numerical_provenance.py	logs/mutation_numerical_source.log
2026-09-06T04:37:46.929064+00:00	mutation_self_manifest	0	0	0.007	sha256sum -c verification_outputs/replay_self_consistency_manifest.txt	logs/mutation_self_manifest.log
2026-09-06T04:37:46.936152+00:00	mutation_shipped_manifest	1	1	0.011	sha256sum -c sha256_manifest.txt	logs/mutation_shipped_manifest.log
2026-09-06T04:37:47.023869+00:00	lock_protocol_controls	0	0	23.65	python independent_checks.py locks	logs/lock_protocol_controls.log
2026-09-06T04:37:47.253316+00:00	lock_protocol_baseline	0	0	1.588	bash environment/check_toolchain.sh	logs/lock_protocol_baseline.log
2026-09-06T04:37:48.842748+00:00	lock_protocol_mutation_ENGINE	2	2	0.73	bash environment/check_toolchain.sh --quiet	logs/lock_protocol_mutation_ENGINE.log
2026-09-06T04:37:49.573285+00:00	lock_protocol_mutation_FORMAT	2	2	0.728	bash environment/check_toolchain.sh --quiet	logs/lock_protocol_mutation_FORMAT.log
2026-09-06T04:37:50.302044+00:00	lock_protocol_mutation_LATEX	2	2	0.729	bash environment/check_toolchain.sh --quiet	logs/lock_protocol_mutation_LATEX.log
2026-09-06T04:37:51.031317+00:00	lock_protocol_mutation_BIBER	2	2	0.728	bash environment/check_toolchain.sh --quiet	logs/lock_protocol_mutation_BIBER.log
2026-09-06T04:37:51.760236+00:00	lock_protocol_mutation_article_cls	2	2	0.722	bash environment/check_toolchain.sh --quiet	logs/lock_protocol_mutation_article_cls.log
2026-09-06T04:37:52.482412+00:00	lock_protocol_mutation_amsmath_sty	2	2	0.772	bash environment/check_toolchain.sh --quiet	logs/lock_protocol_mutation_amsmath_sty.log
2026-09-06T04:37:53.254886+00:00	lock_protocol_mutation_amssymb_sty	2	2	0.728	bash environment/check_toolchain.sh --quiet	logs/lock_protocol_mutation_amssymb_sty.log
2026-09-06T04:37:53.983609+00:00	lock_protocol_mutation_amsthm_sty	2	2	0.784	bash environment/check_toolchain.sh --quiet	logs/lock_protocol_mutation_amsthm_sty.log
2026-09-06T04:37:54.768749+00:00	lock_protocol_mutation_array_sty	2	2	0.784	bash environment/check_toolchain.sh --quiet	logs/lock_protocol_mutation_array_sty.log
2026-09-06T04:37:55.553016+00:00	lock_protocol_mutation_biblatex_sty	2	2	0.783	bash environment/check_toolchain.sh --quiet	logs/lock_protocol_mutation_biblatex_sty.log
2026-09-06T04:37:56.336687+00:00	lock_protocol_mutation_booktabs_sty	2	2	0.788	bash environment/check_toolchain.sh --quiet	logs/lock_protocol_mutation_booktabs_sty.log
2026-09-06T04:37:57.125220+00:00	lock_protocol_mutation_cleveref_sty	2	2	0.828	bash environment/check_toolchain.sh --quiet	logs/lock_protocol_mutation_cleveref_sty.log
2026-09-06T04:37:57.954607+00:00	lock_protocol_mutation_enumitem_sty	2	2	0.786	bash environment/check_toolchain.sh --quiet	logs/lock_protocol_mutation_enumitem_sty.log
2026-09-06T04:37:58.741234+00:00	lock_protocol_mutation_float_sty	2	2	0.775	bash environment/check_toolchain.sh --quiet	logs/lock_protocol_mutation_float_sty.log
2026-09-06T04:37:59.516738+00:00	lock_protocol_mutation_fontenc_sty	2	2	0.781	bash environment/check_toolchain.sh --quiet	logs/lock_protocol_mutation_fontenc_sty.log
2026-09-06T04:38:00.298468+00:00	lock_protocol_mutation_geometry_sty	2	2	0.781	bash environment/check_toolchain.sh --quiet	logs/lock_protocol_mutation_geometry_sty.log
2026-09-06T04:38:01.079719+00:00	lock_protocol_mutation_graphics_sty	2	2	0.778	bash environment/check_toolchain.sh --quiet	logs/lock_protocol_mutation_graphics_sty.log
2026-09-06T04:38:01.857919+00:00	lock_protocol_mutation_graphicx_sty	2	2	0.78	bash environment/check_toolchain.sh --quiet	logs/lock_protocol_mutation_graphicx_sty.log
2026-09-06T04:38:02.638320+00:00	lock_protocol_mutation_hyperref_sty	2	2	0.825	bash environment/check_toolchain.sh --quiet	logs/lock_protocol_mutation_hyperref_sty.log
2026-09-06T04:38:03.464286+00:00	lock_protocol_mutation_lmodern_sty	2	2	0.787	bash environment/check_toolchain.sh --quiet	logs/lock_protocol_mutation_lmodern_sty.log
2026-09-06T04:38:04.251329+00:00	lock_protocol_mutation_longtable_sty	2	2	0.774	bash environment/check_toolchain.sh --quiet	logs/lock_protocol_mutation_longtable_sty.log
2026-09-06T04:38:05.025629+00:00	lock_protocol_mutation_lineno_sty	2	2	0.784	bash environment/check_toolchain.sh --quiet	logs/lock_protocol_mutation_lineno_sty.log
2026-09-06T04:38:05.810733+00:00	lock_protocol_mutation_mathtools_sty	2	2	0.787	bash environment/check_toolchain.sh --quiet	logs/lock_protocol_mutation_mathtools_sty.log
2026-09-06T04:38:06.598316+00:00	lock_protocol_mutation_microtype_sty	2	2	0.791	bash environment/check_toolchain.sh --quiet	logs/lock_protocol_mutation_microtype_sty.log
2026-09-06T04:38:07.390198+00:00	lock_protocol_mutation_pgf_sty	2	2	0.825	bash environment/check_toolchain.sh --quiet	logs/lock_protocol_mutation_pgf_sty.log
2026-09-06T04:38:08.215773+00:00	lock_protocol_mutation_tikz_sty	2	2	0.844	bash environment/check_toolchain.sh --quiet	logs/lock_protocol_mutation_tikz_sty.log
2026-09-06T04:38:09.060936+00:00	lock_protocol_mutation_standalone_cls	2	2	0.774	bash environment/check_toolchain.sh --quiet	logs/lock_protocol_mutation_standalone_cls.log
2026-09-06T04:38:09.834977+00:00	lock_protocol_mutation_grfext_sty	2	2	0.782	bash environment/check_toolchain.sh --quiet	logs/lock_protocol_mutation_grfext_sty.log
2026-09-06T04:38:21.709481+00:00	regenerate_profile	0	0	0.344	python computation/generate_current_profile_data.py	logs/regenerate_profile.log
2026-09-06T04:38:22.054256+00:00	regenerate_tables	0	0	0.295	python computation/generate_tables.py	logs/regenerate_tables.log
2026-09-06T04:38:22.349494+00:00	regenerate_sign_tables	0	0	0.291	python computation/generate_sign_certificate_tables.py	logs/regenerate_sign_tables.log
2026-09-06T04:38:22.641420+00:00	portable_source_audit	0	0	0.132	python computation/audit_manuscript.py	logs/portable_source_audit.log
2026-09-06T04:38:22.773359+00:00	portable_detached_provenance	0	0	0.4	python independent_verifier/verify_current_numerical_provenance.py	logs/portable_detached_provenance.log
2026-09-06T04:38:23.174072+00:00	portable_symbolic_aggregate	0	0	27.469	python independent_verifier/verify_symbolic_certificates.py	logs/portable_symbolic_aggregate.log
2026-09-06T04:38:50.643871+00:00	portable_integrated_improved	0	0	4.328	python independent_verifier/verify_improved_profile.py	logs/portable_integrated_improved.log
2026-09-06T04:38:54.972102+00:00	portable_integrated_family	0	0	0.405	python independent_verifier/frontier_verify_family.py 3 4 5 6 8 10	logs/portable_integrated_family.log
2026-09-06T04:38:55.377388+00:00	portable_integrated_normal_form	0	0	0.454	python independent_verifier/frontier_verify_normal_form.py 3	logs/portable_integrated_normal_form.log
2026-09-06T04:38:55.831473+00:00	portable_integrated_pareto	0	0	1.391	python independent_verifier/frontier_verify_pareto.py 3 4 5 6 8 10 149 200	logs/portable_integrated_pareto.log
2026-09-06T04:38:57.222551+00:00	portable_integrated_exchange	0	0	0.348	python independent_verifier/verify_exchange_of_stability.py	logs/portable_integrated_exchange.log
2026-09-06T04:38:57.570701+00:00	portable_integrated_branch	0	0	0.401	python independent_verifier/verify_branch_stability.py	logs/portable_integrated_branch.log
2026-09-06T04:38:57.971801+00:00	export_m3	0	0	0.235	python computation/export_instance.py 3 --out data/network_instances/Nhat_m3.json	logs/export_m3.log
2026-09-06T04:38:58.206914+00:00	export_m4	0	0	0.235	python computation/export_instance.py 4 --out data/network_instances/Nhat_m4.json	logs/export_m4.log
2026-09-06T04:38:58.442279+00:00	export_m5	0	0	0.235	python computation/export_instance.py 5 --out data/network_instances/Nhat_m5.json	logs/export_m5.log
2026-09-06T04:38:58.677162+00:00	export_m6	0	0	0.243	python computation/export_instance.py 6 --out data/network_instances/Nhat_m6.json	logs/export_m6.log
2026-09-06T04:38:58.920338+00:00	export_m8	0	0	0.241	python computation/export_instance.py 8 --out data/network_instances/Nhat_m8.json	logs/export_m8.log
2026-09-06T04:38:59.162057+00:00	export_m10	0	0	0.243	python computation/export_instance.py 10 --out data/network_instances/Nhat_m10.json	logs/export_m10.log
2026-09-06T04:38:59.405374+00:00	export_pareto_m3	0	0	0.353	python computation/export_pareto_instance.py 3 --out data/exact_instances/pareto_m3_L0.json	logs/export_pareto_m3.log
2026-09-06T04:38:59.758365+00:00	export_pareto_m4	0	0	0.351	python computation/export_pareto_instance.py 4 --out data/exact_instances/pareto_m4_L0.json	logs/export_pareto_m4.log
2026-09-06T04:39:00.109910+00:00	full_15_simulations	0	0	8.026	python computation/simulations.py --outdir data/simulations --jobs 3	logs/full_15_simulations.log
2026-09-06T04:39:08.136360+00:00	regenerated_numerical_provenance	0	0	0.296	python computation/audit_numerical_provenance.py	logs/regenerated_numerical_provenance.log
2026-09-06T04:39:08.432708+00:00	figure_stable_tradeoff	0	0	1.81	python figures/stable_tradeoff.py	logs/figure_stable_tradeoff.log
2026-09-06T04:39:10.243572+00:00	figure_stable_profiles	0	0	1.44	python figures/stable_profiles.py	logs/figure_stable_profiles.log
2026-09-06T04:39:11.684035+00:00	figure_amplitude_scaling	0	0	1.054	python figures/amplitude_scaling.py	logs/figure_amplitude_scaling.log
2026-09-06T04:39:12.738247+00:00	portable_stale_claim_audit	0	0	0.133	python computation/audit_stale_claims.py	logs/portable_stale_claim_audit.log
2026-09-06T04:39:33.867779+00:00	bundle_and_detached_source_checks	0	0	0.724	python bundle_checks.py	logs/bundle_and_detached_source_checks.log
2026-09-06T04:39:33.929865+00:00	bundle_regenerate_0	0	0	0.133	python /Users/alec/Documents/Math/maximally_collective_stable_turing_patterns_binary_complex_mass_action_networks/independent_full_referee_2026-09-05/source_snapshot/release/deterministic_zip.py /Users/alec/Documents/Math/maximally_collective_stable_turing_patterns_binary_complex_mass_action_networks/independent_full_referee_2026-09-05/source_snapshot/data /Users/alec/Documents/Math/maximally_collective_stable_turing_patterns_binary_complex_mass_action_networks/independent_full_referee_2026-09-05/software/scratch/rebuilt_bundle_0.zip	logs/bundle_regenerate_0.log
2026-09-06T04:39:34.068402+00:00	bundle_regenerate_1	0	0	0.074	python /Users/alec/Documents/Math/maximally_collective_stable_turing_patterns_binary_complex_mass_action_networks/independent_full_referee_2026-09-05/source_snapshot/release/deterministic_zip.py /Users/alec/Documents/Math/maximally_collective_stable_turing_patterns_binary_complex_mass_action_networks/independent_full_referee_2026-09-05/source_snapshot/submission/biorxiv/source /Users/alec/Documents/Math/maximally_collective_stable_turing_patterns_binary_complex_mass_action_networks/independent_full_referee_2026-09-05/software/scratch/rebuilt_bundle_1.zip	logs/bundle_regenerate_1.log
2026-09-06T04:39:34.147025+00:00	bundle_regenerate_2	0	0	0.078	python /Users/alec/Documents/Math/maximally_collective_stable_turing_patterns_binary_complex_mass_action_networks/independent_full_referee_2026-09-05/source_snapshot/release/deterministic_zip.py /Users/alec/Documents/Math/maximally_collective_stable_turing_patterns_binary_complex_mass_action_networks/independent_full_referee_2026-09-05/source_snapshot/submission/arxiv/source /Users/alec/Documents/Math/maximally_collective_stable_turing_patterns_binary_complex_mass_action_networks/independent_full_referee_2026-09-05/software/scratch/rebuilt_bundle_2.zip	logs/bundle_regenerate_2.log
2026-09-06T04:39:34.229446+00:00	bundle_regenerate_3	0	0	0.076	python /Users/alec/Documents/Math/maximally_collective_stable_turing_patterns_binary_complex_mass_action_networks/independent_full_referee_2026-09-05/source_snapshot/release/deterministic_zip.py /Users/alec/Documents/Math/maximally_collective_stable_turing_patterns_binary_complex_mass_action_networks/independent_full_referee_2026-09-05/source_snapshot/submission/journal/source /Users/alec/Documents/Math/maximally_collective_stable_turing_patterns_binary_complex_mass_action_networks/independent_full_referee_2026-09-05/software/scratch/rebuilt_bundle_3.zip	logs/bundle_regenerate_3.log
2026-09-06T04:39:34.320612+00:00	bundle_regenerate_4	0	0	0.078	python /Users/alec/Documents/Math/maximally_collective_stable_turing_patterns_binary_complex_mass_action_networks/independent_full_referee_2026-09-05/source_snapshot/release/deterministic_zip.py /Users/alec/Documents/Math/maximally_collective_stable_turing_patterns_binary_complex_mass_action_networks/independent_full_referee_2026-09-05/source_snapshot/external_audit/packets/reaction_network /Users/alec/Documents/Math/maximally_collective_stable_turing_patterns_binary_complex_mass_action_networks/independent_full_referee_2026-09-05/software/scratch/rebuilt_bundle_4.zip	logs/bundle_regenerate_4.log
2026-09-06T04:39:34.417198+00:00	bundle_regenerate_5	0	0	0.076	python /Users/alec/Documents/Math/maximally_collective_stable_turing_patterns_binary_complex_mass_action_networks/independent_full_referee_2026-09-05/source_snapshot/release/deterministic_zip.py /Users/alec/Documents/Math/maximally_collective_stable_turing_patterns_binary_complex_mass_action_networks/independent_full_referee_2026-09-05/source_snapshot/external_audit/packets/pde /Users/alec/Documents/Math/maximally_collective_stable_turing_patterns_binary_complex_mass_action_networks/independent_full_referee_2026-09-05/software/scratch/rebuilt_bundle_5.zip	logs/bundle_regenerate_5.log
2026-09-06T04:39:34.508922+00:00	bundle_regenerate_6	0	0	0.074	python /Users/alec/Documents/Math/maximally_collective_stable_turing_patterns_binary_complex_mass_action_networks/independent_full_referee_2026-09-05/source_snapshot/release/deterministic_zip.py /Users/alec/Documents/Math/maximally_collective_stable_turing_patterns_binary_complex_mass_action_networks/independent_full_referee_2026-09-05/source_snapshot/external_audit/packets/symbolic /Users/alec/Documents/Math/maximally_collective_stable_turing_patterns_binary_complex_mass_action_networks/independent_full_referee_2026-09-05/software/scratch/rebuilt_bundle_6.zip	logs/bundle_regenerate_6.log
2026-09-06T04:40:05.585620+00:00	mutation_extra_negative_certificate_terms	0	1	2.102	python /Users/alec/Documents/Math/maximally_collective_stable_turing_patterns_binary_complex_mass_action_networks/independent_full_referee_2026-09-05/software/scratch/full/independent_verifier/frontier_verify_mode_certificates.py /Users/alec/Documents/Math/maximally_collective_stable_turing_patterns_binary_complex_mass_action_networks/independent_full_referee_2026-09-05/software/scratch/extra_terms_certificate.json	logs/mutation_extra_negative_certificate_terms.log
2026-09-06T04:41:01.340829+00:00	environment_inventory	0	0	1.205	python -c 'import platform,sys,importlib,zlib;print(platform.platform());print(sys.version);print(sys.executable);print("zlib",zlib.ZLIB_VERSION,zlib.ZLIB_RUNTIME_VERSION);[(lambda x:print(x.__name__,x.__version__))(importlib.import_module(n)) for n in ("matplotlib","numpy","pandas","pypdf","pytest","scipy","sympy")];print("optimize",sys.flags.optimize)'	logs/environment_inventory.log
2026-09-06T04:41:57.758211+00:00	certificate_containment	0	0	66.359	python certificate_containment.py	logs/certificate_containment.log
2026-09-06T04:41:57.812508+00:00	containment_extra_negative_terms	0	1	2.231	python /Users/alec/Documents/Math/maximally_collective_stable_turing_patterns_binary_complex_mass_action_networks/independent_full_referee_2026-09-05/software/scratch/full/independent_verifier/frontier_verify_mode_certificates.py /Users/alec/Documents/Math/maximally_collective_stable_turing_patterns_binary_complex_mass_action_networks/independent_full_referee_2026-09-05/software/mutation_artifacts/extra_negative_terms.json	logs/containment_extra_negative_terms.log
2026-09-06T04:42:00.044979+00:00	containment_opposite_duplicate_first	0	1	2.071	python /Users/alec/Documents/Math/maximally_collective_stable_turing_patterns_binary_complex_mass_action_networks/independent_full_referee_2026-09-05/software/scratch/full/independent_verifier/frontier_verify_mode_certificates.py /Users/alec/Documents/Math/maximally_collective_stable_turing_patterns_binary_complex_mass_action_networks/independent_full_referee_2026-09-05/software/mutation_artifacts/opposite_duplicate_first.json	logs/containment_opposite_duplicate_first.log
2026-09-06T04:42:02.117669+00:00	containment_opposite_duplicate_last	1	1	0.451	python /Users/alec/Documents/Math/maximally_collective_stable_turing_patterns_binary_complex_mass_action_networks/independent_full_referee_2026-09-05/software/scratch/full/independent_verifier/frontier_verify_mode_certificates.py /Users/alec/Documents/Math/maximally_collective_stable_turing_patterns_binary_complex_mass_action_networks/independent_full_referee_2026-09-05/software/mutation_artifacts/opposite_duplicate_last.json	logs/containment_opposite_duplicate_last.log
2026-09-06T04:42:02.571289+00:00	containment_declared_counts_changed	1	1	0.396	python /Users/alec/Documents/Math/maximally_collective_stable_turing_patterns_binary_complex_mass_action_networks/independent_full_referee_2026-09-05/software/scratch/full/independent_verifier/frontier_verify_mode_certificates.py /Users/alec/Documents/Math/maximally_collective_stable_turing_patterns_binary_complex_mass_action_networks/independent_full_referee_2026-09-05/software/mutation_artifacts/declared_counts_changed.json	logs/containment_declared_counts_changed.log
2026-09-06T04:42:02.968519+00:00	containment_unknown_block_metadata	0	0	2.063	python /Users/alec/Documents/Math/maximally_collective_stable_turing_patterns_binary_complex_mass_action_networks/independent_full_referee_2026-09-05/software/scratch/full/independent_verifier/frontier_verify_mode_certificates.py /Users/alec/Documents/Math/maximally_collective_stable_turing_patterns_binary_complex_mass_action_networks/independent_full_referee_2026-09-05/software/mutation_artifacts/unknown_block_metadata.json	logs/containment_unknown_block_metadata.log
2026-09-06T04:42:05.032869+00:00	containment_full_exposition	1	1	1.359	python independent_verifier/frontier_verify_exposition_identities.py	logs/containment_full_exposition.log
2026-09-06T04:42:06.392834+00:00	containment_full_symbolic_aggregate	1	1	28.218	python independent_verifier/verify_symbolic_certificates.py	logs/containment_full_symbolic_aggregate.log
2026-09-06T04:42:34.646431+00:00	containment_minimal_symbolic_aggregate	0	1	27.337	python verify_symbolic_certificates.py	logs/containment_minimal_symbolic_aggregate.log
2026-09-06T04:43:02.906948+00:00	containment_portable_manifest_gate	1	1	1.159	bash replay.sh	logs/containment_portable_manifest_gate.log
2026-09-06T04:44:38.085664+00:00	containment_unit_identical_duplicates	0	1	4.007	python independent_verifier/verify_mode_isolation.py	logs/containment_unit_identical_duplicates.log
2026-09-06T04:49:28.292695+00:00	strict_genuine_certificate_validation	0	0	0.673	python -c 'import sys,json,sympy as sp from pathlib import Path root=Path(sys.argv[1]);sys.path.insert(0,str(root/'"'"'independent_verifier'"'"')) import frontier_verify_mode_certificates as mod obj=json.loads((root/'"'"'independent_verifier/pareto_all_m_certificate.json'"'"').read_text()) Eh,Em,(x,z,s,A,U)=mod.generate() for name,P,parameter,count in [('"'"'homogeneous'"'"',sp.Poly(Eh,x,z),U,22),('"'"'spatial'"'"',sp.Poly(Em,x,z,s),A,84)]:  block=obj['"'"'modulus'"'"'][name]; raw=block['"'"'terms'"'"'];key='"'"'coefficient_in_U_ascending'"'"' if name=='"'"'homogeneous'"'"' else '"'"'coefficient_in_A_ascending'"'"'  assert len(raw)==count==block['"'"'term_count'"'"'];assert len({tuple(t['"'"'powers'"'"']) for t in raw})==len(raw)  actual={tuple(t['"'"'powers'"'"']):[sp.Rational(v) for v in t[key]] for t in raw}  expected={mon:list(reversed(sp.Poly(c,parameter).all_coeffs())) for mon,c in P.terms()}  assert actual==expected;print('"'"'STRICT_GENUINE_CERTIFICATE_PASS'"'"',name,count) unit=json.loads((root/'"'"'independent_verifier/improved_modulus_certificate.json'"'"').read_text()) for name,count in [('"'"'homogeneous'"'"',35),('"'"'improved_mode'"'"',77)]:  raw=unit[name]['"'"'terms'"'"'];assert len(raw)==count==unit[name]['"'"'term_count'"'"'];assert len({tuple(t['"'"'powers'"'"']) for t in raw})==len(raw);print('"'"'STRICT_GENUINE_TERM_CARDINALITY_UNIQUENESS_PASS'"'"',name,count) ' /Users/alec/Documents/Math/maximally_collective_stable_turing_patterns_binary_complex_mass_action_networks/independent_full_referee_2026-09-05/source_snapshot	logs/strict_genuine_certificate_validation.log
