s12,s13,s14,s23,s24,s34,determinant
0,1,2,4,8,16,-24
0,1,2,4,16,8,-104
0,1,2,8,4,16,152
0,1,2,8,16,4,-112
0,1,2,16,4,8,136
0,1,2,16,8,4,-48
0,1,4,2,8,16,-24
0,1,4,2,16,8,-104
0,1,4,8,2,16,408
0,1,4,8,16,2,-320
0,1,4,16,2,8,344
0,1,4,16,8,2,-304
0,1,8,2,4,16,152
0,1,8,2,16,4,-112
0,1,8,4,2,16,408
0,1,8,4,16,2,-320
0,1,8,16,2,4,168
0,1,8,16,4,2,-296
0,1,16,2,4,8,136
0,1,16,2,8,4,-48
0,1,16,4,2,8,344
0,1,16,4,8,2,-304
0,1,16,8,2,4,168
0,1,16,8,4,2,-296
0,2,1,4,8,16,-152
0,2,1,4,16,8,-136
0,2,1,8,4,16,24
0,2,1,8,16,4,48
0,2,1,16,4,8,104
0,2,1,16,8,4,112
0,2,4,1,8,16,-152
0,2,4,1,16,8,-136
0,2,4,8,1,16,408
0,2,4,8,16,1,-192
0,2,4,16,1,8,344
0,2,4,16,8,1,-272
0,2,8,1,4,16,24
0,2,8,1,16,4,48
0,2,8,4,1,16,408
0,2,8,4,16,1,-192
0,2,8,16,1,4,168
0,2,8,16,4,1,-456
0,2,16,1,4,8,104
0,2,16,1,8,4,112
0,2,16,4,1,8,344
0,2,16,4,8,1,-272
0,2,16,8,1,4,168
0,2,16,8,4,1,-456
0,4,1,2,8,16,-408
0,4,1,2,16,8,-344
0,4,1,8,2,16,24
0,4,1,8,16,2,304
0,4,1,16,2,8,104
0,4,1,16,8,2,320
0,4,2,1,8,16,-408
0,4,2,1,16,8,-344
0,4,2,8,1,16,152
0,4,2,8,16,1,272
0,4,2,16,1,8,136
0,4,2,16,8,1,192
0,4,8,1,2,16,24
0,4,8,1,16,2,304
0,4,8,2,1,16,152
0,4,8,2,16,1,272
0,4,8,16,1,2,-296
0,4,8,16,2,1,-456
0,4,16,1,2,8,104
0,4,16,1,8,2,320
0,4,16,2,1,8,136
0,4,16,2,8,1,192
0,4,16,8,1,2,-296
0,4,16,8,2,1,-456
0,8,1,2,4,16,-408
0,8,1,2,16,4,-168
0,8,1,4,2,16,-152
0,8,1,4,16,2,296
0,8,1,16,2,4,112
0,8,1,16,4,2,320
0,8,2,1,4,16,-408
0,8,2,1,16,4,-168
0,8,2,4,1,16,-24
0,8,2,4,16,1,456
0,8,2,16,1,4,-48
0,8,2,16,4,1,192
0,8,4,1,2,16,-152
0,8,4,1,16,2,296
0,8,4,2,1,16,-24
0,8,4,2,16,1,456
0,8,4,16,1,2,-304
0,8,4,16,2,1,-272
0,8,16,1,2,4,112
0,8,16,1,4,2,320
0,8,16,2,1,4,-48
0,8,16,2,4,1,192
0,8,16,4,1,2,-304
0,8,16,4,2,1,-272
0,16,1,2,4,8,-344
0,16,1,2,8,4,-168
0,16,1,4,2,8,-136
0,16,1,4,8,2,296
0,16,1,8,2,4,48
0,16,1,8,4,2,304
0,16,2,1,4,8,-344
0,16,2,1,8,4,-168
0,16,2,4,1,8,-104
0,16,2,4,8,1,456
0,16,2,8,1,4,-112
0,16,2,8,4,1,272
0,16,4,1,2,8,-136
0,16,4,1,8,2,296
0,16,4,2,1,8,-104
0,16,4,2,8,1,456
0,16,4,8,1,2,-320
0,16,4,8,2,1,-192
0,16,8,1,2,4,48
0,16,8,1,4,2,304
0,16,8,2,1,4,-112
0,16,8,2,4,1,272
0,16,8,4,1,2,-320
0,16,8,4,2,1,-192
1,0,2,4,8,16,104
1,0,2,4,16,8,24
1,0,2,8,4,16,112
1,0,2,8,16,4,-152
1,0,2,16,4,8,48
1,0,2,16,8,4,-136
1,0,4,2,8,16,104
1,0,4,2,16,8,24
1,0,4,8,2,16,320
1,0,4,8,16,2,-408
1,0,4,16,2,8,304
1,0,4,16,8,2,-344
1,0,8,2,4,16,112
1,0,8,2,16,4,-152
1,0,8,4,2,16,320
1,0,8,4,16,2,-408
1,0,8,16,2,4,296
1,0,8,16,4,2,-168
1,0,16,2,4,8,48
1,0,16,2,8,4,-136
1,0,16,4,2,8,304
1,0,16,4,8,2,-344
1,0,16,8,2,4,296
1,0,16,8,4,2,-168
1,2,0,4,8,16,-112
1,2,0,4,16,8,-48
1,2,0,8,4,16,-104
1,2,0,8,16,4,136
1,2,0,16,4,8,-24
1,2,0,16,8,4,152
1,2,4,0,8,16,-112
1,2,4,0,16,8,-48
1,2,4,8,0,16,320
1,2,4,8,16,0,-192
1,2,4,16,0,8,304
1,2,4,16,8,0,-272
1,2,8,0,4,16,-104
1,2,8,0,16,4,136
1,2,8,4,0,16,320
1,2,8,4,16,0,-192
1,2,8,16,0,4,296
1,2,8,16,4,0,-456
1,2,16,0,4,8,-24
1,2,16,0,8,4,152
1,2,16,4,0,8,304
1,2,16,4,8,0,-272
1,2,16,8,0,4,296
1,2,16,8,4,0,-456
1,4,0,2,8,16,-320
1,4,0,2,16,8,-304
1,4,0,8,2,16,-104
1,4,0,8,16,2,344
1,4,0,16,2,8,-24
1,4,0,16,8,2,408
1,4,2,0,8,16,-320
1,4,2,0,16,8,-304
1,4,2,8,0,16,112
1,4,2,8,16,0,272
1,4,2,16,0,8,48
1,4,2,16,8,0,192
1,4,8,0,2,16,-104
1,4,8,0,16,2,344
1,4,8,2,0,16,112
1,4,8,2,16,0,272
1,4,8,16,0,2,-168
1,4,8,16,2,0,-456
1,4,16,0,2,8,-24
1,4,16,0,8,2,408
1,4,16,2,0,8,48
1,4,16,2,8,0,192
1,4,16,8,0,2,-168
1,4,16,8,2,0,-456
1,8,0,2,4,16,-320
1,8,0,2,16,4,-296
1,8,0,4,2,16,-112
1,8,0,4,16,2,168
1,8,0,16,2,4,152
1,8,0,16,4,2,408
1,8,2,0,4,16,-320
1,8,2,0,16,4,-296
1,8,2,4,0,16,104
1,8,2,4,16,0,456
1,8,2,16,0,4,-136
1,8,2,16,4,0,192
1,8,4,0,2,16,-112
1,8,4,0,16,2,168
1,8,4,2,0,16,104
1,8,4,2,16,0,456
1,8,4,16,0,2,-344
1,8,4,16,2,0,-272
1,8,16,0,2,4,152
1,8,16,0,4,2,408
1,8,16,2,0,4,-136
1,8,16,2,4,0,192
1,8,16,4,0,2,-344
1,8,16,4,2,0,-272
1,16,0,2,4,8,-304
1,16,0,2,8,4,-296
1,16,0,4,2,8,-48
1,16,0,4,8,2,168
1,16,0,8,2,4,136
1,16,0,8,4,2,344
1,16,2,0,4,8,-304
1,16,2,0,8,4,-296
1,16,2,4,0,8,24
1,16,2,4,8,0,456
1,16,2,8,0,4,-152
1,16,2,8,4,0,272
1,16,4,0,2,8,-48
1,16,4,0,8,2,168
1,16,4,2,0,8,24
1,16,4,2,8,0,456
1,16,4,8,0,2,-408
1,16,4,8,2,0,-192
1,16,8,0,2,4,136
1,16,8,0,4,2,344
1,16,8,2,0,4,-152
1,16,8,2,4,0,272
1,16,8,4,0,2,-408
1,16,8,4,2,0,-192
2,0,1,4,8,16,136
2,0,1,4,16,8,152
2,0,1,8,4,16,-48
2,0,1,8,16,4,-24
2,0,1,16,4,8,-112
2,0,1,16,8,4,-104
2,0,4,1,8,16,136
2,0,4,1,16,8,152
2,0,4,8,1,16,192
2,0,4,8,16,1,-408
2,0,4,16,1,8,272
2,0,4,16,8,1,-344
2,0,8,1,4,16,-48
2,0,8,1,16,4,-24
2,0,8,4,1,16,192
2,0,8,4,16,1,-408
2,0,8,16,1,4,456
2,0,8,16,4,1,-168
2,0,16,1,4,8,-112
2,0,16,1,8,4,-104
2,0,16,4,1,8,272
2,0,16,4,8,1,-344
2,0,16,8,1,4,456
2,0,16,8,4,1,-168
2,1,0,4,8,16,48
2,1,0,4,16,8,112
2,1,0,8,4,16,-136
2,1,0,8,16,4,104
2,1,0,16,4,8,-152
2,1,0,16,8,4,24
2,1,4,0,8,16,48
2,1,4,0,16,8,112
2,1,4,8,0,16,192
2,1,4,8,16,0,-320
2,1,4,16,0,8,272
2,1,4,16,8,0,-304
2,1,8,0,4,16,-136
2,1,8,0,16,4,104
2,1,8,4,0,16,192
2,1,8,4,16,0,-320
2,1,8,16,0,4,456
2,1,8,16,4,0,-296
2,1,16,0,4,8,-152
2,1,16,0,8,4,24
2,1,16,4,0,8,272
2,1,16,4,8,0,-304
2,1,16,8,0,4,456
2,1,16,8,4,0,-296
2,4,0,1,8,16,-192
2,4,0,1,16,8,-272
2,4,0,8,1,16,-136
2,4,0,8,16,1,344
2,4,0,16,1,8,-152
2,4,0,16,8,1,408
2,4,1,0,8,16,-192
2,4,1,0,16,8,-272
2,4,1,8,0,16,-48
2,4,1,8,16,0,304
2,4,1,16,0,8,-112
2,4,1,16,8,0,320
2,4,8,0,1,16,-136
2,4,8,0,16,1,344
2,4,8,1,0,16,-48
2,4,8,1,16,0,304
2,4,8,16,0,1,-168
2,4,8,16,1,0,-296
2,4,16,0,1,8,-152
2,4,16,0,8,1,408
2,4,16,1,0,8,-112
2,4,16,1,8,0,320
2,4,16,8,0,1,-168
2,4,16,8,1,0,-296
2,8,0,1,4,16,-192
2,8,0,1,16,4,-456
2,8,0,4,1,16,48
2,8,0,4,16,1,168
2,8,0,16,1,4,24
2,8,0,16,4,1,408
2,8,1,0,4,16,-192
2,8,1,0,16,4,-456
2,8,1,4,0,16,136
2,8,1,4,16,0,296
2,8,1,16,0,4,-104
2,8,1,16,4,0,320
2,8,4,0,1,16,48
2,8,4,0,16,1,168
2,8,4,1,0,16,136
2,8,4,1,16,0,296
2,8,4,16,0,1,-344
2,8,4,16,1,0,-304
2,8,16,0,1,4,24
2,8,16,0,4,1,408
2,8,16,1,0,4,-104
2,8,16,1,4,0,320
2,8,16,4,0,1,-344
2,8,16,4,1,0,-304
2,16,0,1,4,8,-272
2,16,0,1,8,4,-456
2,16,0,4,1,8,112
2,16,0,4,8,1,168
2,16,0,8,1,4,104
2,16,0,8,4,1,344
2,16,1,0,4,8,-272
2,16,1,0,8,4,-456
2,16,1,4,0,8,152
2,16,1,4,8,0,296
2,16,1,8,0,4,-24
2,16,1,8,4,0,304
2,16,4,0,1,8,112
2,16,4,0,8,1,168
2,16,4,1,0,8,152
2,16,4,1,8,0,296
2,16,4,8,0,1,-408
2,16,4,8,1,0,-320
2,16,8,0,1,4,104
2,16,8,0,4,1,344
2,16,8,1,0,4,-24
2,16,8,1,4,0,304
2,16,8,4,0,1,-408
2,16,8,4,1,0,-320
4,0,1,2,8,16,344
4,0,1,2,16,8,408
4,0,1,8,2,16,-304
4,0,1,8,16,2,-24
4,0,1,16,2,8,-320
4,0,1,16,8,2,-104
4,0,2,1,8,16,344
4,0,2,1,16,8,408
4,0,2,8,1,16,-272
4,0,2,8,16,1,-152
4,0,2,16,1,8,-192
4,0,2,16,8,1,-136
4,0,8,1,2,16,-304
4,0,8,1,16,2,-24
4,0,8,2,1,16,-272
4,0,8,2,16,1,-152
4,0,8,16,1,2,456
4,0,8,16,2,1,296
4,0,16,1,2,8,-320
4,0,16,1,8,2,-104
4,0,16,2,1,8,-192
4,0,16,2,8,1,-136
4,0,16,8,1,2,456
4,0,16,8,2,1,296
4,1,0,2,8,16,304
4,1,0,2,16,8,320
4,1,0,8,2,16,-344
4,1,0,8,16,2,104
4,1,0,16,2,8,-408
4,1,0,16,8,2,24
4,1,2,0,8,16,304
4,1,2,0,16,8,320
4,1,2,8,0,16,-272
4,1,2,8,16,0,-112
4,1,2,16,0,8,-192
4,1,2,16,8,0,-48
4,1,8,0,2,16,-344
4,1,8,0,16,2,104
4,1,8,2,0,16,-272
4,1,8,2,16,0,-112
4,1,8,16,0,2,456
4,1,8,16,2,0,168
4,1,16,0,2,8,-408
4,1,16,0,8,2,24
4,1,16,2,0,8,-192
4,1,16,2,8,0,-48
4,1,16,8,0,2,456
4,1,16,8,2,0,168
4,2,0,1,8,16,272
4,2,0,1,16,8,192
4,2,0,8,1,16,-344
4,2,0,8,16,1,136
4,2,0,16,1,8,-408
4,2,0,16,8,1,152
4,2,1,0,8,16,272
4,2,1,0,16,8,192
4,2,1,8,0,16,-304
4,2,1,8,16,0,48
4,2,1,16,0,8,-320
4,2,1,16,8,0,112
4,2,8,0,1,16,-344
4,2,8,0,16,1,136
4,2,8,1,0,16,-304
4,2,8,1,16,0,48
4,2,8,16,0,1,296
4,2,8,16,1,0,168
4,2,16,0,1,8,-408
4,2,16,0,8,1,152
4,2,16,1,0,8,-320
4,2,16,1,8,0,112
4,2,16,8,0,1,296
4,2,16,8,1,0,168
4,8,0,1,2,16,272
4,8,0,1,16,2,-456
4,8,0,2,1,16,304
4,8,0,2,16,1,-296
4,8,0,16,1,2,24
4,8,0,16,2,1,152
4,8,1,0,2,16,272
4,8,1,0,16,2,-456
4,8,1,2,0,16,344
4,8,1,2,16,0,-168
4,8,1,16,0,2,-104
4,8,1,16,2,0,112
4,8,2,0,1,16,304
4,8,2,0,16,1,-296
4,8,2,1,0,16,344
4,8,2,1,16,0,-168
4,8,2,16,0,1,-136
4,8,2,16,1,0,-48
4,8,16,0,1,2,24
4,8,16,0,2,1,152
4,8,16,1,0,2,-104
4,8,16,1,2,0,112
4,8,16,2,0,1,-136
4,8,16,2,1,0,-48
4,16,0,1,2,8,192
4,16,0,1,8,2,-456
4,16,0,2,1,8,320
4,16,0,2,8,1,-296
4,16,0,8,1,2,104
4,16,0,8,2,1,136
4,16,1,0,2,8,192
4,16,1,0,8,2,-456
4,16,1,2,0,8,408
4,16,1,2,8,0,-168
4,16,1,8,0,2,-24
4,16,1,8,2,0,48
4,16,2,0,1,8,320
4,16,2,0,8,1,-296
4,16,2,1,0,8,408
4,16,2,1,8,0,-168
4,16,2,8,0,1,-152
4,16,2,8,1,0,-112
4,16,8,0,1,2,104
4,16,8,0,2,1,136
4,16,8,1,0,2,-24
4,16,8,1,2,0,48
4,16,8,2,0,1,-152
4,16,8,2,1,0,-112
8,0,1,2,4,16,168
8,0,1,2,16,4,408
8,0,1,4,2,16,-296
8,0,1,4,16,2,152
8,0,1,16,2,4,-320
8,0,1,16,4,2,-112
8,0,2,1,4,16,168
8,0,2,1,16,4,408
8,0,2,4,1,16,-456
8,0,2,4,16,1,24
8,0,2,16,1,4,-192
8,0,2,16,4,1,48
8,0,4,1,2,16,-296
8,0,4,1,16,2,152
8,0,4,2,1,16,-456
8,0,4,2,16,1,24
8,0,4,16,1,2,272
8,0,4,16,2,1,304
8,0,16,1,2,4,-320
8,0,16,1,4,2,-112
8,0,16,2,1,4,-192
8,0,16,2,4,1,48
8,0,16,4,1,2,272
8,0,16,4,2,1,304
8,1,0,2,4,16,296
8,1,0,2,16,4,320
8,1,0,4,2,16,-168
8,1,0,4,16,2,112
8,1,0,16,2,4,-408
8,1,0,16,4,2,-152
8,1,2,0,4,16,296
8,1,2,0,16,4,320
8,1,2,4,0,16,-456
8,1,2,4,16,0,-104
8,1,2,16,0,4,-192
8,1,2,16,4,0,136
8,1,4,0,2,16,-168
8,1,4,0,16,2,112
8,1,4,2,0,16,-456
8,1,4,2,16,0,-104
8,1,4,16,0,2,272
8,1,4,16,2,0,344
8,1,16,0,2,4,-408
8,1,16,0,4,2,-152
8,1,16,2,0,4,-192
8,1,16,2,4,0,136
8,1,16,4,0,2,272
8,1,16,4,2,0,344
8,2,0,1,4,16,456
8,2,0,1,16,4,192
8,2,0,4,1,16,-168
8,2,0,4,16,1,-48
8,2,0,16,1,4,-408
8,2,0,16,4,1,-24
8,2,1,0,4,16,456
8,2,1,0,16,4,192
8,2,1,4,0,16,-296
8,2,1,4,16,0,-136
8,2,1,16,0,4,-320
8,2,1,16,4,0,104
8,2,4,0,1,16,-168
8,2,4,0,16,1,-48
8,2,4,1,0,16,-296
8,2,4,1,16,0,-136
8,2,4,16,0,1,304
8,2,4,16,1,0,344
8,2,16,0,1,4,-408
8,2,16,0,4,1,-24
8,2,16,1,0,4,-320
8,2,16,1,4,0,104
8,2,16,4,0,1,304
8,2,16,4,1,0,344
8,4,0,1,2,16,456
8,4,0,1,16,2,-272
8,4,0,2,1,16,296
8,4,0,2,16,1,-304
8,4,0,16,1,2,-152
8,4,0,16,2,1,-24
8,4,1,0,2,16,456
8,4,1,0,16,2,-272
8,4,1,2,0,16,168
8,4,1,2,16,0,-344
8,4,1,16,0,2,-112
8,4,1,16,2,0,104
8,4,2,0,1,16,296
8,4,2,0,16,1,-304
8,4,2,1,0,16,168
8,4,2,1,16,0,-344
8,4,2,16,0,1,48
8,4,2,16,1,0,136
8,4,16,0,1,2,-152
8,4,16,0,2,1,-24
8,4,16,1,0,2,-112
8,4,16,1,2,0,104
8,4,16,2,0,1,48
8,4,16,2,1,0,136
8,16,0,1,2,4,192
8,16,0,1,4,2,-272
8,16,0,2,1,4,320
8,16,0,2,4,1,-304
8,16,0,4,1,2,112
8,16,0,4,2,1,-48
8,16,1,0,2,4,192
8,16,1,0,4,2,-272
8,16,1,2,0,4,408
8,16,1,2,4,0,-344
8,16,1,4,0,2,152
8,16,1,4,2,0,-136
8,16,2,0,1,4,320
8,16,2,0,4,1,-304
8,16,2,1,0,4,408
8,16,2,1,4,0,-344
8,16,2,4,0,1,24
8,16,2,4,1,0,-104
8,16,4,0,1,2,112
8,16,4,0,2,1,-48
8,16,4,1,0,2,152
8,16,4,1,2,0,-136
8,16,4,2,0,1,24
8,16,4,2,1,0,-104
16,0,1,2,4,8,168
16,0,1,2,8,4,344
16,0,1,4,2,8,-296
16,0,1,4,8,2,136
16,0,1,8,2,4,-304
16,0,1,8,4,2,-48
16,0,2,1,4,8,168
16,0,2,1,8,4,344
16,0,2,4,1,8,-456
16,0,2,4,8,1,104
16,0,2,8,1,4,-272
16,0,2,8,4,1,112
16,0,4,1,2,8,-296
16,0,4,1,8,2,136
16,0,4,2,1,8,-456
16,0,4,2,8,1,104
16,0,4,8,1,2,192
16,0,4,8,2,1,320
16,0,8,1,2,4,-304
16,0,8,1,4,2,-48
16,0,8,2,1,4,-272
16,0,8,2,4,1,112
16,0,8,4,1,2,192
16,0,8,4,2,1,320
16,1,0,2,4,8,296
16,1,0,2,8,4,304
16,1,0,4,2,8,-168
16,1,0,4,8,2,48
16,1,0,8,2,4,-344
16,1,0,8,4,2,-136
16,1,2,0,4,8,296
16,1,2,0,8,4,304
16,1,2,4,0,8,-456
16,1,2,4,8,0,-24
16,1,2,8,0,4,-272
16,1,2,8,4,0,152
16,1,4,0,2,8,-168
16,1,4,0,8,2,48
16,1,4,2,0,8,-456
16,1,4,2,8,0,-24
16,1,4,8,0,2,192
16,1,4,8,2,0,408
16,1,8,0,2,4,-344
16,1,8,0,4,2,-136
16,1,8,2,0,4,-272
16,1,8,2,4,0,152
16,1,8,4,0,2,192
16,1,8,4,2,0,408
16,2,0,1,4,8,456
16,2,0,1,8,4,272
16,2,0,4,1,8,-168
16,2,0,4,8,1,-112
16,2,0,8,1,4,-344
16,2,0,8,4,1,-104
16,2,1,0,4,8,456
16,2,1,0,8,4,272
16,2,1,4,0,8,-296
16,2,1,4,8,0,-152
16,2,1,8,0,4,-304
16,2,1,8,4,0,24
16,2,4,0,1,8,-168
16,2,4,0,8,1,-112
16,2,4,1,0,8,-296
16,2,4,1,8,0,-152
16,2,4,8,0,1,320
16,2,4,8,1,0,408
16,2,8,0,1,4,-344
16,2,8,0,4,1,-104
16,2,8,1,0,4,-304
16,2,8,1,4,0,24
16,2,8,4,0,1,320
16,2,8,4,1,0,408
16,4,0,1,2,8,456
16,4,0,1,8,2,-192
16,4,0,2,1,8,296
16,4,0,2,8,1,-320
16,4,0,8,1,2,-136
16,4,0,8,2,1,-104
16,4,1,0,2,8,456
16,4,1,0,8,2,-192
16,4,1,2,0,8,168
16,4,1,2,8,0,-408
16,4,1,8,0,2,-48
16,4,1,8,2,0,24
16,4,2,0,1,8,296
16,4,2,0,8,1,-320
16,4,2,1,0,8,168
16,4,2,1,8,0,-408
16,4,2,8,0,1,112
16,4,2,8,1,0,152
16,4,8,0,1,2,-136
16,4,8,0,2,1,-104
16,4,8,1,0,2,-48
16,4,8,1,2,0,24
16,4,8,2,0,1,112
16,4,8,2,1,0,152
16,8,0,1,2,4,272
16,8,0,1,4,2,-192
16,8,0,2,1,4,304
16,8,0,2,4,1,-320
16,8,0,4,1,2,48
16,8,0,4,2,1,-112
16,8,1,0,2,4,272
16,8,1,0,4,2,-192
16,8,1,2,0,4,344
16,8,1,2,4,0,-408
16,8,1,4,0,2,136
16,8,1,4,2,0,-152
16,8,2,0,1,4,304
16,8,2,0,4,1,-320
16,8,2,1,0,4,344
16,8,2,1,4,0,-408
16,8,2,4,0,1,104
16,8,2,4,1,0,-24
16,8,4,0,1,2,48
16,8,4,0,2,1,-112
16,8,4,1,0,2,136
16,8,4,1,2,0,-152
16,8,4,2,0,1,104
16,8,4,2,1,0,-24
