extension_h_mask,extension_h_neighbors,labeled_graph6,canonical_graph6,gamma,alpha,gamma_infinity,theta,unrestricted_optimal_kernel_states,family_witness_count,augmentation_sensitive_witness_count,family_witnesses
0,[],IFzvvn{~w,Ivzax|~~w,1,3,3,3,119,6,6,"[{""new_list"":[0],""family_states"":90,""deletion_rounds"":[14,4,4],""base_list_coloring_sat"":true,""augmented_x0_list_coloring_sat"":false,""augmentation_sensitive"":true},{""new_list"":[1],""family_states"":85,""deletion_rounds"":[18,5,4],""base_list_coloring_sat"":true,""augmented_x0_list_coloring_sat"":false,""augmentation_sensitive"":true},{""new_list"":[0,1],""family_states"":91,""deletion_rounds"":[14,4,4],""base_list_coloring_sat"":true,""augmented_x0_list_coloring_sat"":false,""augmentation_sensitive"":true},{""new_list"":[2],""family_states"":93,""deletion_rounds"":[12,2,5],""base_list_coloring_sat"":true,""augmented_x0_list_coloring_sat"":false,""augmentation_sensitive"":true},{""new_list"":[0,2],""family_states"":99,""deletion_rounds"":[8,1,5],""base_list_coloring_sat"":true,""augmented_x0_list_coloring_sat"":false,""augmentation_sensitive"":true},{""new_list"":[1,2],""family_states"":94,""deletion_rounds"":[12,2,5],""base_list_coloring_sat"":true,""augmented_x0_list_coloring_sat"":false,""augmentation_sensitive"":true}]"
1,[0],IFzvvn{^w,It\v]x~nw,2,3,3,3,118,3,3,"[{""new_list"":[1],""family_states"":84,""deletion_rounds"":[19,5,4],""base_list_coloring_sat"":true,""augmented_x0_list_coloring_sat"":false,""augmentation_sensitive"":true},{""new_list"":[2],""family_states"":89,""deletion_rounds"":[16,2,5],""base_list_coloring_sat"":true,""augmented_x0_list_coloring_sat"":false,""augmentation_sensitive"":true},{""new_list"":[1,2],""family_states"":94,""deletion_rounds"":[12,2,5],""base_list_coloring_sat"":true,""augmented_x0_list_coloring_sat"":false,""augmentation_sensitive"":true}]"
2,[1],IFzvvn{nw,It\v]x~nw,2,3,3,3,118,3,3,"[{""new_list"":[0],""family_states"":87,""deletion_rounds"":[17,4,4],""base_list_coloring_sat"":true,""augmented_x0_list_coloring_sat"":false,""augmentation_sensitive"":true},{""new_list"":[2],""family_states"":89,""deletion_rounds"":[16,2,5],""base_list_coloring_sat"":true,""augmented_x0_list_coloring_sat"":false,""augmentation_sensitive"":true},{""new_list"":[0,2],""family_states"":99,""deletion_rounds"":[8,1,5],""base_list_coloring_sat"":true,""augmented_x0_list_coloring_sat"":false,""augmentation_sensitive"":true}]"
3,"[0,1]",IFzvvn{Nw,I^wx}nNvw,2,3,3,3,111,1,1,"[{""new_list"":[2],""family_states"":89,""deletion_rounds"":[16,2,5],""base_list_coloring_sat"":true,""augmented_x0_list_coloring_sat"":false,""augmentation_sensitive"":true}]"
4,[2],IFzvvn{vw,It\v]x~nw,2,3,3,3,118,3,3,"[{""new_list"":[0],""family_states"":87,""deletion_rounds"":[17,4,4],""base_list_coloring_sat"":true,""augmented_x0_list_coloring_sat"":false,""augmentation_sensitive"":true},{""new_list"":[1],""family_states"":84,""deletion_rounds"":[19,5,4],""base_list_coloring_sat"":true,""augmented_x0_list_coloring_sat"":false,""augmentation_sensitive"":true},{""new_list"":[0,1],""family_states"":91,""deletion_rounds"":[14,4,4],""base_list_coloring_sat"":true,""augmented_x0_list_coloring_sat"":false,""augmentation_sensitive"":true}]"
5,"[0,2]",IFzvvn{Vw,I^wx}nNvw,2,3,3,3,111,1,1,"[{""new_list"":[1],""family_states"":84,""deletion_rounds"":[19,5,4],""base_list_coloring_sat"":true,""augmented_x0_list_coloring_sat"":false,""augmentation_sensitive"":true}]"
6,"[1,2]",IFzvvn{fw,I^wx}nNvw,2,3,3,3,111,1,1,"[{""new_list"":[0],""family_states"":87,""deletion_rounds"":[17,4,4],""base_list_coloring_sat"":true,""augmented_x0_list_coloring_sat"":false,""augmentation_sensitive"":true}]"
7,"[0,1,2]",IFzvvn{Fw,I?~~vjr|w,2,4,4,4,210,0,0,[]
8,[3],IFzvvn{zw,Ivzax|~~o,2,3,3,3,119,6,6,"[{""new_list"":[0],""family_states"":90,""deletion_rounds"":[14,4,4],""base_list_coloring_sat"":true,""augmented_x0_list_coloring_sat"":false,""augmentation_sensitive"":true},{""new_list"":[1],""family_states"":85,""deletion_rounds"":[18,5,4],""base_list_coloring_sat"":true,""augmented_x0_list_coloring_sat"":false,""augmentation_sensitive"":true},{""new_list"":[0,1],""family_states"":91,""deletion_rounds"":[14,4,4],""base_list_coloring_sat"":true,""augmented_x0_list_coloring_sat"":false,""augmentation_sensitive"":true},{""new_list"":[2],""family_states"":93,""deletion_rounds"":[12,2,5],""base_list_coloring_sat"":true,""augmented_x0_list_coloring_sat"":false,""augmentation_sensitive"":true},{""new_list"":[0,2],""family_states"":99,""deletion_rounds"":[8,1,5],""base_list_coloring_sat"":true,""augmented_x0_list_coloring_sat"":false,""augmentation_sensitive"":true},{""new_list"":[1,2],""family_states"":94,""deletion_rounds"":[12,2,5],""base_list_coloring_sat"":true,""augmented_x0_list_coloring_sat"":false,""augmentation_sensitive"":true}]"
9,"[0,3]",IFzvvn{Zw,Ij]|tnnvo,2,3,3,3,118,3,3,"[{""new_list"":[1],""family_states"":84,""deletion_rounds"":[19,5,4],""base_list_coloring_sat"":true,""augmented_x0_list_coloring_sat"":false,""augmentation_sensitive"":true},{""new_list"":[2],""family_states"":89,""deletion_rounds"":[16,2,5],""base_list_coloring_sat"":true,""augmented_x0_list_coloring_sat"":false,""augmentation_sensitive"":true},{""new_list"":[1,2],""family_states"":94,""deletion_rounds"":[12,2,5],""base_list_coloring_sat"":true,""augmented_x0_list_coloring_sat"":false,""augmentation_sensitive"":true}]"
10,"[1,3]",IFzvvn{jw,Ij]|tnnvo,2,3,3,3,118,3,3,"[{""new_list"":[0],""family_states"":87,""deletion_rounds"":[17,4,4],""base_list_coloring_sat"":true,""augmented_x0_list_coloring_sat"":false,""augmentation_sensitive"":true},{""new_list"":[2],""family_states"":89,""deletion_rounds"":[16,2,5],""base_list_coloring_sat"":true,""augmented_x0_list_coloring_sat"":false,""augmentation_sensitive"":true},{""new_list"":[0,2],""family_states"":99,""deletion_rounds"":[8,1,5],""base_list_coloring_sat"":true,""augmented_x0_list_coloring_sat"":false,""augmentation_sensitive"":true}]"
11,"[0,1,3]",IFzvvn{Jw,IFNN^^}~O,2,3,3,3,110,0,0,[]
12,"[2,3]",IFzvvn{rw,Ij]|tnnvo,2,3,3,3,118,3,3,"[{""new_list"":[0],""family_states"":87,""deletion_rounds"":[17,4,4],""base_list_coloring_sat"":true,""augmented_x0_list_coloring_sat"":false,""augmentation_sensitive"":true},{""new_list"":[1],""family_states"":84,""deletion_rounds"":[19,5,4],""base_list_coloring_sat"":true,""augmented_x0_list_coloring_sat"":false,""augmentation_sensitive"":true},{""new_list"":[0,1],""family_states"":91,""deletion_rounds"":[14,4,4],""base_list_coloring_sat"":true,""augmented_x0_list_coloring_sat"":false,""augmentation_sensitive"":true}]"
13,"[0,2,3]",IFzvvn{Rw,IFNN^^}~O,2,3,3,3,110,0,0,[]
14,"[1,2,3]",IFzvvn{bw,IFNN^^}~O,2,3,3,3,110,0,0,[]
15,"[0,1,2,3]",IFzvvn{Bw,IiR~tyzNw,2,4,4,4,209,0,0,[]
16,[4],IFzvvn{|w,Ivzax|~^w,2,3,3,3,116,4,4,"[{""new_list"":[0,1],""family_states"":86,""deletion_rounds"":[14,4,6],""base_list_coloring_sat"":true,""augmented_x0_list_coloring_sat"":false,""augmentation_sensitive"":true},{""new_list"":[2],""family_states"":90,""deletion_rounds"":[12,2,5],""base_list_coloring_sat"":true,""augmented_x0_list_coloring_sat"":false,""augmentation_sensitive"":true},{""new_list"":[0,2],""family_states"":96,""deletion_rounds"":[8,1,5],""base_list_coloring_sat"":true,""augmented_x0_list_coloring_sat"":false,""augmentation_sensitive"":true},{""new_list"":[1,2],""family_states"":91,""deletion_rounds"":[12,2,5],""base_list_coloring_sat"":true,""augmented_x0_list_coloring_sat"":false,""augmentation_sensitive"":true}]"
17,"[0,4]",IFzvvn{\w,I}mrY{~^w,2,3,3,3,115,2,2,"[{""new_list"":[2],""family_states"":83,""deletion_rounds"":[16,5,5],""base_list_coloring_sat"":true,""augmented_x0_list_coloring_sat"":false,""augmentation_sensitive"":true},{""new_list"":[1,2],""family_states"":91,""deletion_rounds"":[12,2,5],""base_list_coloring_sat"":true,""augmented_x0_list_coloring_sat"":false,""augmentation_sensitive"":true}]"
18,"[1,4]",IFzvvn{lw,I}mrY{~^w,2,3,3,3,115,2,2,"[{""new_list"":[2],""family_states"":83,""deletion_rounds"":[16,5,5],""base_list_coloring_sat"":true,""augmented_x0_list_coloring_sat"":false,""augmentation_sensitive"":true},{""new_list"":[0,2],""family_states"":96,""deletion_rounds"":[8,1,5],""base_list_coloring_sat"":true,""augmented_x0_list_coloring_sat"":false,""augmentation_sensitive"":true}]"
19,"[0,1,4]",IFzvvn{Lw,Io~sztv^w,2,3,3,3,104,1,1,"[{""new_list"":[2],""family_states"":83,""deletion_rounds"":[16,5,5],""base_list_coloring_sat"":true,""augmented_x0_list_coloring_sat"":false,""augmentation_sensitive"":true}]"
20,"[2,4]",IFzvvn{tw,I}mrY{~^w,2,3,3,3,115,1,1,"[{""new_list"":[0,1],""family_states"":86,""deletion_rounds"":[14,4,6],""base_list_coloring_sat"":true,""augmented_x0_list_coloring_sat"":false,""augmentation_sensitive"":true}]"
21,"[0,2,4]",IFzvvn{Tw,Io~sztv^w,2,3,3,3,104,0,0,[]
22,"[1,2,4]",IFzvvn{dw,Io~sztv^w,2,3,3,3,104,0,0,[]
23,"[0,1,2,4]",IFzvvn{Dw,IIR~tyznw,2,4,4,4,208,0,0,[]
24,"[3,4]",IFzvvn{xw,Ivzbzx^Nw,2,3,3,3,116,4,4,"[{""new_list"":[0,1],""family_states"":86,""deletion_rounds"":[14,4,6],""base_list_coloring_sat"":true,""augmented_x0_list_coloring_sat"":false,""augmentation_sensitive"":true},{""new_list"":[2],""family_states"":90,""deletion_rounds"":[12,2,5],""base_list_coloring_sat"":true,""augmented_x0_list_coloring_sat"":false,""augmentation_sensitive"":true},{""new_list"":[0,2],""family_states"":96,""deletion_rounds"":[8,1,5],""base_list_coloring_sat"":true,""augmented_x0_list_coloring_sat"":false,""augmentation_sensitive"":true},{""new_list"":[1,2],""family_states"":91,""deletion_rounds"":[12,2,5],""base_list_coloring_sat"":true,""augmented_x0_list_coloring_sat"":false,""augmentation_sensitive"":true}]"
25,"[0,3,4]",IFzvvn{Xw,Ify|rlnVw,2,3,3,3,114,2,2,"[{""new_list"":[2],""family_states"":81,""deletion_rounds"":[16,5,5,1],""base_list_coloring_sat"":true,""augmented_x0_list_coloring_sat"":false,""augmentation_sensitive"":true},{""new_list"":[1,2],""family_states"":89,""deletion_rounds"":[12,2,5,1],""base_list_coloring_sat"":true,""augmented_x0_list_coloring_sat"":false,""augmentation_sensitive"":true}]"
26,"[1,3,4]",IFzvvn{hw,Ify|rlnVw,2,3,3,3,114,2,2,"[{""new_list"":[2],""family_states"":81,""deletion_rounds"":[16,5,5,1],""base_list_coloring_sat"":true,""augmented_x0_list_coloring_sat"":false,""augmentation_sensitive"":true},{""new_list"":[0,2],""family_states"":94,""deletion_rounds"":[8,1,5,1],""base_list_coloring_sat"":true,""augmented_x0_list_coloring_sat"":false,""augmentation_sensitive"":true}]"
27,"[0,1,3,4]",IFzvvn{Hw,IIM|}^|}o,2,3,3,3,101,0,0,[]
28,"[2,3,4]",IFzvvn{pw,Ify|rlnVw,2,3,3,3,114,1,1,"[{""new_list"":[0,1],""family_states"":84,""deletion_rounds"":[14,4,6,1],""base_list_coloring_sat"":true,""augmented_x0_list_coloring_sat"":false,""augmentation_sensitive"":true}]"
29,"[0,2,3,4]",IFzvvn{Pw,IIM|}^|}o,2,3,3,3,101,0,0,[]
30,"[1,2,3,4]",IFzvvn{`w,IIM|}^|}o,2,3,3,3,101,0,0,[]
31,"[0,1,2,3,4]",IFzvvn{@w,IIR~tyzNw,2,4,4,4,204,0,0,[]
32,[5],IFzvvn{}w,IRr~vq~^w,2,3,3,3,118,4,4,"[{""new_list"":[0,1],""family_states"":83,""deletion_rounds"":[14,3,12],""base_list_coloring_sat"":true,""augmented_x0_list_coloring_sat"":false,""augmentation_sensitive"":true},{""new_list"":[2],""family_states"":93,""deletion_rounds"":[12,2,4],""base_list_coloring_sat"":true,""augmented_x0_list_coloring_sat"":false,""augmentation_sensitive"":true},{""new_list"":[0,2],""family_states"":99,""deletion_rounds"":[8,1,4],""base_list_coloring_sat"":true,""augmented_x0_list_coloring_sat"":false,""augmentation_sensitive"":true},{""new_list"":[1,2],""family_states"":94,""deletion_rounds"":[12,2,4],""base_list_coloring_sat"":true,""augmented_x0_list_coloring_sat"":false,""augmentation_sensitive"":true}]"
33,"[0,5]",IFzvvn{]w,IrW|~z]vw,2,3,3,3,117,2,2,"[{""new_list"":[2],""family_states"":89,""deletion_rounds"":[16,3,3],""base_list_coloring_sat"":true,""augmented_x0_list_coloring_sat"":false,""augmentation_sensitive"":true},{""new_list"":[1,2],""family_states"":94,""deletion_rounds"":[12,2,4],""base_list_coloring_sat"":true,""augmented_x0_list_coloring_sat"":false,""augmentation_sensitive"":true}]"
34,"[1,5]",IFzvvn{mw,IrW|~z]vw,2,3,3,3,117,2,2,"[{""new_list"":[2],""family_states"":89,""deletion_rounds"":[16,3,3],""base_list_coloring_sat"":true,""augmented_x0_list_coloring_sat"":false,""augmentation_sensitive"":true},{""new_list"":[0,2],""family_states"":99,""deletion_rounds"":[8,1,4],""base_list_coloring_sat"":true,""augmented_x0_list_coloring_sat"":false,""augmentation_sensitive"":true}]"
35,"[0,1,5]",IFzvvn{Mw,IEw~^zu|w,2,3,3,3,108,1,1,"[{""new_list"":[2],""family_states"":89,""deletion_rounds"":[16,3,3],""base_list_coloring_sat"":true,""augmented_x0_list_coloring_sat"":false,""augmentation_sensitive"":true}]"
36,"[2,5]",IFzvvn{uw,IrW|~z]vw,2,3,3,3,117,1,1,"[{""new_list"":[0,1],""family_states"":83,""deletion_rounds"":[14,3,12],""base_list_coloring_sat"":true,""augmented_x0_list_coloring_sat"":false,""augmentation_sensitive"":true}]"
37,"[0,2,5]",IFzvvn{Uw,IEw~^zu|w,2,3,3,3,108,0,0,[]
38,"[1,2,5]",IFzvvn{ew,IEw~^zu|w,2,3,3,3,108,0,0,[]
39,"[0,1,2,5]",IFzvvn{Ew,I?^vnzy}w,2,4,4,4,209,0,0,[]
40,"[3,5]",IFzvvn{yw,IRlv~z{rw,2,3,3,3,118,4,4,"[{""new_list"":[0,1],""family_states"":83,""deletion_rounds"":[14,3,12],""base_list_coloring_sat"":true,""augmented_x0_list_coloring_sat"":false,""augmentation_sensitive"":true},{""new_list"":[2],""family_states"":93,""deletion_rounds"":[12,2,4],""base_list_coloring_sat"":true,""augmented_x0_list_coloring_sat"":false,""augmentation_sensitive"":true},{""new_list"":[0,2],""family_states"":99,""deletion_rounds"":[8,1,4],""base_list_coloring_sat"":true,""augmented_x0_list_coloring_sat"":false,""augmentation_sensitive"":true},{""new_list"":[1,2],""family_states"":94,""deletion_rounds"":[12,2,4],""base_list_coloring_sat"":true,""augmented_x0_list_coloring_sat"":false,""augmentation_sensitive"":true}]"
41,"[0,3,5]",IFzvvn{Yw,ILZ]v]~~_,2,3,3,3,116,2,2,"[{""new_list"":[2],""family_states"":88,""deletion_rounds"":[16,3,3],""base_list_coloring_sat"":true,""augmented_x0_list_coloring_sat"":false,""augmentation_sensitive"":true},{""new_list"":[1,2],""family_states"":93,""deletion_rounds"":[12,2,4],""base_list_coloring_sat"":true,""augmented_x0_list_coloring_sat"":false,""augmentation_sensitive"":true}]"
42,"[1,3,5]",IFzvvn{iw,ILZ]v]~~_,2,3,3,3,116,2,2,"[{""new_list"":[2],""family_states"":88,""deletion_rounds"":[16,3,3],""base_list_coloring_sat"":true,""augmented_x0_list_coloring_sat"":false,""augmentation_sensitive"":true},{""new_list"":[0,2],""family_states"":98,""deletion_rounds"":[8,1,4],""base_list_coloring_sat"":true,""augmented_x0_list_coloring_sat"":false,""augmentation_sensitive"":true}]"
43,"[0,1,3,5]",IFzvvn{Iw,IiNNny}Nw,2,3,3,3,105,0,0,[]
44,"[2,3,5]",IFzvvn{qw,ILZ]v]~~_,2,3,3,3,116,1,1,"[{""new_list"":[0,1],""family_states"":82,""deletion_rounds"":[14,3,12],""base_list_coloring_sat"":true,""augmented_x0_list_coloring_sat"":false,""augmentation_sensitive"":true}]"
45,"[0,2,3,5]",IFzvvn{Qw,IiNNny}Nw,2,3,3,3,105,0,0,[]
46,"[1,2,3,5]",IFzvvn{aw,IiNNny}Nw,2,3,3,3,105,0,0,[]
47,"[0,1,2,3,5]",IFzvvn{Aw,IiO~vy}Nw,2,4,4,4,205,0,0,[]
48,"[4,5]",IFzvvn{{w,I]r|rs~^w,2,3,3,3,115,3,3,"[{""new_list"":[2],""family_states"":90,""deletion_rounds"":[12,2,4],""base_list_coloring_sat"":true,""augmented_x0_list_coloring_sat"":false,""augmentation_sensitive"":true},{""new_list"":[0,2],""family_states"":96,""deletion_rounds"":[8,1,4],""base_list_coloring_sat"":true,""augmented_x0_list_coloring_sat"":false,""augmentation_sensitive"":true},{""new_list"":[1,2],""family_states"":91,""deletion_rounds"":[12,2,4],""base_list_coloring_sat"":true,""augmented_x0_list_coloring_sat"":false,""augmentation_sensitive"":true}]"
49,"[0,4,5]",IFzvvn{[w,Iamv^x}^w,2,3,3,3,113,2,2,"[{""new_list"":[2],""family_states"":83,""deletion_rounds"":[15,6,3],""base_list_coloring_sat"":true,""augmented_x0_list_coloring_sat"":false,""augmentation_sensitive"":true},{""new_list"":[1,2],""family_states"":91,""deletion_rounds"":[11,2,4],""base_list_coloring_sat"":true,""augmented_x0_list_coloring_sat"":false,""augmentation_sensitive"":true}]"
50,"[1,4,5]",IFzvvn{kw,Iamv^x}^w,2,3,3,3,113,2,2,"[{""new_list"":[2],""family_states"":83,""deletion_rounds"":[15,6,3],""base_list_coloring_sat"":true,""augmented_x0_list_coloring_sat"":false,""augmentation_sensitive"":true},{""new_list"":[0,2],""family_states"":96,""deletion_rounds"":[7,1,4],""base_list_coloring_sat"":true,""augmented_x0_list_coloring_sat"":false,""augmentation_sensitive"":true}]"
51,"[0,1,4,5]",IFzvvn{Kw,IINNny}nw,2,3,3,3,99,1,1,"[{""new_list"":[2],""family_states"":83,""deletion_rounds"":[14,6,3],""base_list_coloring_sat"":true,""augmented_x0_list_coloring_sat"":false,""augmentation_sensitive"":true}]"
52,"[2,4,5]",IFzvvn{sw,Iamv^x}^w,2,3,3,3,113,0,0,[]
53,"[0,2,4,5]",IFzvvn{Sw,IINNny}nw,2,3,3,3,99,0,0,[]
54,"[1,2,4,5]",IFzvvn{cw,IINNny}nw,2,3,3,3,99,0,0,[]
55,"[0,1,2,4,5]",IFzvvn{Cw,IIO~vy}nw,2,4,4,4,204,0,0,[]
56,"[3,4,5]",IFzvvn{ww,ID~vf\^^g,2,3,3,3,109,0,0,[]
57,"[0,3,4,5]",IFzvvn{Ww,IBM~^Z^}o,2,3,3,3,106,0,0,[]
58,"[1,3,4,5]",IFzvvn{gw,IBM~^Z^}o,2,3,3,3,106,0,0,[]
59,"[0,1,3,4,5]",IFzvvn{Gw,IINN~g~nW,2,3,3,3,91,0,0,[]
60,"[2,3,4,5]",IFzvvn{ow,IBM~^Z^}o,2,3,3,3,106,0,0,[]
61,"[0,2,3,4,5]",IFzvvn{Ow,IINN~g~nW,2,3,3,3,91,0,0,[]
62,"[1,2,3,4,5]",IFzvvn{_w,IINN~g~nW,2,3,3,3,91,0,0,[]
63,"[0,1,2,3,4,5]",IFzvvn{?w,IIO~~q|Nw,2,4,4,4,194,0,0,[]
64,[6],IFzvvn{~W,IdZ~vq~^w,2,3,3,3,118,4,4,"[{""new_list"":[0,1],""family_states"":86,""deletion_rounds"":[14,4,7,1],""base_list_coloring_sat"":true,""augmented_x0_list_coloring_sat"":false,""augmentation_sensitive"":true},{""new_list"":[2],""family_states"":92,""deletion_rounds"":[12,2,5],""base_list_coloring_sat"":true,""augmented_x0_list_coloring_sat"":false,""augmentation_sensitive"":true},{""new_list"":[0,2],""family_states"":98,""deletion_rounds"":[8,1,5],""base_list_coloring_sat"":true,""augmented_x0_list_coloring_sat"":false,""augmentation_sensitive"":true},{""new_list"":[1,2],""family_states"":93,""deletion_rounds"":[12,2,5],""base_list_coloring_sat"":true,""augmented_x0_list_coloring_sat"":false,""augmentation_sensitive"":true}]"
65,"[0,6]",IFzvvn{^W,Izmpy~Nvw,2,3,3,3,117,2,2,"[{""new_list"":[2],""family_states"":87,""deletion_rounds"":[16,3,5],""base_list_coloring_sat"":true,""augmented_x0_list_coloring_sat"":false,""augmentation_sensitive"":true},{""new_list"":[1,2],""family_states"":93,""deletion_rounds"":[12,2,5],""base_list_coloring_sat"":true,""augmented_x0_list_coloring_sat"":false,""augmentation_sensitive"":true}]"
66,"[1,6]",IFzvvn{nW,Izmpy~Nvw,2,3,3,3,117,2,2,"[{""new_list"":[2],""family_states"":87,""deletion_rounds"":[16,3,5],""base_list_coloring_sat"":true,""augmented_x0_list_coloring_sat"":false,""augmentation_sensitive"":true},{""new_list"":[0,2],""family_states"":98,""deletion_rounds"":[8,1,5],""base_list_coloring_sat"":true,""augmented_x0_list_coloring_sat"":false,""augmentation_sensitive"":true}]"
67,"[0,1,6]",IFzvvn{NW,IW{}~jV|w,2,3,3,3,108,1,1,"[{""new_list"":[2],""family_states"":87,""deletion_rounds"":[16,3,5],""base_list_coloring_sat"":true,""augmented_x0_list_coloring_sat"":false,""augmentation_sensitive"":true}]"
68,"[2,6]",IFzvvn{vW,Izmpy~Nvw,2,3,3,3,117,1,1,"[{""new_list"":[0,1],""family_states"":86,""deletion_rounds"":[14,4,7,1],""base_list_coloring_sat"":true,""augmented_x0_list_coloring_sat"":false,""augmentation_sensitive"":true}]"
69,"[0,2,6]",IFzvvn{VW,IW{}~jV|w,2,3,3,3,108,0,0,[]
70,"[1,2,6]",IFzvvn{fW,IW{}~jV|w,2,3,3,3,108,0,0,[]
71,"[0,1,2,6]",IFzvvn{FW,I?^~nfx}w,2,4,4,4,209,0,0,[]
72,"[3,6]",IFzvvn{zW,Idlr^~}~_,2,3,3,3,118,4,4,"[{""new_list"":[0,1],""family_states"":86,""deletion_rounds"":[14,4,7,1],""base_list_coloring_sat"":true,""augmented_x0_list_coloring_sat"":false,""augmentation_sensitive"":true},{""new_list"":[2],""family_states"":92,""deletion_rounds"":[12,2,5],""base_list_coloring_sat"":true,""augmented_x0_list_coloring_sat"":false,""augmentation_sensitive"":true},{""new_list"":[0,2],""family_states"":98,""deletion_rounds"":[8,1,5],""base_list_coloring_sat"":true,""augmented_x0_list_coloring_sat"":false,""augmentation_sensitive"":true},{""new_list"":[1,2],""family_states"":93,""deletion_rounds"":[12,2,5],""base_list_coloring_sat"":true,""augmented_x0_list_coloring_sat"":false,""augmentation_sensitive"":true}]"
73,"[0,3,6]",IFzvvn{ZW,INZL|z^zo,2,3,3,3,116,2,2,"[{""new_list"":[2],""family_states"":85,""deletion_rounds"":[16,3,5,1],""base_list_coloring_sat"":true,""augmented_x0_list_coloring_sat"":false,""augmentation_sensitive"":true},{""new_list"":[1,2],""family_states"":91,""deletion_rounds"":[12,2,5,1],""base_list_coloring_sat"":true,""augmented_x0_list_coloring_sat"":false,""augmentation_sensitive"":true}]"
74,"[1,3,6]",IFzvvn{jW,INZL|z^zo,2,3,3,3,116,2,2,"[{""new_list"":[2],""family_states"":85,""deletion_rounds"":[16,3,5,1],""base_list_coloring_sat"":true,""augmented_x0_list_coloring_sat"":false,""augmentation_sensitive"":true},{""new_list"":[0,2],""family_states"":96,""deletion_rounds"":[8,1,5,1],""base_list_coloring_sat"":true,""augmented_x0_list_coloring_sat"":false,""augmentation_sensitive"":true}]"
75,"[0,1,3,6]",IFzvvn{JW,Ii^Nlm|Nw,2,3,3,3,105,0,0,[]
76,"[2,3,6]",IFzvvn{rW,INZL|z^zo,2,3,3,3,116,1,1,"[{""new_list"":[0,1],""family_states"":84,""deletion_rounds"":[14,4,7,2],""base_list_coloring_sat"":true,""augmented_x0_list_coloring_sat"":false,""augmentation_sensitive"":true}]"
77,"[0,2,3,6]",IFzvvn{RW,Ii^Nlm|Nw,2,3,3,3,105,0,0,[]
78,"[1,2,3,6]",IFzvvn{bW,Ii^Nlm|Nw,2,3,3,3,105,0,0,[]
79,"[0,1,2,3,6]",IFzvvn{BW,IiP~tu|Nw,2,4,4,4,205,0,0,[]
80,"[4,6]",IFzvvn{|W,I}qzp{~^w,2,3,3,3,115,2,2,"[{""new_list"":[0,1],""family_states"":86,""deletion_rounds"":[14,4,5],""base_list_coloring_sat"":true,""augmented_x0_list_coloring_sat"":false,""augmentation_sensitive"":true},{""new_list"":[0,2],""family_states"":95,""deletion_rounds"":[8,1,5],""base_list_coloring_sat"":true,""augmented_x0_list_coloring_sat"":false,""augmentation_sensitive"":true}]"
81,"[0,4,6]",IFzvvn{\W,Iwn]p|v^w,2,3,3,3,113,0,0,[]
82,"[1,4,6]",IFzvvn{lW,Iwn]p|v^w,2,3,3,3,113,1,1,"[{""new_list"":[0,2],""family_states"":95,""deletion_rounds"":[7,1,5],""base_list_coloring_sat"":true,""augmented_x0_list_coloring_sat"":false,""augmentation_sensitive"":true}]"
83,"[0,1,4,6]",IFzvvn{LW,II^Nlm|nw,2,3,3,3,99,0,0,[]
84,"[2,4,6]",IFzvvn{tW,Iwn]p|v^w,2,3,3,3,113,1,1,"[{""new_list"":[0,1],""family_states"":86,""deletion_rounds"":[14,4,4],""base_list_coloring_sat"":true,""augmented_x0_list_coloring_sat"":false,""augmentation_sensitive"":true}]"
85,"[0,2,4,6]",IFzvvn{TW,II^Nlm|nw,2,3,3,3,99,0,0,[]
86,"[1,2,4,6]",IFzvvn{dW,II^Nlm|nw,2,3,3,3,99,0,0,[]
87,"[0,1,2,4,6]",IFzvvn{DW,IIP~tu|nw,2,4,4,4,204,0,0,[]
88,"[3,4,6]",IFzvvn{xW,Ifzdzw~Vw,2,3,3,3,114,2,2,"[{""new_list"":[0,1],""family_states"":86,""deletion_rounds"":[14,4,4],""base_list_coloring_sat"":true,""augmented_x0_list_coloring_sat"":false,""augmentation_sensitive"":true},{""new_list"":[0,2],""family_states"":95,""deletion_rounds"":[8,1,4],""base_list_coloring_sat"":true,""augmented_x0_list_coloring_sat"":false,""augmentation_sensitive"":true}]"
89,"[0,3,4,6]",IFzvvn{XW,IJMl}~]zW,2,3,3,3,110,0,0,[]
90,"[1,3,4,6]",IFzvvn{hW,IJMl}~]zW,2,3,3,3,110,1,1,"[{""new_list"":[0,2],""family_states"":93,""deletion_rounds"":[7,1,4],""base_list_coloring_sat"":true,""augmented_x0_list_coloring_sat"":false,""augmentation_sensitive"":true}]"
91,"[0,1,3,4,6]",IFzvvn{HW,II^Nlk~nW,2,3,3,3,93,0,0,[]
92,"[2,3,4,6]",IFzvvn{pW,IJMl}~]zW,2,3,3,3,110,1,1,"[{""new_list"":[0,1],""family_states"":84,""deletion_rounds"":[14,4,3],""base_list_coloring_sat"":true,""augmented_x0_list_coloring_sat"":false,""augmentation_sensitive"":true}]"
93,"[0,2,3,4,6]",IFzvvn{PW,II^Nlk~nW,2,3,3,3,93,0,0,[]
94,"[1,2,3,4,6]",IFzvvn{`W,II^Nlk~nW,2,3,3,3,93,0,0,[]
95,"[0,1,2,3,4,6]",IFzvvn{@W,IIP~ts~nW,2,4,4,4,194,0,0,[]
96,"[5,6]",IFzvvn{}W,IVz`z~]vw,2,3,3,3,117,3,3,"[{""new_list"":[2],""family_states"":92,""deletion_rounds"":[12,2,4],""base_list_coloring_sat"":true,""augmented_x0_list_coloring_sat"":false,""augmentation_sensitive"":true},{""new_list"":[0,2],""family_states"":98,""deletion_rounds"":[8,1,4],""base_list_coloring_sat"":true,""augmented_x0_list_coloring_sat"":false,""augmentation_sensitive"":true},{""new_list"":[1,2],""family_states"":93,""deletion_rounds"":[12,2,4],""base_list_coloring_sat"":true,""augmented_x0_list_coloring_sat"":false,""augmentation_sensitive"":true}]"
97,"[0,5,6]",IFzvvn{]W,ISxzu~u|w,2,3,3,3,115,2,2,"[{""new_list"":[2],""family_states"":87,""deletion_rounds"":[15,4,3],""base_list_coloring_sat"":true,""augmented_x0_list_coloring_sat"":false,""augmentation_sensitive"":true},{""new_list"":[1,2],""family_states"":93,""deletion_rounds"":[11,2,4],""base_list_coloring_sat"":true,""augmented_x0_list_coloring_sat"":false,""augmentation_sensitive"":true}]"
98,"[1,5,6]",IFzvvn{mW,ISxzu~u|w,2,3,3,3,115,2,2,"[{""new_list"":[2],""family_states"":87,""deletion_rounds"":[15,4,3],""base_list_coloring_sat"":true,""augmented_x0_list_coloring_sat"":false,""augmentation_sensitive"":true},{""new_list"":[0,2],""family_states"":98,""deletion_rounds"":[7,1,4],""base_list_coloring_sat"":true,""augmented_x0_list_coloring_sat"":false,""augmentation_sensitive"":true}]"
99,"[0,1,5,6]",IFzvvn{MW,IBZs~^y}w,2,3,3,3,103,1,1,"[{""new_list"":[2],""family_states"":87,""deletion_rounds"":[14,4,3],""base_list_coloring_sat"":true,""augmented_x0_list_coloring_sat"":false,""augmentation_sensitive"":true}]"
100,"[2,5,6]",IFzvvn{uW,ISxzu~u|w,2,3,3,3,115,0,0,[]
101,"[0,2,5,6]",IFzvvn{UW,IBZs~^y}w,2,3,3,3,103,0,0,[]
102,"[1,2,5,6]",IFzvvn{eW,IBZs~^y}w,2,3,3,3,103,0,0,[]
103,"[0,1,2,5,6]",IFzvvn{EW,I?\vvn{~W,2,4,4,4,205,0,0,[]
104,"[3,5,6]",IFzvvn{yW,IBq~V~}~_,2,3,3,3,116,0,0,[]
105,"[0,3,5,6]",IFzvvn{YW,IjJ]v]}Nw,2,3,3,3,112,0,0,[]
106,"[1,3,5,6]",IFzvvn{iW,IjJ]v]}Nw,2,3,3,3,112,0,0,[]
107,"[0,1,3,5,6]",IFzvvn{IW,Ii[u^m}Nw,2,3,3,3,97,0,0,[]
108,"[2,3,5,6]",IFzvvn{qW,IjJ]v]}Nw,2,3,3,3,112,0,0,[]
109,"[0,2,3,5,6]",IFzvvn{QW,Ii[u^m}Nw,2,3,3,3,97,0,0,[]
110,"[1,2,3,5,6]",IFzvvn{aW,Ii[u^m}Nw,2,3,3,3,97,0,0,[]
111,"[0,1,2,3,5,6]",IFzvvn{AW,IiPxvu}Nw,2,4,4,4,195,0,0,[]
112,"[4,5,6]",IFzvvn{{W,I_~vd|}^w,2,3,3,3,102,0,0,[]
113,"[0,4,5,6]",IFzvvn{[W,IJJ]v]}nw,2,3,3,3,99,0,0,[]
114,"[1,4,5,6]",IFzvvn{kW,IJJ]v]}nw,2,3,3,3,99,0,0,[]
115,"[0,1,4,5,6]",IFzvvn{KW,II[u^m}nw,2,3,3,3,81,0,0,[]
116,"[2,4,5,6]",IFzvvn{sW,IJJ]v]}nw,2,3,3,3,99,0,0,[]
117,"[0,2,4,5,6]",IFzvvn{SW,II[u^m}nw,2,3,3,3,81,0,0,[]
118,"[1,2,4,5,6]",IFzvvn{cW,II[u^m}nw,2,3,3,3,81,0,0,[]
119,"[0,1,2,4,5,6]",IFzvvn{CW,IIPxvu}nw,2,4,4,4,194,0,0,[]
120,"[3,4,5,6]",IFzvvn{wW,IAM~~z{yw,2,3,3,3,97,0,0,[]
121,"[0,3,4,5,6]",IFzvvn{WW,IJJ]v[~ng,2,3,3,3,92,0,0,[]
122,"[1,3,4,5,6]",IFzvvn{gW,IJJ]v[~ng,2,3,3,3,92,0,0,[]
123,"[0,1,3,4,5,6]",IFzvvn{GW,II[u^k~ng,2,3,3,3,72,0,0,[]
124,"[2,3,4,5,6]",IFzvvn{oW,IJJ]v[~ng,2,3,3,3,92,0,0,[]
125,"[0,2,3,4,5,6]",IFzvvn{OW,II[u^k~ng,2,3,3,3,72,0,0,[]
126,"[1,2,3,4,5,6]",IFzvvn{_W,II[u^k~ng,2,3,3,3,72,0,0,[]
127,"[0,1,2,3,4,5,6]",IFzvvn{?W,IIPxvs~ng,2,4,4,4,174,0,0,[]
128,[7],IFzvvn{~g,IRr~vq~^w,2,3,3,3,118,4,4,"[{""new_list"":[0],""family_states"":88,""deletion_rounds"":[14,4,4,1],""base_list_coloring_sat"":true,""augmented_x0_list_coloring_sat"":false,""augmentation_sensitive"":true},{""new_list"":[0,1],""family_states"":89,""deletion_rounds"":[14,4,4,1],""base_list_coloring_sat"":true,""augmented_x0_list_coloring_sat"":false,""augmentation_sensitive"":true},{""new_list"":[0,2],""family_states"":97,""deletion_rounds"":[8,1,5,1],""base_list_coloring_sat"":true,""augmented_x0_list_coloring_sat"":false,""augmentation_sensitive"":true},{""new_list"":[1,2],""family_states"":89,""deletion_rounds"":[12,2,9],""base_list_coloring_sat"":true,""augmented_x0_list_coloring_sat"":false,""augmentation_sensitive"":true}]"
129,"[0,7]",IFzvvn{^g,IrW|~z]vw,2,3,3,3,117,1,1,"[{""new_list"":[1,2],""family_states"":89,""deletion_rounds"":[12,2,9],""base_list_coloring_sat"":true,""augmented_x0_list_coloring_sat"":false,""augmentation_sensitive"":true}]"
130,"[1,7]",IFzvvn{ng,IrW|~z]vw,2,3,3,3,117,2,2,"[{""new_list"":[0],""family_states"":83,""deletion_rounds"":[17,5,4,2],""base_list_coloring_sat"":true,""augmented_x0_list_coloring_sat"":false,""augmentation_sensitive"":true},{""new_list"":[0,2],""family_states"":97,""deletion_rounds"":[8,1,5,1],""base_list_coloring_sat"":true,""augmented_x0_list_coloring_sat"":false,""augmentation_sensitive"":true}]"
131,"[0,1,7]",IFzvvn{Ng,IEw~^zu|w,2,3,3,3,108,0,0,[]
132,"[2,7]",IFzvvn{vg,IrW|~z]vw,2,3,3,3,117,2,2,"[{""new_list"":[0],""family_states"":83,""deletion_rounds"":[17,5,4,2],""base_list_coloring_sat"":true,""augmented_x0_list_coloring_sat"":false,""augmentation_sensitive"":true},{""new_list"":[0,1],""family_states"":89,""deletion_rounds"":[14,4,4,1],""base_list_coloring_sat"":true,""augmented_x0_list_coloring_sat"":false,""augmentation_sensitive"":true}]"
133,"[0,2,7]",IFzvvn{Vg,IEw~^zu|w,2,3,3,3,108,0,0,[]
134,"[1,2,7]",IFzvvn{fg,IEw~^zu|w,2,3,3,3,108,1,1,"[{""new_list"":[0],""family_states"":83,""deletion_rounds"":[17,5,4,2],""base_list_coloring_sat"":true,""augmented_x0_list_coloring_sat"":false,""augmentation_sensitive"":true}]"
135,"[0,1,2,7]",IFzvvn{Fg,I?^vnzy}w,2,4,4,4,209,0,0,[]
136,"[3,7]",IFzvvn{zg,IRlv~z{rw,2,3,3,3,118,4,4,"[{""new_list"":[0],""family_states"":88,""deletion_rounds"":[14,4,4,1],""base_list_coloring_sat"":true,""augmented_x0_list_coloring_sat"":false,""augmentation_sensitive"":true},{""new_list"":[0,1],""family_states"":89,""deletion_rounds"":[14,4,4,1],""base_list_coloring_sat"":true,""augmented_x0_list_coloring_sat"":false,""augmentation_sensitive"":true},{""new_list"":[0,2],""family_states"":97,""deletion_rounds"":[8,1,5,1],""base_list_coloring_sat"":true,""augmented_x0_list_coloring_sat"":false,""augmentation_sensitive"":true},{""new_list"":[1,2],""family_states"":89,""deletion_rounds"":[12,2,9],""base_list_coloring_sat"":true,""augmented_x0_list_coloring_sat"":false,""augmentation_sensitive"":true}]"
137,"[0,3,7]",IFzvvn{Zg,ILZ]v]~~_,2,3,3,3,116,1,1,"[{""new_list"":[1,2],""family_states"":88,""deletion_rounds"":[12,2,9],""base_list_coloring_sat"":true,""augmented_x0_list_coloring_sat"":false,""augmentation_sensitive"":true}]"
138,"[1,3,7]",IFzvvn{jg,ILZ]v]~~_,2,3,3,3,116,2,2,"[{""new_list"":[0],""family_states"":82,""deletion_rounds"":[17,5,4,2],""base_list_coloring_sat"":true,""augmented_x0_list_coloring_sat"":false,""augmentation_sensitive"":true},{""new_list"":[0,2],""family_states"":96,""deletion_rounds"":[8,1,5,1],""base_list_coloring_sat"":true,""augmented_x0_list_coloring_sat"":false,""augmentation_sensitive"":true}]"
139,"[0,1,3,7]",IFzvvn{Jg,IiNNny}Nw,2,3,3,3,105,0,0,[]
140,"[2,3,7]",IFzvvn{rg,ILZ]v]~~_,2,3,3,3,116,2,2,"[{""new_list"":[0],""family_states"":82,""deletion_rounds"":[17,5,4,2],""base_list_coloring_sat"":true,""augmented_x0_list_coloring_sat"":false,""augmentation_sensitive"":true},{""new_list"":[0,1],""family_states"":88,""deletion_rounds"":[14,4,4,1],""base_list_coloring_sat"":true,""augmented_x0_list_coloring_sat"":false,""augmentation_sensitive"":true}]"
141,"[0,2,3,7]",IFzvvn{Rg,IiNNny}Nw,2,3,3,3,105,0,0,[]
142,"[1,2,3,7]",IFzvvn{bg,IiNNny}Nw,2,3,3,3,105,0,0,[]
143,"[0,1,2,3,7]",IFzvvn{Bg,IiO~vy}Nw,2,4,4,4,205,0,0,[]
144,"[4,7]",IFzvvn{|g,I]r|rs~^w,2,3,3,3,115,1,1,"[{""new_list"":[0,2],""family_states"":94,""deletion_rounds"":[8,1,5,1],""base_list_coloring_sat"":true,""augmented_x0_list_coloring_sat"":false,""augmentation_sensitive"":true}]"
145,"[0,4,7]",IFzvvn{\g,Iamv^x}^w,2,3,3,3,113,0,0,[]
146,"[1,4,7]",IFzvvn{lg,Iamv^x}^w,2,3,3,3,113,1,1,"[{""new_list"":[0,2],""family_states"":92,""deletion_rounds"":[8,1,5,2],""base_list_coloring_sat"":true,""augmented_x0_list_coloring_sat"":false,""augmentation_sensitive"":true}]"
147,"[0,1,4,7]",IFzvvn{Lg,IINNny}nw,2,3,3,3,99,0,0,[]
148,"[2,4,7]",IFzvvn{tg,Iamv^x}^w,2,3,3,3,113,0,0,[]
149,"[0,2,4,7]",IFzvvn{Tg,IINNny}nw,2,3,3,3,99,0,0,[]
150,"[1,2,4,7]",IFzvvn{dg,IINNny}nw,2,3,3,3,99,0,0,[]
151,"[0,1,2,4,7]",IFzvvn{Dg,IIO~vy}nw,2,4,4,4,204,0,0,[]
152,"[3,4,7]",IFzvvn{xg,ID~vf\^^g,2,3,3,3,109,0,0,[]
153,"[0,3,4,7]",IFzvvn{Xg,IBM~^Z^}o,2,3,3,3,106,0,0,[]
154,"[1,3,4,7]",IFzvvn{hg,IBM~^Z^}o,2,3,3,3,106,0,0,[]
155,"[0,1,3,4,7]",IFzvvn{Hg,IINN~g~nW,2,3,3,3,91,0,0,[]
156,"[2,3,4,7]",IFzvvn{pg,IBM~^Z^}o,2,3,3,3,106,0,0,[]
157,"[0,2,3,4,7]",IFzvvn{Pg,IINN~g~nW,2,3,3,3,91,0,0,[]
158,"[1,2,3,4,7]",IFzvvn{`g,IINN~g~nW,2,3,3,3,91,0,0,[]
159,"[0,1,2,3,4,7]",IFzvvn{@g,IIO~~q|Nw,2,4,4,4,194,0,0,[]
160,"[5,7]",IFzvvn{}g,I`lv~z{vw,2,3,3,3,117,3,3,"[{""new_list"":[0,1],""family_states"":83,""deletion_rounds"":[14,3,11],""base_list_coloring_sat"":true,""augmented_x0_list_coloring_sat"":false,""augmentation_sensitive"":true},{""new_list"":[0,2],""family_states"":97,""deletion_rounds"":[8,1,4,1],""base_list_coloring_sat"":true,""augmented_x0_list_coloring_sat"":false,""augmentation_sensitive"":true},{""new_list"":[1,2],""family_states"":89,""deletion_rounds"":[12,2,8],""base_list_coloring_sat"":true,""augmented_x0_list_coloring_sat"":false,""augmentation_sensitive"":true}]"
161,"[0,5,7]",IFzvvn{]g,ITrmr|}|w,2,3,3,3,115,1,1,"[{""new_list"":[1,2],""family_states"":88,""deletion_rounds"":[12,2,8],""base_list_coloring_sat"":true,""augmented_x0_list_coloring_sat"":false,""augmentation_sensitive"":true}]"
162,"[1,5,7]",IFzvvn{mg,ITrmr|}|w,2,3,3,3,115,1,1,"[{""new_list"":[0,2],""family_states"":96,""deletion_rounds"":[8,1,4,1],""base_list_coloring_sat"":true,""augmented_x0_list_coloring_sat"":false,""augmentation_sensitive"":true}]"
163,"[0,1,5,7]",IFzvvn{Mg,IB^fnY^}w,2,3,3,3,103,0,0,[]
164,"[2,5,7]",IFzvvn{ug,ITrmr|}|w,2,3,3,3,115,1,1,"[{""new_list"":[0,1],""family_states"":82,""deletion_rounds"":[14,3,11],""base_list_coloring_sat"":true,""augmented_x0_list_coloring_sat"":false,""augmentation_sensitive"":true}]"
165,"[0,2,5,7]",IFzvvn{Ug,IB^fnY^}w,2,3,3,3,103,0,0,[]
166,"[1,2,5,7]",IFzvvn{eg,IB^fnY^}w,2,3,3,3,103,0,0,[]
167,"[0,1,2,5,7]",IFzvvn{Eg,I?\~fvu~W,2,4,4,4,205,0,0,[]
168,"[3,5,7]",IFzvvn{yg,I`qzv~}~_,2,3,3,3,117,3,3,"[{""new_list"":[0,1],""family_states"":83,""deletion_rounds"":[14,3,11],""base_list_coloring_sat"":true,""augmented_x0_list_coloring_sat"":false,""augmentation_sensitive"":true},{""new_list"":[0,2],""family_states"":97,""deletion_rounds"":[8,1,4,1],""base_list_coloring_sat"":true,""augmented_x0_list_coloring_sat"":false,""augmentation_sensitive"":true},{""new_list"":[1,2],""family_states"":89,""deletion_rounds"":[12,2,8],""base_list_coloring_sat"":true,""augmented_x0_list_coloring_sat"":false,""augmentation_sensitive"":true}]"
169,"[0,3,5,7]",IFzvvn{Yg,IhNvU~]Nw,2,3,3,3,113,1,1,"[{""new_list"":[1,2],""family_states"":86,""deletion_rounds"":[12,2,8],""base_list_coloring_sat"":true,""augmented_x0_list_coloring_sat"":false,""augmentation_sensitive"":true}]"
170,"[1,3,5,7]",IFzvvn{ig,IhNvU~]Nw,2,3,3,3,113,1,1,"[{""new_list"":[0,2],""family_states"":94,""deletion_rounds"":[8,1,4,1],""base_list_coloring_sat"":true,""augmented_x0_list_coloring_sat"":false,""augmentation_sensitive"":true}]"
171,"[0,1,3,5,7]",IFzvvn{Ig,IiK~vjNNw,2,3,3,3,98,0,0,[]
172,"[2,3,5,7]",IFzvvn{qg,IhNvU~]Nw,2,3,3,3,113,1,1,"[{""new_list"":[0,1],""family_states"":80,""deletion_rounds"":[14,3,11],""base_list_coloring_sat"":true,""augmented_x0_list_coloring_sat"":false,""augmentation_sensitive"":true}]"
173,"[0,2,3,5,7]",IFzvvn{Qg,IiK~vjNNw,2,3,3,3,98,0,0,[]
174,"[1,2,3,5,7]",IFzvvn{ag,IiK~vjNNw,2,3,3,3,98,0,0,[]
175,"[0,1,2,3,5,7]",IFzvvn{Ag,IiOx~zyNw,2,4,4,4,195,0,0,[]
176,"[4,5,7]",IFzvvn{{g,I@zV~z{^w,2,3,3,3,106,0,0,[]
177,"[0,4,5,7]",IFzvvn{[g,IHNvU~]nw,2,3,3,3,103,0,0,[]
178,"[1,4,5,7]",IFzvvn{kg,IHNvU~]nw,2,3,3,3,103,0,0,[]
179,"[0,1,4,5,7]",IFzvvn{Kg,IIK~vjNnw,2,3,3,3,86,0,0,[]
180,"[2,4,5,7]",IFzvvn{sg,IHNvU~]nw,2,3,3,3,103,0,0,[]
181,"[0,2,4,5,7]",IFzvvn{Sg,IIK~vjNnw,2,3,3,3,86,0,0,[]
182,"[1,2,4,5,7]",IFzvvn{cg,IIK~vjNnw,2,3,3,3,86,0,0,[]
183,"[0,1,2,4,5,7]",IFzvvn{Cg,IIOx~zynw,2,4,4,4,194,0,0,[]
184,"[3,4,5,7]",IFzvvn{wg,I@Nmv~}~_,2,3,3,3,94,0,0,[]
185,"[0,3,4,5,7]",IFzvvn{Wg,IHNvU~]Nw,2,3,3,3,90,0,0,[]
186,"[1,3,4,5,7]",IFzvvn{gg,IHNvU~]Nw,2,3,3,3,90,0,0,[]
187,"[0,1,3,4,5,7]",IFzvvn{Gg,IIK~vjNNw,2,3,3,3,73,0,0,[]
188,"[2,3,4,5,7]",IFzvvn{og,IHNvU~]Nw,2,3,3,3,90,0,0,[]
189,"[0,2,3,4,5,7]",IFzvvn{Og,IIK~vjNNw,2,3,3,3,73,0,0,[]
190,"[1,2,3,4,5,7]",IFzvvn{_g,IIK~vjNNw,2,3,3,3,73,0,0,[]
191,"[0,1,2,3,4,5,7]",IFzvvn{?g,IIOx~zyNw,2,4,4,4,172,0,0,[]
192,"[6,7]",IFzvvn{~G,Ivz`x|^vw,2,3,3,3,117,1,1,"[{""new_list"":[1,2],""family_states"":89,""deletion_rounds"":[12,2,8],""base_list_coloring_sat"":true,""augmented_x0_list_coloring_sat"":false,""augmentation_sensitive"":true}]"
193,"[0,6,7]",IFzvvn{^G,ITxzu^V|w,2,3,3,3,115,1,1,"[{""new_list"":[1,2],""family_states"":87,""deletion_rounds"":[12,2,8,1],""base_list_coloring_sat"":true,""augmented_x0_list_coloring_sat"":false,""augmentation_sensitive"":true}]"
194,"[1,6,7]",IFzvvn{nG,ITxzu^V|w,2,3,3,3,115,0,0,[]
195,"[0,1,6,7]",IFzvvn{NG,IB^s~Nj}w,2,3,3,3,103,0,0,[]
196,"[2,6,7]",IFzvvn{vG,ITxzu^V|w,2,3,3,3,115,0,0,[]
197,"[0,2,6,7]",IFzvvn{VG,IB^s~Nj}w,2,3,3,3,103,0,0,[]
198,"[1,2,6,7]",IFzvvn{fG,IB^s~Nj}w,2,3,3,3,103,0,0,[]
199,"[0,1,2,6,7]",IFzvvn{FG,I?\~vft~W,2,4,4,4,205,0,0,[]
200,"[3,6,7]",IFzvvn{zG,IRqi~~}~_,2,3,3,3,116,0,0,[]
201,"[0,3,6,7]",IFzvvn{ZG,IjN]vMnNw,2,3,3,3,112,0,0,[]
202,"[1,3,6,7]",IFzvvn{jG,IjN]vMnNw,2,3,3,3,112,0,0,[]
203,"[0,1,3,6,7]",IFzvvn{JG,Ii[}^evNw,2,3,3,3,97,0,0,[]
204,"[2,3,6,7]",IFzvvn{rG,IjN]vMnNw,2,3,3,3,112,0,0,[]
205,"[0,2,3,6,7]",IFzvvn{RG,Ii[}^evNw,2,3,3,3,97,0,0,[]
206,"[1,2,3,6,7]",IFzvvn{bG,Ii[}^evNw,2,3,3,3,97,0,0,[]
207,"[0,1,2,3,6,7]",IFzvvn{BG,IiPx~qzNw,2,4,4,4,195,0,0,[]
208,"[4,6,7]",IFzvvn{|G,Ig~vc{~^w,2,3,3,3,113,0,0,[]
209,"[0,4,6,7]",IFzvvn{\G,IJN]vMnnw,2,3,3,3,109,0,0,[]
210,"[1,4,6,7]",IFzvvn{lG,IJN]vMnnw,2,3,3,3,109,0,0,[]
211,"[0,1,4,6,7]",IFzvvn{LG,II[}^evnw,2,3,3,3,91,0,0,[]
212,"[2,4,6,7]",IFzvvn{tG,IJN]vMnnw,2,3,3,3,109,0,0,[]
213,"[0,2,4,6,7]",IFzvvn{TG,II[}^evnw,2,3,3,3,91,0,0,[]
214,"[1,2,4,6,7]",IFzvvn{dG,II[}^evnw,2,3,3,3,91,0,0,[]
215,"[0,1,2,4,6,7]",IFzvvn{DG,IIPx~qznw,2,4,4,4,194,0,0,[]
216,"[3,4,6,7]",IFzvvn{xG,IBMn~z{rw,2,3,3,3,106,0,0,[]
217,"[0,3,4,6,7]",IFzvvn{XG,IJN]vK~jw,2,3,3,3,100,0,0,[]
218,"[1,3,4,6,7]",IFzvvn{hG,IJN]vK~jw,2,3,3,3,100,0,0,[]
219,"[0,1,3,4,6,7]",IFzvvn{HG,II[}^c~lw,2,3,3,3,80,0,0,[]
220,"[2,3,4,6,7]",IFzvvn{pG,IJN]vK~jw,2,3,3,3,100,0,0,[]
221,"[0,2,3,4,6,7]",IFzvvn{PG,II[}^c~lw,2,3,3,3,80,0,0,[]
222,"[1,2,3,4,6,7]",IFzvvn{`G,II[}^c~lw,2,3,3,3,80,0,0,[]
223,"[0,1,2,3,4,6,7]",IFzvvn{@G,IIPx~o~mw,2,4,4,4,174,0,0,[]
224,"[5,6,7]",IFzvvn{}G,IPr~vp^|w,2,3,3,3,115,0,0,[]
225,"[0,5,6,7]",IFzvvn{]G,IJVd|zN}w,2,3,3,3,111,0,0,[]
226,"[1,5,6,7]",IFzvvn{mG,IJVd|zN}w,2,3,3,3,111,0,0,[]
227,"[0,1,5,6,7]",IFzvvn{MG,IB\nc~f~W,2,3,3,3,95,0,0,[]
228,"[2,5,6,7]",IFzvvn{uG,IJVd|zN}w,2,3,3,3,111,0,0,[]
229,"[0,2,5,6,7]",IFzvvn{UG,IB\nc~f~W,2,3,3,3,95,0,0,[]
230,"[1,2,5,6,7]",IFzvvn{eG,IB\nc~f~W,2,3,3,3,95,0,0,[]
231,"[0,1,2,5,6,7]",IFzvvn{EG,I?\r~rt~g,2,4,4,4,195,0,0,[]
232,"[3,5,6,7]",IFzvvn{yG,IhF~vrNNw,2,3,3,3,113,0,0,[]
233,"[0,3,5,6,7]",IFzvvn{YG,IjC}v^mNw,2,3,3,3,106,0,0,[]
234,"[1,3,5,6,7]",IFzvvn{iG,IjC}v^mNw,2,3,3,3,106,0,0,[]
235,"[0,1,3,5,6,7]",IFzvvn{IG,IjWw}vfNw,2,3,3,3,86,0,0,[]
236,"[2,3,5,6,7]",IFzvvn{qG,IjC}v^mNw,2,3,3,3,106,0,0,[]
237,"[0,2,3,5,6,7]",IFzvvn{QG,IjWw}vfNw,2,3,3,3,86,0,0,[]
238,"[1,2,3,5,6,7]",IFzvvn{aG,IjWw}vfNw,2,3,3,3,86,0,0,[]
239,"[0,1,2,3,5,6,7]",IFzvvn{AG,IjX`w~\Nw,2,4,4,4,175,0,0,[]
240,"[4,5,6,7]",IFzvvn{{G,IHF~vrNnw,2,3,3,3,92,0,0,[]
241,"[0,4,5,6,7]",IFzvvn{[G,IJC}v^mnw,2,3,3,3,86,0,0,[]
242,"[1,4,5,6,7]",IFzvvn{kG,IJC}v^mnw,2,3,3,3,86,0,0,[]
243,"[0,1,4,5,6,7]",IFzvvn{KG,IJWw}vfnw,2,3,3,3,64,0,0,[]
244,"[2,4,5,6,7]",IFzvvn{sG,IJC}v^mnw,2,3,3,3,86,0,0,[]
245,"[0,2,4,5,6,7]",IFzvvn{SG,IJWw}vfnw,2,3,3,3,64,0,0,[]
246,"[1,2,4,5,6,7]",IFzvvn{cG,IJWw}vfnw,2,3,3,3,64,0,0,[]
247,"[0,1,2,4,5,6,7]",IFzvvn{CG,IJX`w~\nw,2,4,4,4,174,0,0,[]
248,"[3,4,5,6,7]",IFzvvn{wG,IHF~vrNNw,2,3,3,3,82,0,0,[]
249,"[0,3,4,5,6,7]",IFzvvn{WG,IJC}v^mNw,2,3,3,3,74,0,0,[]
250,"[1,3,4,5,6,7]",IFzvvn{gG,IJC}v^mNw,2,3,3,3,74,0,0,[]
251,"[0,1,3,4,5,6,7]",IFzvvn{GG,IJWw}vfNw,2,3,3,3,51,0,0,[]
252,"[2,3,4,5,6,7]",IFzvvn{oG,IJC}v^mNw,2,3,3,3,74,0,0,[]
253,"[0,2,3,4,5,6,7]",IFzvvn{OG,IJWw}vfNw,2,3,3,3,51,0,0,[]
254,"[1,2,3,4,5,6,7]",IFzvvn{_G,IJWw}vfNw,2,3,3,3,51,0,0,[]
255,"[0,1,2,3,4,5,6,7]",IFzvvn{?G,IJX`w~\Nw,2,4,4,4,138,0,0,[]
256,[8],IFzvvn{~o,IdZ~vq~^w,2,3,3,3,118,4,4,"[{""new_list"":[0],""family_states"":88,""deletion_rounds"":[14,4,4,1],""base_list_coloring_sat"":true,""augmented_x0_list_coloring_sat"":false,""augmentation_sensitive"":true},{""new_list"":[0,1],""family_states"":89,""deletion_rounds"":[14,4,4,1],""base_list_coloring_sat"":true,""augmented_x0_list_coloring_sat"":false,""augmentation_sensitive"":true},{""new_list"":[0,2],""family_states"":97,""deletion_rounds"":[8,1,5,1],""base_list_coloring_sat"":true,""augmented_x0_list_coloring_sat"":false,""augmentation_sensitive"":true},{""new_list"":[1,2],""family_states"":88,""deletion_rounds"":[12,2,9,1],""base_list_coloring_sat"":true,""augmented_x0_list_coloring_sat"":false,""augmentation_sensitive"":true}]"
257,"[0,8]",IFzvvn{^o,Izmpy~Nvw,2,3,3,3,117,1,1,"[{""new_list"":[1,2],""family_states"":88,""deletion_rounds"":[12,2,9,1],""base_list_coloring_sat"":true,""augmented_x0_list_coloring_sat"":false,""augmentation_sensitive"":true}]"
258,"[1,8]",IFzvvn{no,Izmpy~Nvw,2,3,3,3,117,2,2,"[{""new_list"":[0],""family_states"":83,""deletion_rounds"":[17,5,4,2],""base_list_coloring_sat"":true,""augmented_x0_list_coloring_sat"":false,""augmentation_sensitive"":true},{""new_list"":[0,2],""family_states"":97,""deletion_rounds"":[8,1,5,1],""base_list_coloring_sat"":true,""augmented_x0_list_coloring_sat"":false,""augmentation_sensitive"":true}]"
259,"[0,1,8]",IFzvvn{No,IW{}~jV|w,2,3,3,3,108,0,0,[]
260,"[2,8]",IFzvvn{vo,Izmpy~Nvw,2,3,3,3,117,2,2,"[{""new_list"":[0],""family_states"":83,""deletion_rounds"":[17,5,4,2],""base_list_coloring_sat"":true,""augmented_x0_list_coloring_sat"":false,""augmentation_sensitive"":true},{""new_list"":[0,1],""family_states"":89,""deletion_rounds"":[14,4,4,1],""base_list_coloring_sat"":true,""augmented_x0_list_coloring_sat"":false,""augmentation_sensitive"":true}]"
261,"[0,2,8]",IFzvvn{Vo,IW{}~jV|w,2,3,3,3,108,0,0,[]
262,"[1,2,8]",IFzvvn{fo,IW{}~jV|w,2,3,3,3,108,1,1,"[{""new_list"":[0],""family_states"":83,""deletion_rounds"":[17,5,4,2],""base_list_coloring_sat"":true,""augmented_x0_list_coloring_sat"":false,""augmentation_sensitive"":true}]"
263,"[0,1,2,8]",IFzvvn{Fo,I?^~nfx}w,2,4,4,4,209,0,0,[]
264,"[3,8]",IFzvvn{zo,Idlr^~}~_,2,3,3,3,118,4,4,"[{""new_list"":[0],""family_states"":88,""deletion_rounds"":[14,4,4,1],""base_list_coloring_sat"":true,""augmented_x0_list_coloring_sat"":false,""augmentation_sensitive"":true},{""new_list"":[0,1],""family_states"":89,""deletion_rounds"":[14,4,4,1],""base_list_coloring_sat"":true,""augmented_x0_list_coloring_sat"":false,""augmentation_sensitive"":true},{""new_list"":[0,2],""family_states"":97,""deletion_rounds"":[8,1,5,1],""base_list_coloring_sat"":true,""augmented_x0_list_coloring_sat"":false,""augmentation_sensitive"":true},{""new_list"":[1,2],""family_states"":88,""deletion_rounds"":[12,2,9,1],""base_list_coloring_sat"":true,""augmented_x0_list_coloring_sat"":false,""augmentation_sensitive"":true}]"
265,"[0,3,8]",IFzvvn{Zo,INZL|z^zo,2,3,3,3,116,1,1,"[{""new_list"":[1,2],""family_states"":87,""deletion_rounds"":[12,2,9,1],""base_list_coloring_sat"":true,""augmented_x0_list_coloring_sat"":false,""augmentation_sensitive"":true}]"
266,"[1,3,8]",IFzvvn{jo,INZL|z^zo,2,3,3,3,116,2,2,"[{""new_list"":[0],""family_states"":82,""deletion_rounds"":[17,5,4,2],""base_list_coloring_sat"":true,""augmented_x0_list_coloring_sat"":false,""augmentation_sensitive"":true},{""new_list"":[0,2],""family_states"":96,""deletion_rounds"":[8,1,5,1],""base_list_coloring_sat"":true,""augmented_x0_list_coloring_sat"":false,""augmentation_sensitive"":true}]"
267,"[0,1,3,8]",IFzvvn{Jo,Ii^Nlm|Nw,2,3,3,3,105,0,0,[]
268,"[2,3,8]",IFzvvn{ro,INZL|z^zo,2,3,3,3,116,2,2,"[{""new_list"":[0],""family_states"":82,""deletion_rounds"":[17,5,4,2],""base_list_coloring_sat"":true,""augmented_x0_list_coloring_sat"":false,""augmentation_sensitive"":true},{""new_list"":[0,1],""family_states"":88,""deletion_rounds"":[14,4,4,1],""base_list_coloring_sat"":true,""augmented_x0_list_coloring_sat"":false,""augmentation_sensitive"":true}]"
269,"[0,2,3,8]",IFzvvn{Ro,Ii^Nlm|Nw,2,3,3,3,105,0,0,[]
270,"[1,2,3,8]",IFzvvn{bo,Ii^Nlm|Nw,2,3,3,3,105,0,0,[]
271,"[0,1,2,3,8]",IFzvvn{Bo,IiP~tu|Nw,2,4,4,4,205,0,0,[]
272,"[4,8]",IFzvvn{|o,I}qzp{~^w,2,3,3,3,115,1,1,"[{""new_list"":[1,2],""family_states"":88,""deletion_rounds"":[12,2,7],""base_list_coloring_sat"":true,""augmented_x0_list_coloring_sat"":false,""augmentation_sensitive"":true}]"
273,"[0,4,8]",IFzvvn{\o,Iwn]p|v^w,2,3,3,3,113,1,1,"[{""new_list"":[1,2],""family_states"":86,""deletion_rounds"":[12,2,7,1],""base_list_coloring_sat"":true,""augmented_x0_list_coloring_sat"":false,""augmentation_sensitive"":true}]"
274,"[1,4,8]",IFzvvn{lo,Iwn]p|v^w,2,3,3,3,113,0,0,[]
275,"[0,1,4,8]",IFzvvn{Lo,II^Nlm|nw,2,3,3,3,99,0,0,[]
276,"[2,4,8]",IFzvvn{to,Iwn]p|v^w,2,3,3,3,113,0,0,[]
277,"[0,2,4,8]",IFzvvn{To,II^Nlm|nw,2,3,3,3,99,0,0,[]
278,"[1,2,4,8]",IFzvvn{do,II^Nlm|nw,2,3,3,3,99,0,0,[]
279,"[0,1,2,4,8]",IFzvvn{Do,IIP~tu|nw,2,4,4,4,204,0,0,[]
280,"[3,4,8]",IFzvvn{xo,Ifzdzw~Vw,2,3,3,3,114,1,1,"[{""new_list"":[1,2],""family_states"":86,""deletion_rounds"":[12,2,7,1],""base_list_coloring_sat"":true,""augmented_x0_list_coloring_sat"":false,""augmentation_sensitive"":true}]"
281,"[0,3,4,8]",IFzvvn{Xo,IJMl}~]zW,2,3,3,3,110,1,1,"[{""new_list"":[1,2],""family_states"":81,""deletion_rounds"":[12,2,7,3],""base_list_coloring_sat"":true,""augmented_x0_list_coloring_sat"":false,""augmentation_sensitive"":true}]"
282,"[1,3,4,8]",IFzvvn{ho,IJMl}~]zW,2,3,3,3,110,0,0,[]
283,"[0,1,3,4,8]",IFzvvn{Ho,II^Nlk~nW,2,3,3,3,93,0,0,[]
284,"[2,3,4,8]",IFzvvn{po,IJMl}~]zW,2,3,3,3,110,0,0,[]
285,"[0,2,3,4,8]",IFzvvn{Po,II^Nlk~nW,2,3,3,3,93,0,0,[]
286,"[1,2,3,4,8]",IFzvvn{`o,II^Nlk~nW,2,3,3,3,93,0,0,[]
287,"[0,1,2,3,4,8]",IFzvvn{@o,IIP~ts~nW,2,4,4,4,194,0,0,[]
288,"[5,8]",IFzvvn{}o,Ivz`x|^vw,2,3,3,3,117,3,3,"[{""new_list"":[0,1],""family_states"":83,""deletion_rounds"":[14,3,11],""base_list_coloring_sat"":true,""augmented_x0_list_coloring_sat"":false,""augmentation_sensitive"":true},{""new_list"":[0,2],""family_states"":97,""deletion_rounds"":[8,1,4,1],""base_list_coloring_sat"":true,""augmented_x0_list_coloring_sat"":false,""augmentation_sensitive"":true},{""new_list"":[1,2],""family_states"":88,""deletion_rounds"":[12,2,8,1],""base_list_coloring_sat"":true,""augmented_x0_list_coloring_sat"":false,""augmentation_sensitive"":true}]"
289,"[0,5,8]",IFzvvn{]o,ITxzu^V|w,2,3,3,3,115,1,1,"[{""new_list"":[1,2],""family_states"":87,""deletion_rounds"":[12,2,8,1],""base_list_coloring_sat"":true,""augmented_x0_list_coloring_sat"":false,""augmentation_sensitive"":true}]"
290,"[1,5,8]",IFzvvn{mo,ITxzu^V|w,2,3,3,3,115,1,1,"[{""new_list"":[0,2],""family_states"":96,""deletion_rounds"":[8,1,4,1],""base_list_coloring_sat"":true,""augmented_x0_list_coloring_sat"":false,""augmentation_sensitive"":true}]"
291,"[0,1,5,8]",IFzvvn{Mo,IB^s~Nj}w,2,3,3,3,103,0,0,[]
292,"[2,5,8]",IFzvvn{uo,ITxzu^V|w,2,3,3,3,115,1,1,"[{""new_list"":[0,1],""family_states"":82,""deletion_rounds"":[14,3,11],""base_list_coloring_sat"":true,""augmented_x0_list_coloring_sat"":false,""augmentation_sensitive"":true}]"
293,"[0,2,5,8]",IFzvvn{Uo,IB^s~Nj}w,2,3,3,3,103,0,0,[]
294,"[1,2,5,8]",IFzvvn{eo,IB^s~Nj}w,2,3,3,3,103,0,0,[]
295,"[0,1,2,5,8]",IFzvvn{Eo,I?\~vft~W,2,4,4,4,205,0,0,[]
296,"[3,5,8]",IFzvvn{yo,IRqi~~}~_,2,3,3,3,116,2,2,"[{""new_list"":[0,1],""family_states"":82,""deletion_rounds"":[14,3,11],""base_list_coloring_sat"":true,""augmented_x0_list_coloring_sat"":false,""augmentation_sensitive"":true},{""new_list"":[0,2],""family_states"":96,""deletion_rounds"":[8,1,4,1],""base_list_coloring_sat"":true,""augmented_x0_list_coloring_sat"":false,""augmentation_sensitive"":true}]"
297,"[0,3,5,8]",IFzvvn{Yo,IjN]vMnNw,2,3,3,3,112,0,0,[]
298,"[1,3,5,8]",IFzvvn{io,IjN]vMnNw,2,3,3,3,112,1,1,"[{""new_list"":[0,2],""family_states"":93,""deletion_rounds"":[8,1,4,1],""base_list_coloring_sat"":true,""augmented_x0_list_coloring_sat"":false,""augmentation_sensitive"":true}]"
299,"[0,1,3,5,8]",IFzvvn{Io,Ii[}^evNw,2,3,3,3,97,0,0,[]
300,"[2,3,5,8]",IFzvvn{qo,IjN]vMnNw,2,3,3,3,112,1,1,"[{""new_list"":[0,1],""family_states"":79,""deletion_rounds"":[14,3,11],""base_list_coloring_sat"":true,""augmented_x0_list_coloring_sat"":false,""augmentation_sensitive"":true}]"
301,"[0,2,3,5,8]",IFzvvn{Qo,Ii[}^evNw,2,3,3,3,97,0,0,[]
302,"[1,2,3,5,8]",IFzvvn{ao,Ii[}^evNw,2,3,3,3,97,0,0,[]
303,"[0,1,2,3,5,8]",IFzvvn{Ao,IiPx~qzNw,2,4,4,4,195,0,0,[]
304,"[4,5,8]",IFzvvn{{o,Ig~vc{~^w,2,3,3,3,113,0,0,[]
305,"[0,4,5,8]",IFzvvn{[o,IJN]vMnnw,2,3,3,3,109,0,0,[]
306,"[1,4,5,8]",IFzvvn{ko,IJN]vMnnw,2,3,3,3,109,0,0,[]
307,"[0,1,4,5,8]",IFzvvn{Ko,II[}^evnw,2,3,3,3,91,0,0,[]
308,"[2,4,5,8]",IFzvvn{so,IJN]vMnnw,2,3,3,3,109,0,0,[]
309,"[0,2,4,5,8]",IFzvvn{So,II[}^evnw,2,3,3,3,91,0,0,[]
310,"[1,2,4,5,8]",IFzvvn{co,II[}^evnw,2,3,3,3,91,0,0,[]
311,"[0,1,2,4,5,8]",IFzvvn{Co,IIPx~qznw,2,4,4,4,194,0,0,[]
312,"[3,4,5,8]",IFzvvn{wo,IBMn~z{rw,2,3,3,3,106,0,0,[]
313,"[0,3,4,5,8]",IFzvvn{Wo,IJN]vK~jw,2,3,3,3,100,0,0,[]
314,"[1,3,4,5,8]",IFzvvn{go,IJN]vK~jw,2,3,3,3,100,0,0,[]
315,"[0,1,3,4,5,8]",IFzvvn{Go,II[}^c~lw,2,3,3,3,80,0,0,[]
316,"[2,3,4,5,8]",IFzvvn{oo,IJN]vK~jw,2,3,3,3,100,0,0,[]
317,"[0,2,3,4,5,8]",IFzvvn{Oo,II[}^c~lw,2,3,3,3,80,0,0,[]
318,"[1,2,3,4,5,8]",IFzvvn{_o,II[}^c~lw,2,3,3,3,80,0,0,[]
319,"[0,1,2,3,4,5,8]",IFzvvn{?o,IIPx~o~mw,2,4,4,4,174,0,0,[]
320,"[6,8]",IFzvvn{~O,IX~vc|^vw,2,3,3,3,117,1,1,"[{""new_list"":[0,2],""family_states"":96,""deletion_rounds"":[8,1,5,1],""base_list_coloring_sat"":true,""augmented_x0_list_coloring_sat"":false,""augmentation_sensitive"":true}]"
321,"[0,6,8]",IFzvvn{^O,Io|zumv|w,2,3,3,3,115,0,0,[]
322,"[1,6,8]",IFzvvn{nO,Io|zumv|w,2,3,3,3,115,1,1,"[{""new_list"":[0,2],""family_states"":94,""deletion_rounds"":[8,1,5,2],""base_list_coloring_sat"":true,""augmented_x0_list_coloring_sat"":false,""augmentation_sensitive"":true}]"
323,"[0,1,6,8]",IFzvvn{NO,IBZ~Muz}w,2,3,3,3,103,0,0,[]
324,"[2,6,8]",IFzvvn{vO,Io|zumv|w,2,3,3,3,115,0,0,[]
325,"[0,2,6,8]",IFzvvn{VO,IBZ~Muz}w,2,3,3,3,103,0,0,[]
326,"[1,2,6,8]",IFzvvn{fO,IBZ~Muz}w,2,3,3,3,103,0,0,[]
327,"[0,1,2,6,8]",IFzvvn{FO,IBXf}y|~W,2,4,4,4,205,0,0,[]
328,"[3,6,8]",IFzvvn{zO,IFqj^~}~_,2,3,3,3,116,1,1,"[{""new_list"":[0,2],""family_states"":94,""deletion_rounds"":[8,1,5,2],""base_list_coloring_sat"":true,""augmented_x0_list_coloring_sat"":false,""augmentation_sensitive"":true}]"
329,"[0,3,6,8]",IFzvvn{ZO,Ii^vd]^Nw,2,3,3,3,112,0,0,[]
330,"[1,3,6,8]",IFzvvn{jO,Ii^vd]^Nw,2,3,3,3,112,1,1,"[{""new_list"":[0,2],""family_states"":89,""deletion_rounds"":[8,1,5,4],""base_list_coloring_sat"":true,""augmented_x0_list_coloring_sat"":false,""augmentation_sensitive"":true}]"
331,"[0,1,3,6,8]",IFzvvn{JO,Ii\vd]^Nw,2,3,3,3,97,0,0,[]
332,"[2,3,6,8]",IFzvvn{rO,Ii^vd]^Nw,2,3,3,3,112,0,0,[]
333,"[0,2,3,6,8]",IFzvvn{RO,Ii\vd]^Nw,2,3,3,3,97,0,0,[]
334,"[1,2,3,6,8]",IFzvvn{bO,Ii\vd]^Nw,2,3,3,3,97,0,0,[]
335,"[0,1,2,3,6,8]",IFzvvn{BO,Ii\rd]^Nw,2,4,4,4,195,0,0,[]
336,"[4,6,8]",IFzvvn{|O,Io~va{~^w,2,3,3,3,113,0,0,[]
337,"[0,4,6,8]",IFzvvn{\O,II^vd]^nw,2,3,3,3,109,0,0,[]
338,"[1,4,6,8]",IFzvvn{lO,II^vd]^nw,2,3,3,3,109,0,0,[]
339,"[0,1,4,6,8]",IFzvvn{LO,II\vd]^nw,2,3,3,3,91,0,0,[]
340,"[2,4,6,8]",IFzvvn{tO,II^vd]^nw,2,3,3,3,109,0,0,[]
341,"[0,2,4,6,8]",IFzvvn{TO,II\vd]^nw,2,3,3,3,91,0,0,[]
342,"[1,2,4,6,8]",IFzvvn{dO,II\vd]^nw,2,3,3,3,91,0,0,[]
343,"[0,1,2,4,6,8]",IFzvvn{DO,II\rd]^nw,2,4,4,4,194,0,0,[]
344,"[3,4,6,8]",IFzvvn{xO,IIMk~~}~_,2,3,3,3,110,0,0,[]
345,"[0,3,4,6,8]",IFzvvn{XO,II^vd]^Nw,2,3,3,3,103,0,0,[]
346,"[1,3,4,6,8]",IFzvvn{hO,II^vd]^Nw,2,3,3,3,103,0,0,[]
347,"[0,1,3,4,6,8]",IFzvvn{HO,II\vd]^Nw,2,3,3,3,81,0,0,[]
348,"[2,3,4,6,8]",IFzvvn{pO,II^vd]^Nw,2,3,3,3,103,0,0,[]
349,"[0,2,3,4,6,8]",IFzvvn{PO,II\vd]^Nw,2,3,3,3,81,0,0,[]
350,"[1,2,3,4,6,8]",IFzvvn{`O,II\vd]^Nw,2,3,3,3,81,0,0,[]
351,"[0,1,2,3,4,6,8]",IFzvvn{@O,II\rd]^Nw,2,4,4,4,174,0,0,[]
352,"[5,6,8]",IFzvvn{}O,I@z~vrV|w,2,3,3,3,106,0,0,[]
353,"[0,5,6,8]",IFzvvn{]O,IIVt|zj}w,2,3,3,3,103,0,0,[]
354,"[1,5,6,8]",IFzvvn{mO,IIVt|zj}w,2,3,3,3,103,0,0,[]
355,"[0,1,5,6,8]",IFzvvn{MO,IBXns~t~W,2,3,3,3,88,0,0,[]
356,"[2,5,6,8]",IFzvvn{uO,IIVt|zj}w,2,3,3,3,103,0,0,[]
357,"[0,2,5,6,8]",IFzvvn{UO,IBXns~t~W,2,3,3,3,88,0,0,[]
358,"[1,2,5,6,8]",IFzvvn{eO,IBXns~t~W,2,3,3,3,88,0,0,[]
359,"[0,1,2,5,6,8]",IFzvvn{EO,I?\rvzu~g,2,4,4,4,195,0,0,[]
360,"[3,5,6,8]",IFzvvn{yO,IiF~vqnNw,2,3,3,3,104,0,0,[]
361,"[0,3,5,6,8]",IFzvvn{YO,IjWm}yvNw,2,3,3,3,98,0,0,[]
362,"[1,3,5,6,8]",IFzvvn{iO,IjWm}yvNw,2,3,3,3,98,0,0,[]
363,"[0,1,3,5,6,8]",IFzvvn{IO,Ii\pm]zNw,2,3,3,3,79,0,0,[]
364,"[2,3,5,6,8]",IFzvvn{qO,IjWm}yvNw,2,3,3,3,98,0,0,[]
365,"[0,2,3,5,6,8]",IFzvvn{QO,Ii\pm]zNw,2,3,3,3,79,0,0,[]
366,"[1,2,3,5,6,8]",IFzvvn{aO,Ii\pm]zNw,2,3,3,3,79,0,0,[]
367,"[0,1,2,3,5,6,8]",IFzvvn{AO,IiPzpyzNw,2,4,4,4,175,0,0,[]
368,"[4,5,6,8]",IFzvvn{{O,IIF~vqnnw,2,3,3,3,92,0,0,[]
369,"[0,4,5,6,8]",IFzvvn{[O,IJWm}yvnw,2,3,3,3,86,0,0,[]
370,"[1,4,5,6,8]",IFzvvn{kO,IJWm}yvnw,2,3,3,3,86,0,0,[]
371,"[0,1,4,5,6,8]",IFzvvn{KO,II\pm]znw,2,3,3,3,64,0,0,[]
372,"[2,4,5,6,8]",IFzvvn{sO,IJWm}yvnw,2,3,3,3,86,0,0,[]
373,"[0,2,4,5,6,8]",IFzvvn{SO,II\pm]znw,2,3,3,3,64,0,0,[]
374,"[1,2,4,5,6,8]",IFzvvn{cO,II\pm]znw,2,3,3,3,64,0,0,[]
375,"[0,1,2,4,5,6,8]",IFzvvn{CO,IIPzpyznw,2,4,4,4,174,0,0,[]
376,"[3,4,5,6,8]",IFzvvn{wO,IIJ~vq^Nw,2,3,3,3,82,0,0,[]
377,"[0,3,4,5,6,8]",IFzvvn{WO,IJWu}w~jw,2,3,3,3,74,0,0,[]
378,"[1,3,4,5,6,8]",IFzvvn{gO,IJWu}w~jw,2,3,3,3,74,0,0,[]
379,"[0,1,3,4,5,6,8]",IFzvvn{GO,II\pu[~lw,2,3,3,3,51,0,0,[]
380,"[2,3,4,5,6,8]",IFzvvn{oO,IJWu}w~jw,2,3,3,3,74,0,0,[]
381,"[0,2,3,4,5,6,8]",IFzvvn{OO,II\pu[~lw,2,3,3,3,51,0,0,[]
382,"[1,2,3,4,5,6,8]",IFzvvn{_O,II\pu[~lw,2,3,3,3,51,0,0,[]
383,"[0,1,2,3,4,5,6,8]",IFzvvn{?O,IIPzpw~mw,2,4,4,4,139,0,0,[]
384,"[7,8]",IFzvvn{~_,IVz`z~]vw,2,3,3,3,117,1,1,"[{""new_list"":[0,1],""family_states"":83,""deletion_rounds"":[14,4,4,2,4],""base_list_coloring_sat"":true,""augmented_x0_list_coloring_sat"":false,""augmentation_sensitive"":true}]"
385,"[0,7,8]",IFzvvn{^_,ISxzu~u|w,2,3,3,3,115,0,0,[]
386,"[1,7,8]",IFzvvn{n_,ISxzu~u|w,2,3,3,3,115,0,0,[]
387,"[0,1,7,8]",IFzvvn{N_,IBZs~^y}w,2,3,3,3,103,0,0,[]
388,"[2,7,8]",IFzvvn{v_,ISxzu~u|w,2,3,3,3,115,1,1,"[{""new_list"":[0,1],""family_states"":83,""deletion_rounds"":[13,4,4,2,4],""base_list_coloring_sat"":true,""augmented_x0_list_coloring_sat"":false,""augmentation_sensitive"":true}]"
389,"[0,2,7,8]",IFzvvn{V_,IBZs~^y}w,2,3,3,3,103,0,0,[]
390,"[1,2,7,8]",IFzvvn{f_,IBZs~^y}w,2,3,3,3,103,0,0,[]
391,"[0,1,2,7,8]",IFzvvn{F_,I?\vvn{~W,2,4,4,4,205,0,0,[]
392,"[3,7,8]",IFzvvn{z_,IBq~V~}~_,2,3,3,3,116,0,0,[]
393,"[0,3,7,8]",IFzvvn{Z_,IjJ]v]}Nw,2,3,3,3,112,0,0,[]
394,"[1,3,7,8]",IFzvvn{j_,IjJ]v]}Nw,2,3,3,3,112,0,0,[]
395,"[0,1,3,7,8]",IFzvvn{J_,Ii[u^m}Nw,2,3,3,3,97,0,0,[]
396,"[2,3,7,8]",IFzvvn{r_,IjJ]v]}Nw,2,3,3,3,112,0,0,[]
397,"[0,2,3,7,8]",IFzvvn{R_,Ii[u^m}Nw,2,3,3,3,97,0,0,[]
398,"[1,2,3,7,8]",IFzvvn{b_,Ii[u^m}Nw,2,3,3,3,97,0,0,[]
399,"[0,1,2,3,7,8]",IFzvvn{B_,IiPxvu}Nw,2,4,4,4,195,0,0,[]
400,"[4,7,8]",IFzvvn{|_,I_~vd|}^w,2,3,3,3,102,0,0,[]
401,"[0,4,7,8]",IFzvvn{\_,IJJ]v]}nw,2,3,3,3,99,0,0,[]
402,"[1,4,7,8]",IFzvvn{l_,IJJ]v]}nw,2,3,3,3,99,0,0,[]
403,"[0,1,4,7,8]",IFzvvn{L_,II[u^m}nw,2,3,3,3,81,0,0,[]
404,"[2,4,7,8]",IFzvvn{t_,IJJ]v]}nw,2,3,3,3,99,0,0,[]
405,"[0,2,4,7,8]",IFzvvn{T_,II[u^m}nw,2,3,3,3,81,0,0,[]
406,"[1,2,4,7,8]",IFzvvn{d_,II[u^m}nw,2,3,3,3,81,0,0,[]
407,"[0,1,2,4,7,8]",IFzvvn{D_,IIPxvu}nw,2,4,4,4,194,0,0,[]
408,"[3,4,7,8]",IFzvvn{x_,IAM~~z{yw,2,3,3,3,97,0,0,[]
409,"[0,3,4,7,8]",IFzvvn{X_,IJJ]v[~ng,2,3,3,3,92,0,0,[]
410,"[1,3,4,7,8]",IFzvvn{h_,IJJ]v[~ng,2,3,3,3,92,0,0,[]
411,"[0,1,3,4,7,8]",IFzvvn{H_,II[u^k~ng,2,3,3,3,72,0,0,[]
412,"[2,3,4,7,8]",IFzvvn{p_,IJJ]v[~ng,2,3,3,3,92,0,0,[]
413,"[0,2,3,4,7,8]",IFzvvn{P_,II[u^k~ng,2,3,3,3,72,0,0,[]
414,"[1,2,3,4,7,8]",IFzvvn{`_,II[u^k~ng,2,3,3,3,72,0,0,[]
415,"[0,1,2,3,4,7,8]",IFzvvn{@_,IIPxvs~ng,2,4,4,4,174,0,0,[]
416,"[5,7,8]",IFzvvn{}_,IPr~vp^|w,2,3,3,3,115,0,0,[]
417,"[0,5,7,8]",IFzvvn{]_,IJVd|zN}w,2,3,3,3,111,0,0,[]
418,"[1,5,7,8]",IFzvvn{m_,IJVd|zN}w,2,3,3,3,111,0,0,[]
419,"[0,1,5,7,8]",IFzvvn{M_,IB\nc~f~W,2,3,3,3,95,0,0,[]
420,"[2,5,7,8]",IFzvvn{u_,IJVd|zN}w,2,3,3,3,111,0,0,[]
421,"[0,2,5,7,8]",IFzvvn{U_,IB\nc~f~W,2,3,3,3,95,0,0,[]
422,"[1,2,5,7,8]",IFzvvn{e_,IB\nc~f~W,2,3,3,3,95,0,0,[]
423,"[0,1,2,5,7,8]",IFzvvn{E_,I?\r~rt~g,2,4,4,4,195,0,0,[]
424,"[3,5,7,8]",IFzvvn{y_,IhF~vrNNw,2,3,3,3,113,0,0,[]
425,"[0,3,5,7,8]",IFzvvn{Y_,IjC}v^mNw,2,3,3,3,106,0,0,[]
426,"[1,3,5,7,8]",IFzvvn{i_,IjC}v^mNw,2,3,3,3,106,0,0,[]
427,"[0,1,3,5,7,8]",IFzvvn{I_,IjWw}vfNw,2,3,3,3,86,0,0,[]
428,"[2,3,5,7,8]",IFzvvn{q_,IjC}v^mNw,2,3,3,3,106,0,0,[]
429,"[0,2,3,5,7,8]",IFzvvn{Q_,IjWw}vfNw,2,3,3,3,86,0,0,[]
430,"[1,2,3,5,7,8]",IFzvvn{a_,IjWw}vfNw,2,3,3,3,86,0,0,[]
431,"[0,1,2,3,5,7,8]",IFzvvn{A_,IjX`w~\Nw,2,4,4,4,175,0,0,[]
432,"[4,5,7,8]",IFzvvn{{_,IHF~vrNnw,2,3,3,3,92,0,0,[]
433,"[0,4,5,7,8]",IFzvvn{[_,IJC}v^mnw,2,3,3,3,86,0,0,[]
434,"[1,4,5,7,8]",IFzvvn{k_,IJC}v^mnw,2,3,3,3,86,0,0,[]
435,"[0,1,4,5,7,8]",IFzvvn{K_,IJWw}vfnw,2,3,3,3,64,0,0,[]
436,"[2,4,5,7,8]",IFzvvn{s_,IJC}v^mnw,2,3,3,3,86,0,0,[]
437,"[0,2,4,5,7,8]",IFzvvn{S_,IJWw}vfnw,2,3,3,3,64,0,0,[]
438,"[1,2,4,5,7,8]",IFzvvn{c_,IJWw}vfnw,2,3,3,3,64,0,0,[]
439,"[0,1,2,4,5,7,8]",IFzvvn{C_,IJX`w~\nw,2,4,4,4,174,0,0,[]
440,"[3,4,5,7,8]",IFzvvn{w_,IHF~vrNNw,2,3,3,3,82,0,0,[]
441,"[0,3,4,5,7,8]",IFzvvn{W_,IJC}v^mNw,2,3,3,3,74,0,0,[]
442,"[1,3,4,5,7,8]",IFzvvn{g_,IJC}v^mNw,2,3,3,3,74,0,0,[]
443,"[0,1,3,4,5,7,8]",IFzvvn{G_,IJWw}vfNw,2,3,3,3,51,0,0,[]
444,"[2,3,4,5,7,8]",IFzvvn{o_,IJC}v^mNw,2,3,3,3,74,0,0,[]
445,"[0,2,3,4,5,7,8]",IFzvvn{O_,IJWw}vfNw,2,3,3,3,51,0,0,[]
446,"[1,2,3,4,5,7,8]",IFzvvn{__,IJWw}vfNw,2,3,3,3,51,0,0,[]
447,"[0,1,2,3,4,5,7,8]",IFzvvn{?_,IJX`w~\Nw,2,4,4,4,138,0,0,[]
448,"[6,7,8]",IFzvvn{~?,I@z~vrV|w,2,3,3,3,106,0,0,[]
449,"[0,6,7,8]",IFzvvn{^?,IIVt|zj}w,2,3,3,3,103,0,0,[]
450,"[1,6,7,8]",IFzvvn{n?,IIVt|zj}w,2,3,3,3,103,0,0,[]
451,"[0,1,6,7,8]",IFzvvn{N?,IBXns~t~W,2,3,3,3,88,0,0,[]
452,"[2,6,7,8]",IFzvvn{v?,IIVt|zj}w,2,3,3,3,103,0,0,[]
453,"[0,2,6,7,8]",IFzvvn{V?,IBXns~t~W,2,3,3,3,88,0,0,[]
454,"[1,2,6,7,8]",IFzvvn{f?,IBXns~t~W,2,3,3,3,88,0,0,[]
455,"[0,1,2,6,7,8]",IFzvvn{F?,I?\rvzu~g,2,4,4,4,195,0,0,[]
456,"[3,6,7,8]",IFzvvn{z?,IiF~vqnNw,2,3,3,3,104,0,0,[]
457,"[0,3,6,7,8]",IFzvvn{Z?,IjWm}yvNw,2,3,3,3,98,0,0,[]
458,"[1,3,6,7,8]",IFzvvn{j?,IjWm}yvNw,2,3,3,3,98,0,0,[]
459,"[0,1,3,6,7,8]",IFzvvn{J?,Ii\pm]zNw,2,3,3,3,79,0,0,[]
460,"[2,3,6,7,8]",IFzvvn{r?,IjWm}yvNw,2,3,3,3,98,0,0,[]
461,"[0,2,3,6,7,8]",IFzvvn{R?,Ii\pm]zNw,2,3,3,3,79,0,0,[]
462,"[1,2,3,6,7,8]",IFzvvn{b?,Ii\pm]zNw,2,3,3,3,79,0,0,[]
463,"[0,1,2,3,6,7,8]",IFzvvn{B?,IiPzpyzNw,2,4,4,4,175,0,0,[]
464,"[4,6,7,8]",IFzvvn{|?,IIF~vqnnw,2,3,3,3,92,0,0,[]
465,"[0,4,6,7,8]",IFzvvn{\?,IJWm}yvnw,2,3,3,3,86,0,0,[]
466,"[1,4,6,7,8]",IFzvvn{l?,IJWm}yvnw,2,3,3,3,86,0,0,[]
467,"[0,1,4,6,7,8]",IFzvvn{L?,II\pm]znw,2,3,3,3,64,0,0,[]
468,"[2,4,6,7,8]",IFzvvn{t?,IJWm}yvnw,2,3,3,3,86,0,0,[]
469,"[0,2,4,6,7,8]",IFzvvn{T?,II\pm]znw,2,3,3,3,64,0,0,[]
470,"[1,2,4,6,7,8]",IFzvvn{d?,II\pm]znw,2,3,3,3,64,0,0,[]
471,"[0,1,2,4,6,7,8]",IFzvvn{D?,IIPzpyznw,2,4,4,4,174,0,0,[]
472,"[3,4,6,7,8]",IFzvvn{x?,IIJ~vq^Nw,2,3,3,3,82,0,0,[]
473,"[0,3,4,6,7,8]",IFzvvn{X?,IJWu}w~jw,2,3,3,3,74,0,0,[]
474,"[1,3,4,6,7,8]",IFzvvn{h?,IJWu}w~jw,2,3,3,3,74,0,0,[]
475,"[0,1,3,4,6,7,8]",IFzvvn{H?,II\pu[~lw,2,3,3,3,51,0,0,[]
476,"[2,3,4,6,7,8]",IFzvvn{p?,IJWu}w~jw,2,3,3,3,74,0,0,[]
477,"[0,2,3,4,6,7,8]",IFzvvn{P?,II\pu[~lw,2,3,3,3,51,0,0,[]
478,"[1,2,3,4,6,7,8]",IFzvvn{`?,II\pu[~lw,2,3,3,3,51,0,0,[]
479,"[0,1,2,3,4,6,7,8]",IFzvvn{@?,IIPzpw~mw,2,4,4,4,139,0,0,[]
480,"[5,6,7,8]",IFzvvn{}?,IANf~z{}w,2,3,3,3,92,0,0,[]
481,"[0,5,6,7,8]",IFzvvn{]?,IIX^d}}~W,2,3,3,3,82,0,0,[]
482,"[1,5,6,7,8]",IFzvvn{m?,IIX^d}}~W,2,3,3,3,82,0,0,[]
483,"[0,1,5,6,7,8]",IFzvvn{M?,IBXX~rf~g,2,3,3,3,57,0,0,[]
484,"[2,5,6,7,8]",IFzvvn{u?,IIX^d}}~W,2,3,3,3,82,0,0,[]
485,"[0,2,5,6,7,8]",IFzvvn{U?,IBXX~rf~g,2,3,3,3,57,0,0,[]
486,"[1,2,5,6,7,8]",IFzvvn{e?,IBXX~rf~g,2,3,3,3,57,0,0,[]
487,"[0,1,2,5,6,7,8]",IFzvvn{E?,IBXax~{~o,2,4,4,4,175,0,0,[]
488,"[3,5,6,7,8]",IFzvvn{y?,IiG^~z{Nw,2,3,3,3,92,0,0,[]
489,"[0,3,5,6,7,8]",IFzvvn{Y?,Ii[g~nuNw,2,3,3,3,82,0,0,[]
490,"[1,3,5,6,7,8]",IFzvvn{i?,Ii[g~nuNw,2,3,3,3,82,0,0,[]
491,"[0,1,3,5,6,7,8]",IFzvvn{I?,Ii\pW~rNw,2,3,3,3,57,0,0,[]
492,"[2,3,5,6,7,8]",IFzvvn{q?,Ii[g~nuNw,2,3,3,3,82,0,0,[]
493,"[0,2,3,5,6,7,8]",IFzvvn{Q?,Ii\pW~rNw,2,3,3,3,57,0,0,[]
494,"[1,2,3,5,6,7,8]",IFzvvn{a?,Ii\pW~rNw,2,3,3,3,57,0,0,[]
495,"[0,1,2,3,5,6,7,8]",IFzvvn{A?,IBXax~{^o,2,4,4,4,140,0,0,[]
496,"[4,5,6,7,8]",IFzvvn{{?,IIG^~z{nw,2,3,4,4,204,0,0,[]
497,"[0,4,5,6,7,8]",IFzvvn{[?,II[g~nunw,2,3,4,4,194,0,0,[]
498,"[1,4,5,6,7,8]",IFzvvn{k?,II[g~nunw,2,3,4,4,194,0,0,[]
499,"[0,1,4,5,6,7,8]",IFzvvn{K?,II\pW~rnw,2,3,4,4,174,0,0,[]
500,"[2,4,5,6,7,8]",IFzvvn{s?,II[g~nunw,2,3,4,4,194,0,0,[]
501,"[0,2,4,5,6,7,8]",IFzvvn{S?,II\pW~rnw,2,3,4,4,174,0,0,[]
502,"[1,2,4,5,6,7,8]",IFzvvn{c?,II\pW~rnw,2,3,4,4,174,0,0,[]
503,"[0,1,2,4,5,6,7,8]",IFzvvn{C?,II\r`[^nw,2,4,4,4,139,0,0,[]
504,"[3,4,5,6,7,8]",IFzvvn{w?,IIG^~z{Nw,2,3,4,4,191,0,0,[]
505,"[0,3,4,5,6,7,8]",IFzvvn{W?,II[g~nuNw,2,3,4,4,172,0,0,[]
506,"[1,3,4,5,6,7,8]",IFzvvn{g?,II[g~nuNw,2,3,4,4,172,0,0,[]
507,"[0,1,3,4,5,6,7,8]",IFzvvn{G?,II\pW~rNw,2,3,4,4,138,0,0,[]
508,"[2,3,4,5,6,7,8]",IFzvvn{o?,II[g~nuNw,2,3,4,4,172,0,0,[]
509,"[0,2,3,4,5,6,7,8]",IFzvvn{O?,II\pW~rNw,2,3,4,4,138,0,0,[]
510,"[1,2,3,4,5,6,7,8]",IFzvvn{_?,II\pW~rNw,2,3,4,4,138,0,0,[]
511,"[0,1,2,3,4,5,6,7,8]",IFzvvn{??,II\r`[^Nw,3,4,4,4,83,0,0,[]
